[32m[Nest] 41956  - [39m06/10/2026 16:10:07 [32m    LOG[39m [38;5;3m[NestFactory] [39m[32mStarting Nest application...[39m
[32m[Nest] 41956  - [39m06/10/2026 16:10:07 [32m    LOG[39m [38;5;3m[InstanceLoader] [39m[32mDiscoveryModule dependencies initialized[39m[38;5;3m +14ms[39m
[32m[Nest] 41956  - [39m06/10/2026 16:10:07 [32m    LOG[39m [38;5;3m[InstanceLoader] [39m[32mAuditModule dependencies initialized[39m[38;5;3m +0ms[39m
[32m[Nest] 41956  - [39m06/10/2026 16:10:07 [32m    LOG[39m [38;5;3m[InstanceLoader] [39m[32mAccessModule dependencies initialized[39m[38;5;3m +1ms[39m
[32m[Nest] 41956  - [39m06/10/2026 16:10:07 [32m    LOG[39m [38;5;3m[InstanceLoader] [39m[32mCorbeilleModule dependencies initialized[39m[38;5;3m +0ms[39m
[32m[Nest] 41956  - [39m06/10/2026 16:10:07 [32m    LOG[39m [38;5;3m[InstanceLoader] [39m[32mRolesModule dependencies initialized[39m[38;5;3m +0ms[39m
[32m[Nest] 41956  - [39m06/10/2026 16:10:07 [32m    LOG[39m [38;5;3m[InstanceLoader] [39m[32mAppModule dependencies initialized[39m[38;5;3m +1ms[39m
[32m[Nest] 41956  - [39m06/10/2026 16:10:07 [32m    LOG[39m [38;5;3m[InstanceLoader] [39m[32mComptesModule dependencies initialized[39m[38;5;3m +0ms[39m
[32m[Nest] 41956  - [39m06/10/2026 16:10:07 [32m    LOG[39m [38;5;3m[InstanceLoader] [39m[32mEmargementModule dependencies initialized[39m[38;5;3m +0ms[39m
[32m[Nest] 41956  - [39m06/10/2026 16:10:07 [32m    LOG[39m [38;5;3m[InstanceLoader] [39m[32mStructureModule dependencies initialized[39m[38;5;3m +0ms[39m
[32m[Nest] 41956  - [39m06/10/2026 16:10:07 [32m    LOG[39m [38;5;3m[InstanceLoader] [39m[32mPlateformeModule dependencies initialized[39m[38;5;3m +0ms[39m
[32m[Nest] 41956  - [39m06/10/2026 16:10:07 [32m    LOG[39m [38;5;3m[InstanceLoader] [39m[32mPersonnesModule dependencies initialized[39m[38;5;3m +1ms[39m
[32m[Nest] 41956  - [39m06/10/2026 16:10:07 [32m    LOG[39m [38;5;3m[RoutesResolver] [39m[32mHealthController {/health}:[39m[38;5;3m +9ms[39m
[32m[Nest] 41956  - [39m06/10/2026 16:10:07 [32m    LOG[39m [38;5;3m[RouterExplorer] [39m[32mMapped {/health, GET} route[39m[38;5;3m +3ms[39m
[32m[Nest] 41956  - [39m06/10/2026 16:10:07 [32m    LOG[39m [38;5;3m[RoutesResolver] [39m[32mSessionController {/api/session}:[39m[38;5;3m +0ms[39m
[32m[Nest] 41956  - [39m06/10/2026 16:10:07 [32m    LOG[39m [38;5;3m[RouterExplorer] [39m[32mMapped {/api/session/contexte, GET} route[39m[38;5;3m +1ms[39m
[32m[Nest] 41956  - [39m06/10/2026 16:10:07 [32m    LOG[39m [38;5;3m[RouterExplorer] [39m[32mMapped {/api/session/ecole, POST} route[39m[38;5;3m +0ms[39m
[32m[Nest] 41956  - [39m06/10/2026 16:10:07 [32m    LOG[39m [38;5;3m[RoutesResolver] [39m[32mAuditController {/api/audit}:[39m[38;5;3m +0ms[39m
[32m[Nest] 41956  - [39m06/10/2026 16:10:07 [32m    LOG[39m [38;5;3m[RouterExplorer] [39m[32mMapped {/api/audit, GET} route[39m[38;5;3m +1ms[39m
[32m[Nest] 41956  - [39m06/10/2026 16:10:07 [32m    LOG[39m [38;5;3m[RouterExplorer] [39m[32mMapped {/api/audit/export, GET} route[39m[38;5;3m +0ms[39m
[32m[Nest] 41956  - [39m06/10/2026 16:10:07 [32m    LOG[39m [38;5;3m[RoutesResolver] [39m[32mComptesController {/api/comptes}:[39m[38;5;3m +0ms[39m
[32m[Nest] 41956  - [39m06/10/2026 16:10:07 [32m    LOG[39m [38;5;3m[RouterExplorer] [39m[32mMapped {/api/comptes/:personneId/desactivation, POST} route[39m[38;5;3m +1ms[39m
[32m[Nest] 41956  - [39m06/10/2026 16:10:07 [32m    LOG[39m [38;5;3m[RouterExplorer] [39m[32mMapped {/api/comptes/:personneId/double-authentification/reinitialisation, POST} route[39m[38;5;3m +0ms[39m
[32m[Nest] 41956  - [39m06/10/2026 16:10:07 [32m    LOG[39m [38;5;3m[RouterExplorer] [39m[32mMapped {/api/comptes/:personneId/reactivation, POST} route[39m[38;5;3m +1ms[39m
[32m[Nest] 41956  - [39m06/10/2026 16:10:07 [32m    LOG[39m [38;5;3m[RouterExplorer] [39m[32mMapped {/api/comptes/:personneId/invitation, POST} route[39m[38;5;3m +0ms[39m
[32m[Nest] 41956  - [39m06/10/2026 16:10:07 [32m    LOG[39m [38;5;3m[RoutesResolver] [39m[32mInvitationsController {/api/invitations}:[39m[38;5;3m +0ms[39m
[32m[Nest] 41956  - [39m06/10/2026 16:10:07 [32m    LOG[39m [38;5;3m[RouterExplorer] [39m[32mMapped {/api/invitations/:jeton, GET} route[39m[38;5;3m +1ms[39m
[32m[Nest] 41956  - [39m06/10/2026 16:10:07 [32m    LOG[39m [38;5;3m[RouterExplorer] [39m[32mMapped {/api/invitations/:jeton/activation, POST} route[39m[38;5;3m +0ms[39m
[32m[Nest] 41956  - [39m06/10/2026 16:10:07 [32m    LOG[39m [38;5;3m[RoutesResolver] [39m[32mCorbeilleController {/api/corbeille}:[39m[38;5;3m +0ms[39m
[32m[Nest] 41956  - [39m06/10/2026 16:10:07 [32m    LOG[39m [38;5;3m[RouterExplorer] [39m[32mMapped {/api/corbeille, GET} route[39m[38;5;3m +0ms[39m
[32m[Nest] 41956  - [39m06/10/2026 16:10:07 [32m    LOG[39m [38;5;3m[RouterExplorer] [39m[32mMapped {/api/corbeille/:type/:id/restauration, POST} route[39m[38;5;3m +1ms[39m
[32m[Nest] 41956  - [39m06/10/2026 16:10:07 [32m    LOG[39m [38;5;3m[RoutesResolver] [39m[32mScanController {/api/emargement}:[39m[38;5;3m +0ms[39m
[32m[Nest] 41956  - [39m06/10/2026 16:10:07 [32m    LOG[39m [38;5;3m[RouterExplorer] [39m[32mMapped {/api/emargement/scan, POST} route[39m[38;5;3m +0ms[39m
[32m[Nest] 41956  - [39m06/10/2026 16:10:07 [32m    LOG[39m [38;5;3m[RouterExplorer] [39m[32mMapped {/api/emargement/code, POST} route[39m[38;5;3m +0ms[39m
[32m[Nest] 41956  - [39m06/10/2026 16:10:07 [32m    LOG[39m [38;5;3m[RoutesResolver] [39m[32mAppelController {/api/seances/:id/appel}:[39m[38;5;3m +0ms[39m
[32m[Nest] 41956  - [39m06/10/2026 16:10:07 [32m    LOG[39m [38;5;3m[RouterExplorer] [39m[32mMapped {/api/seances/:id/appel/ouverture, POST} route[39m[38;5;3m +1ms[39m
[32m[Nest] 41956  - [39m06/10/2026 16:10:07 [32m    LOG[39m [38;5;3m[RouterExplorer] [39m[32mMapped {/api/seances/:id/appel, GET} route[39m[38;5;3m +0ms[39m
[32m[Nest] 41956  - [39m06/10/2026 16:10:07 [32m    LOG[39m [38;5;3m[RoutesResolver] [39m[32mSeancesController {/api}:[39m[38;5;3m +0ms[39m
[32m[Nest] 41956  - [39m06/10/2026 16:10:07 [32m    LOG[39m [38;5;3m[RouterExplorer] [39m[32mMapped {/api/seances, GET} route[39m[38;5;3m +1ms[39m
[32m[Nest] 41956  - [39m06/10/2026 16:10:07 [32m    LOG[39m [38;5;3m[RouterExplorer] [39m[32mMapped {/api/moi/seances, GET} route[39m[38;5;3m +0ms[39m
[32m[Nest] 41956  - [39m06/10/2026 16:10:07 [32m    LOG[39m [38;5;3m[RoutesResolver] [39m[32mActionsController {/api/personnes}:[39m[38;5;3m +0ms[39m
[32m[Nest] 41956  - [39m06/10/2026 16:10:07 [32m    LOG[39m [38;5;3m[RouterExplorer] [39m[32mMapped {/api/personnes/actions, POST} route[39m[38;5;3m +0ms[39m
[32m[Nest] 41956  - [39m06/10/2026 16:10:07 [32m    LOG[39m [38;5;3m[RouterExplorer] [39m[32mMapped {/api/personnes/export, GET} route[39m[38;5;3m +1ms[39m
[32m[Nest] 41956  - [39m06/10/2026 16:10:07 [32m    LOG[39m [38;5;3m[RoutesResolver] [39m[32mPersonnesController {/api/personnes}:[39m[38;5;3m +0ms[39m
[32m[Nest] 41956  - [39m06/10/2026 16:10:07 [32m    LOG[39m [38;5;3m[RouterExplorer] [39m[32mMapped {/api/personnes, GET} route[39m[38;5;3m +1ms[39m
[32m[Nest] 41956  - [39m06/10/2026 16:10:07 [32m    LOG[39m [38;5;3m[RouterExplorer] [39m[32mMapped {/api/personnes, POST} route[39m[38;5;3m +0ms[39m
[32m[Nest] 41956  - [39m06/10/2026 16:10:07 [32m    LOG[39m [38;5;3m[RouterExplorer] [39m[32mMapped {/api/personnes/:id, GET} route[39m[38;5;3m +0ms[39m
[32m[Nest] 41956  - [39m06/10/2026 16:10:07 [32m    LOG[39m [38;5;3m[RouterExplorer] [39m[32mMapped {/api/personnes/:id, PATCH} route[39m[38;5;3m +1ms[39m
[32m[Nest] 41956  - [39m06/10/2026 16:10:07 [32m    LOG[39m [38;5;3m[RouterExplorer] [39m[32mMapped {/api/personnes/:id, DELETE} route[39m[38;5;3m +0ms[39m
[32m[Nest] 41956  - [39m06/10/2026 16:10:07 [32m    LOG[39m [38;5;3m[RoutesResolver] [39m[32mPhotosController {/api/personnes/:id/photo}:[39m[38;5;3m +0ms[39m
[32m[Nest] 41956  - [39m06/10/2026 16:10:07 [32m    LOG[39m [38;5;3m[RouterExplorer] [39m[32mMapped {/api/personnes/:id/photo, PUT} route[39m[38;5;3m +0ms[39m
[32m[Nest] 41956  - [39m06/10/2026 16:10:07 [32m    LOG[39m [38;5;3m[RouterExplorer] [39m[32mMapped {/api/personnes/:id/photo/decision, POST} route[39m[38;5;3m +1ms[39m
[32m[Nest] 41956  - [39m06/10/2026 16:10:07 [32m    LOG[39m [38;5;3m[RouterExplorer] [39m[32mMapped {/api/personnes/:id/photo, GET} route[39m[38;5;3m +0ms[39m
[32m[Nest] 41956  - [39m06/10/2026 16:10:07 [32m    LOG[39m [38;5;3m[RoutesResolver] [39m[32mMaPhotoController {/api/moi/photo}:[39m[38;5;3m +0ms[39m
[32m[Nest] 41956  - [39m06/10/2026 16:10:07 [32m    LOG[39m [38;5;3m[RouterExplorer] [39m[32mMapped {/api/moi/photo, GET} route[39m[38;5;3m +0ms[39m
[32m[Nest] 41956  - [39m06/10/2026 16:10:07 [32m    LOG[39m [38;5;3m[RouterExplorer] [39m[32mMapped {/api/moi/photo, PUT} route[39m[38;5;3m +0ms[39m
[32m[Nest] 41956  - [39m06/10/2026 16:10:07 [32m    LOG[39m [38;5;3m[RouterExplorer] [39m[32mMapped {/api/moi/photo/image, GET} route[39m[38;5;3m +1ms[39m
[32m[Nest] 41956  - [39m06/10/2026 16:10:07 [32m    LOG[39m [38;5;3m[RoutesResolver] [39m[32mImportPhotosController {/api/photos/import}:[39m[38;5;3m +0ms[39m
[32m[Nest] 41956  - [39m06/10/2026 16:10:07 [32m    LOG[39m [38;5;3m[RouterExplorer] [39m[32mMapped {/api/photos/import, POST} route[39m[38;5;3m +0ms[39m
[32m[Nest] 41956  - [39m06/10/2026 16:10:07 [32m    LOG[39m [38;5;3m[RoutesResolver] [39m[32mAttributionsController {/api}:[39m[38;5;3m +0ms[39m
[32m[Nest] 41956  - [39m06/10/2026 16:10:07 [32m    LOG[39m [38;5;3m[RouterExplorer] [39m[32mMapped {/api/personnes/:id/attributions, GET} route[39m[38;5;3m +0ms[39m
[32m[Nest] 41956  - [39m06/10/2026 16:10:07 [32m    LOG[39m [38;5;3m[RouterExplorer] [39m[32mMapped {/api/personnes/:id/attributions, POST} route[39m[38;5;3m +1ms[39m
[32m[Nest] 41956  - [39m06/10/2026 16:10:07 [32m    LOG[39m [38;5;3m[RouterExplorer] [39m[32mMapped {/api/attributions/:id/retrait, POST} route[39m[38;5;3m +0ms[39m
[32m[Nest] 41956  - [39m06/10/2026 16:10:07 [32m    LOG[39m [38;5;3m[RoutesResolver] [39m[32mImportsController {/api/imports}:[39m[38;5;3m +0ms[39m
[32m[Nest] 41956  - [39m06/10/2026 16:10:07 [32m    LOG[39m [38;5;3m[RouterExplorer] [39m[32mMapped {/api/imports, POST} route[39m[38;5;3m +0ms[39m
[32m[Nest] 41956  - [39m06/10/2026 16:10:07 [32m    LOG[39m [38;5;3m[RouterExplorer] [39m[32mMapped {/api/imports/:id, GET} route[39m[38;5;3m +0ms[39m
[32m[Nest] 41956  - [39m06/10/2026 16:10:07 [32m    LOG[39m [38;5;3m[RouterExplorer] [39m[32mMapped {/api/imports/:id/correspondance, PUT} route[39m[38;5;3m +1ms[39m
[32m[Nest] 41956  - [39m06/10/2026 16:10:07 [32m    LOG[39m [38;5;3m[RouterExplorer] [39m[32mMapped {/api/imports/:id/validation, POST} route[39m[38;5;3m +0ms[39m
[32m[Nest] 41956  - [39m06/10/2026 16:10:07 [32m    LOG[39m [38;5;3m[RouterExplorer] [39m[32mMapped {/api/imports/:id/annulation, POST} route[39m[38;5;3m +1ms[39m
[32m[Nest] 41956  - [39m06/10/2026 16:10:07 [32m    LOG[39m [38;5;3m[RouterExplorer] [39m[32mMapped {/api/imports/:id/rapport, GET} route[39m[38;5;3m +0ms[39m
[32m[Nest] 41956  - [39m06/10/2026 16:10:07 [32m    LOG[39m [38;5;3m[RoutesResolver] [39m[32mRolesController {/api/roles}:[39m[38;5;3m +0ms[39m
[32m[Nest] 41956  - [39m06/10/2026 16:10:07 [32m    LOG[39m [38;5;3m[RouterExplorer] [39m[32mMapped {/api/roles, GET} route[39m[38;5;3m +0ms[39m
[32m[Nest] 41956  - [39m06/10/2026 16:10:07 [32m    LOG[39m [38;5;3m[RouterExplorer] [39m[32mMapped {/api/roles, POST} route[39m[38;5;3m +1ms[39m
[32m[Nest] 41956  - [39m06/10/2026 16:10:07 [32m    LOG[39m [38;5;3m[RouterExplorer] [39m[32mMapped {/api/roles/:id, PATCH} route[39m[38;5;3m +0ms[39m
[32m[Nest] 41956  - [39m06/10/2026 16:10:07 [32m    LOG[39m [38;5;3m[RouterExplorer] [39m[32mMapped {/api/roles/:id, DELETE} route[39m[38;5;3m +0ms[39m
[32m[Nest] 41956  - [39m06/10/2026 16:10:07 [32m    LOG[39m [38;5;3m[RoutesResolver] [39m[32mOrganisationController {/api}:[39m[38;5;3m +0ms[39m
[32m[Nest] 41956  - [39m06/10/2026 16:10:07 [32m    LOG[39m [38;5;3m[RouterExplorer] [39m[32mMapped {/api/organisation, GET} route[39m[38;5;3m +1ms[39m
[32m[Nest] 41956  - [39m06/10/2026 16:10:07 [32m    LOG[39m [38;5;3m[RouterExplorer] [39m[32mMapped {/api/organisation, PATCH} route[39m[38;5;3m +0ms[39m
[32m[Nest] 41956  - [39m06/10/2026 16:10:07 [32m    LOG[39m [38;5;3m[RouterExplorer] [39m[32mMapped {/api/etablissements, POST} route[39m[38;5;3m +0ms[39m
[32m[Nest] 41956  - [39m06/10/2026 16:10:07 [32m    LOG[39m [38;5;3m[RouterExplorer] [39m[32mMapped {/api/etablissements/:id, PATCH} route[39m[38;5;3m +0ms[39m
[32m[Nest] 41956  - [39m06/10/2026 16:10:07 [32m    LOG[39m [38;5;3m[RouterExplorer] [39m[32mMapped {/api/etablissements/:id/archivage, POST} route[39m[38;5;3m +1ms[39m
[32m[Nest] 41956  - [39m06/10/2026 16:10:07 [32m    LOG[39m [38;5;3m[RouterExplorer] [39m[32mMapped {/api/etablissements/:id/reactivation, POST} route[39m[38;5;3m +0ms[39m
[32m[Nest] 41956  - [39m06/10/2026 16:10:07 [32m    LOG[39m [38;5;3m[RoutesResolver] [39m[32mCalendrierController {/api}:[39m[38;5;3m +0ms[39m
[32m[Nest] 41956  - [39m06/10/2026 16:10:07 [32m    LOG[39m [38;5;3m[RouterExplorer] [39m[32mMapped {/api/annees, GET} route[39m[38;5;3m +1ms[39m
[32m[Nest] 41956  - [39m06/10/2026 16:10:07 [32m    LOG[39m [38;5;3m[RouterExplorer] [39m[32mMapped {/api/annees/:id, GET} route[39m[38;5;3m +0ms[39m
[32m[Nest] 41956  - [39m06/10/2026 16:10:07 [32m    LOG[39m [38;5;3m[RouterExplorer] [39m[32mMapped {/api/annees/:id/duplication, GET} route[39m[38;5;3m +1ms[39m
[32m[Nest] 41956  - [39m06/10/2026 16:10:07 [32m    LOG[39m [38;5;3m[RouterExplorer] [39m[32mMapped {/api/annees, POST} route[39m[38;5;3m +0ms[39m
[32m[Nest] 41956  - [39m06/10/2026 16:10:07 [32m    LOG[39m [38;5;3m[RouterExplorer] [39m[32mMapped {/api/annees/:id, PATCH} route[39m[38;5;3m +0ms[39m
[32m[Nest] 41956  - [39m06/10/2026 16:10:07 [32m    LOG[39m [38;5;3m[RouterExplorer] [39m[32mMapped {/api/annees/:id, DELETE} route[39m[38;5;3m +1ms[39m
[32m[Nest] 41956  - [39m06/10/2026 16:10:07 [32m    LOG[39m [38;5;3m[RouterExplorer] [39m[32mMapped {/api/annees/:id/fermetures, POST} route[39m[38;5;3m +0ms[39m
[32m[Nest] 41956  - [39m06/10/2026 16:10:07 [32m    LOG[39m [38;5;3m[RouterExplorer] [39m[32mMapped {/api/fermetures/:id, PUT} route[39m[38;5;3m +0ms[39m
[32m[Nest] 41956  - [39m06/10/2026 16:10:07 [32m    LOG[39m [38;5;3m[RouterExplorer] [39m[32mMapped {/api/fermetures/:id, DELETE} route[39m[38;5;3m +1ms[39m
[32m[Nest] 41956  - [39m06/10/2026 16:10:07 [32m    LOG[39m [38;5;3m[RoutesResolver] [39m[32mApparenceController {/api}:[39m[38;5;3m +0ms[39m
[32m[Nest] 41956  - [39m06/10/2026 16:10:07 [32m    LOG[39m [38;5;3m[RouterExplorer] [39m[32mMapped {/api/apparence, GET} route[39m[38;5;3m +0ms[39m
[32m[Nest] 41956  - [39m06/10/2026 16:10:07 [32m    LOG[39m [38;5;3m[RouterExplorer] [39m[32mMapped {/api/apparence, PATCH} route[39m[38;5;3m +0ms[39m
[32m[Nest] 41956  - [39m06/10/2026 16:10:07 [32m    LOG[39m [38;5;3m[RouterExplorer] [39m[32mMapped {/api/apparence/logo, PUT} route[39m[38;5;3m +0ms[39m
[32m[Nest] 41956  - [39m06/10/2026 16:10:07 [32m    LOG[39m [38;5;3m[RouterExplorer] [39m[32mMapped {/api/apparence/logo, DELETE} route[39m[38;5;3m +1ms[39m
[32m[Nest] 41956  - [39m06/10/2026 16:10:07 [32m    LOG[39m [38;5;3m[RouterExplorer] [39m[32mMapped {/api/ecoles/:id/logo, GET} route[39m[38;5;3m +0ms[39m
[32m[Nest] 41956  - [39m06/10/2026 16:10:07 [32m    LOG[39m [38;5;3m[RoutesResolver] [39m[32mDemarrageController {/api/demarrage}:[39m[38;5;3m +0ms[39m
[32m[Nest] 41956  - [39m06/10/2026 16:10:07 [32m    LOG[39m [38;5;3m[RouterExplorer] [39m[32mMapped {/api/demarrage, GET} route[39m[38;5;3m +0ms[39m
[32m[Nest] 41956  - [39m06/10/2026 16:10:07 [32m    LOG[39m [38;5;3m[RouterExplorer] [39m[32mMapped {/api/demarrage/etapes/:etape, PUT} route[39m[38;5;3m +1ms[39m
[32m[Nest] 41956  - [39m06/10/2026 16:10:07 [32m    LOG[39m [38;5;3m[RoutesResolver] [39m[32mClientsController {/api/plateforme/clients}:[39m[38;5;3m +0ms[39m
[32m[Nest] 41956  - [39m06/10/2026 16:10:07 [32m    LOG[39m [38;5;3m[RouterExplorer] [39m[32mMapped {/api/plateforme/clients, GET} route[39m[38;5;3m +0ms[39m
[32m[Nest] 41956  - [39m06/10/2026 16:10:07 [32m    LOG[39m [38;5;3m[RouterExplorer] [39m[32mMapped {/api/plateforme/clients, POST} route[39m[38;5;3m +0ms[39m
[32m[Nest] 41956  - [39m06/10/2026 16:10:07 [32m    LOG[39m [38;5;3m[RouterExplorer] [39m[32mMapped {/api/plateforme/clients/:id, GET} route[39m[38;5;3m +1ms[39m
[32m[Nest] 41956  - [39m06/10/2026 16:10:07 [32m    LOG[39m [38;5;3m[RouterExplorer] [39m[32mMapped {/api/plateforme/clients/:id/etat, POST} route[39m[38;5;3m +0ms[39m
[32m[Nest] 41956  - [39m06/10/2026 16:10:07 [32m    LOG[39m [38;5;3m[RouterExplorer] [39m[32mMapped {/api/plateforme/clients/:id/modules, PUT} route[39m[38;5;3m +0ms[39m
[32m[Nest] 41956  - [39m06/10/2026 16:10:07 [32m    LOG[39m [38;5;3m[RoutesResolver] [39m[32mMoiController {/api/plateforme/moi}:[39m[38;5;3m +0ms[39m
[32m[Nest] 41956  - [39m06/10/2026 16:10:07 [32m    LOG[39m [38;5;3m[RouterExplorer] [39m[32mMapped {/api/plateforme/moi, GET} route[39m[38;5;3m +1ms[39m
[32m[Nest] 41956  - [39m06/10/2026 16:10:07 [32m    LOG[39m [38;5;3m[NestApplication] [39m[32mNest application successfully started[39m[38;5;3m +2ms[39m
[ioredis] Unhandled error event: Error: write ECONNABORTED
    at afterWriteDispatched (node:internal/stream_base_commons:159:15)
    at writeGeneric (node:internal/stream_base_commons:150:3)
    at Socket._writeGeneric (node:net:1026:11)
    at Socket._write (node:net:1038:8)
    at writeOrBuffer (node:internal/streams/writable:570:12)
    at _write (node:internal/streams/writable:499:10)
    at Writable.write (node:internal/streams/writable:508:10)
    at EventEmitter.sendCommand (C:\Users\kylia\Documents\DEV\school\node_modules\.pnpm\ioredis@6.0.0_supports-color@7.2.0\node_modules\ioredis\built\Redis.js:447:29)
    at EventEmitter.client (C:\Users\kylia\Documents\DEV\school\node_modules\.pnpm\ioredis@6.0.0_supports-color@7.2.0\node_modules\ioredis\built\utils\Commander.js:90:25)
    at send (C:\Users\kylia\Documents\DEV\school\node_modules\.pnpm\ioredis@6.0.0_supports-color@7.2.0\node_modules\ioredis\built\redis\event_handler.js:70:30)
[ioredis] Unhandled error event: AggregateError [ECONNREFUSED]: 
    at internalConnectMultiple (node:net:1194:18)
    at afterConnectMultiple (node:net:1784:7)
[ioredis] Unhandled error event: AggregateError [ECONNREFUSED]: 
    at internalConnectMultiple (node:net:1194:18)
    at afterConnectMultiple (node:net:1784:7)
[ioredis] Unhandled error event: AggregateError [ECONNREFUSED]: 
    at internalConnectMultiple (node:net:1194:18)
    at afterConnectMultiple (node:net:1784:7)
[ioredis] Unhandled error event: AggregateError [ECONNREFUSED]: 
    at internalConnectMultiple (node:net:1194:18)
    at afterConnectMultiple (node:net:1784:7)
[ioredis] Unhandled error event: AggregateError [ECONNREFUSED]: 
    at internalConnectMultiple (node:net:1194:18)
    at afterConnectMultiple (node:net:1784:7)
[31m[Nest] 41956  - [39m06/10/2026 16:17:29 [31m  ERROR[39m [38;5;3m[Emargement] [39m[31mÉmargement en mode dégradé : Valkey indisponible, écriture directe en base.[39m
[31m[Nest] 41956  - [39m06/10/2026 16:17:29 [31m  ERROR[39m [38;5;3m[Emargement] [39m[31mÉmargement en mode dégradé : Valkey indisponible, écriture directe en base.[39m
[31m[Nest] 41956  - [39m06/10/2026 16:17:29 [31m  ERROR[39m [38;5;3m[Emargement] [39m[31mÉmargement en mode dégradé : Valkey indisponible, écriture directe en base.[39m
[31m[Nest] 41956  - [39m06/10/2026 16:17:29 [31m  ERROR[39m [38;5;3m[Emargement] [39m[31mÉmargement en mode dégradé : Valkey indisponible, écriture directe en base.[39m
[31m[Nest] 41956  - [39m06/10/2026 16:17:30 [31m  ERROR[39m [38;5;3m[Emargement] [39m[31mÉmargement en mode dégradé : Valkey indisponible, écriture directe en base.[39m
[31m[Nest] 41956  - [39m06/10/2026 16:17:30 [31m  ERROR[39m [38;5;3m[Emargement] [39m[31mÉmargement en mode dégradé : Valkey indisponible, écriture directe en base.[39m
[31m[Nest] 41956  - [39m06/10/2026 16:17:30 [31m  ERROR[39m [38;5;3m[Emargement] [39m[31mÉmargement en mode dégradé : Valkey indisponible, écriture directe en base.[39m
[31m[Nest] 41956  - [39m06/10/2026 16:17:30 [31m  ERROR[39m [38;5;3m[Emargement] [39m[31mÉmargement en mode dégradé : Valkey indisponible, écriture directe en base.[39m
[31m[Nest] 41956  - [39m06/10/2026 16:17:30 [31m  ERROR[39m [38;5;3m[Emargement] [39m[31mÉmargement en mode dégradé : Valkey indisponible, écriture directe en base.[39m
[31m[Nest] 41956  - [39m06/10/2026 16:17:30 [31m  ERROR[39m [38;5;3m[Emargement] [39m[31mÉmargement en mode dégradé : Valkey indisponible, écriture directe en base.[39m
[31m[Nest] 41956  - [39m06/10/2026 16:17:30 [31m  ERROR[39m [38;5;3m[Emargement] [39m[31mÉmargement en mode dégradé : Valkey indisponible, écriture directe en base.[39m
[31m[Nest] 41956  - [39m06/10/2026 16:17:30 [31m  ERROR[39m [38;5;3m[Emargement] [39m[31mÉmargement en mode dégradé : Valkey indisponible, écriture directe en base.[39m
[31m[Nest] 41956  - [39m06/10/2026 16:17:30 [31m  ERROR[39m [38;5;3m[Emargement] [39m[31mÉmargement en mode dégradé : Valkey indisponible, écriture directe en base.[39m
[31m[Nest] 41956  - [39m06/10/2026 16:17:30 [31m  ERROR[39m [38;5;3m[Emargement] [39m[31mÉmargement en mode dégradé : Valkey indisponible, écriture directe en base.[39m
[31m[Nest] 41956  - [39m06/10/2026 16:17:30 [31m  ERROR[39m [38;5;3m[Emargement] [39m[31mÉmargement en mode dégradé : Valkey indisponible, écriture directe en base.[39m
[31m[Nest] 41956  - [39m06/10/2026 16:17:30 [31m  ERROR[39m [38;5;3m[Emargement] [39m[31mÉmargement en mode dégradé : Valkey indisponible, écriture directe en base.[39m
[31m[Nest] 41956  - [39m06/10/2026 16:17:30 [31m  ERROR[39m [38;5;3m[Emargement] [39m[31mÉmargement en mode dégradé : Valkey indisponible, écriture directe en base.[39m
[31m[Nest] 41956  - [39m06/10/2026 16:17:30 [31m  ERROR[39m [38;5;3m[Emargement] [39m[31mÉmargement en mode dégradé : Valkey indisponible, écriture directe en base.[39m
[31m[Nest] 41956  - [39m06/10/2026 16:17:30 [31m  ERROR[39m [38;5;3m[Emargement] [39m[31mÉmargement en mode dégradé : Valkey indisponible, écriture directe en base.[39m
[31m[Nest] 41956  - [39m06/10/2026 16:17:30 [31m  ERROR[39m [38;5;3m[Emargement] [39m[31mÉmargement en mode dégradé : Valkey indisponible, écriture directe en base.[39m
[31m[Nest] 41956  - [39m06/10/2026 16:17:30 [31m  ERROR[39m [38;5;3m[Emargement] [39m[31mÉmargement en mode dégradé : Valkey indisponible, écriture directe en base.[39m
[31m[Nest] 41956  - [39m06/10/2026 16:17:30 [31m  ERROR[39m [38;5;3m[Emargement] [39m[31mÉmargement en mode dégradé : Valkey indisponible, écriture directe en base.[39m
[31m[Nest] 41956  - [39m06/10/2026 16:17:30 [31m  ERROR[39m [38;5;3m[Emargement] [39m[31mÉmargement en mode dégradé : Valkey indisponible, écriture directe en base.[39m
[31m[Nest] 41956  - [39m06/10/2026 16:17:30 [31m  ERROR[39m [38;5;3m[Emargement] [39m[31mÉmargement en mode dégradé : Valkey indisponible, écriture directe en base.[39m
[31m[Nest] 41956  - [39m06/10/2026 16:17:30 [31m  ERROR[39m [38;5;3m[Emargement] [39m[31mÉmargement en mode dégradé : Valkey indisponible, écriture directe en base.[39m
[31m[Nest] 41956  - [39m06/10/2026 16:17:30 [31m  ERROR[39m [38;5;3m[Emargement] [39m[31mÉmargement en mode dégradé : Valkey indisponible, écriture directe en base.[39m
[31m[Nest] 41956  - [39m06/10/2026 16:17:30 [31m  ERROR[39m [38;5;3m[Emargement] [39m[31mÉmargement en mode dégradé : Valkey indisponible, écriture directe en base.[39m
[31m[Nest] 41956  - [39m06/10/2026 16:17:30 [31m  ERROR[39m [38;5;3m[Emargement] [39m[31mÉmargement en mode dégradé : Valkey indisponible, écriture directe en base.[39m
[31m[Nest] 41956  - [39m06/10/2026 16:17:30 [31m  ERROR[39m [38;5;3m[Emargement] [39m[31mÉmargement en mode dégradé : Valkey indisponible, écriture directe en base.[39m
[31m[Nest] 41956  - [39m06/10/2026 16:17:30 [31m  ERROR[39m [38;5;3m[Emargement] [39m[31mÉmargement en mode dégradé : Valkey indisponible, écriture directe en base.[39m
[31m[Nest] 41956  - [39m06/10/2026 16:17:30 [31m  ERROR[39m [38;5;3m[Emargement] [39m[31mÉmargement en mode dégradé : Valkey indisponible, écriture directe en base.[39m
[31m[Nest] 41956  - [39m06/10/2026 16:17:30 [31m  ERROR[39m [38;5;3m[Emargement] [39m[31mÉmargement en mode dégradé : Valkey indisponible, écriture directe en base.[39m
[31m[Nest] 41956  - [39m06/10/2026 16:17:30 [31m  ERROR[39m [38;5;3m[Emargement] [39m[31mÉmargement en mode dégradé : Valkey indisponible, écriture directe en base.[39m
[31m[Nest] 41956  - [39m06/10/2026 16:17:30 [31m  ERROR[39m [38;5;3m[Emargement] [39m[31mÉmargement en mode dégradé : Valkey indisponible, écriture directe en base.[39m
[31m[Nest] 41956  - [39m06/10/2026 16:17:30 [31m  ERROR[39m [38;5;3m[Emargement] [39m[31mÉmargement en mode dégradé : Valkey indisponible, écriture directe en base.[39m
[31m[Nest] 41956  - [39m06/10/2026 16:17:30 [31m  ERROR[39m [38;5;3m[Emargement] [39m[31mÉmargement en mode dégradé : Valkey indisponible, écriture directe en base.[39m
[31m[Nest] 41956  - [39m06/10/2026 16:17:30 [31m  ERROR[39m [38;5;3m[Emargement] [39m[31mÉmargement en mode dégradé : Valkey indisponible, écriture directe en base.[39m
[31m[Nest] 41956  - [39m06/10/2026 16:17:30 [31m  ERROR[39m [38;5;3m[Emargement] [39m[31mÉmargement en mode dégradé : Valkey indisponible, écriture directe en base.[39m
[31m[Nest] 41956  - [39m06/10/2026 16:17:30 [31m  ERROR[39m [38;5;3m[Emargement] [39m[31mÉmargement en mode dégradé : Valkey indisponible, écriture directe en base.[39m
[31m[Nest] 41956  - [39m06/10/2026 16:17:30 [31m  ERROR[39m [38;5;3m[Emargement] [39m[31mÉmargement en mode dégradé : Valkey indisponible, écriture directe en base.[39m
[31m[Nest] 41956  - [39m06/10/2026 16:17:30 [31m  ERROR[39m [38;5;3m[Emargement] [39m[31mÉmargement en mode dégradé : Valkey indisponible, écriture directe en base.[39m
[31m[Nest] 41956  - [39m06/10/2026 16:17:30 [31m  ERROR[39m [38;5;3m[Emargement] [39m[31mÉmargement en mode dégradé : Valkey indisponible, écriture directe en base.[39m
[31m[Nest] 41956  - [39m06/10/2026 16:17:30 [31m  ERROR[39m [38;5;3m[Emargement] [39m[31mÉmargement en mode dégradé : Valkey indisponible, écriture directe en base.[39m
[31m[Nest] 41956  - [39m06/10/2026 16:17:30 [31m  ERROR[39m [38;5;3m[Emargement] [39m[31mÉmargement en mode dégradé : Valkey indisponible, écriture directe en base.[39m
[31m[Nest] 41956  - [39m06/10/2026 16:17:30 [31m  ERROR[39m [38;5;3m[Emargement] [39m[31mÉmargement en mode dégradé : Valkey indisponible, écriture directe en base.[39m
[31m[Nest] 41956  - [39m06/10/2026 16:17:31 [31m  ERROR[39m [38;5;3m[Emargement] [39m[31mÉmargement en mode dégradé : Valkey indisponible, écriture directe en base.[39m
[31m[Nest] 41956  - [39m06/10/2026 16:17:31 [31m  ERROR[39m [38;5;3m[Emargement] [39m[31mÉmargement en mode dégradé : Valkey indisponible, écriture directe en base.[39m
[31m[Nest] 41956  - [39m06/10/2026 16:17:31 [31m  ERROR[39m [38;5;3m[Emargement] [39m[31mÉmargement en mode dégradé : Valkey indisponible, écriture directe en base.[39m
[31m[Nest] 41956  - [39m06/10/2026 16:17:31 [31m  ERROR[39m [38;5;3m[Emargement] [39m[31mÉmargement en mode dégradé : Valkey indisponible, écriture directe en base.[39m
[31m[Nest] 41956  - [39m06/10/2026 16:17:31 [31m  ERROR[39m [38;5;3m[Emargement] [39m[31mÉmargement en mode dégradé : Valkey indisponible, écriture directe en base.[39m
[31m[Nest] 41956  - [39m06/10/2026 16:17:31 [31m  ERROR[39m [38;5;3m[Emargement] [39m[31mÉmargement en mode dégradé : Valkey indisponible, écriture directe en base.[39m
[31m[Nest] 41956  - [39m06/10/2026 16:17:31 [31m  ERROR[39m [38;5;3m[Emargement] [39m[31mÉmargement en mode dégradé : Valkey indisponible, écriture directe en base.[39m
[31m[Nest] 41956  - [39m06/10/2026 16:17:31 [31m  ERROR[39m [38;5;3m[Emargement] [39m[31mÉmargement en mode dégradé : Valkey indisponible, écriture directe en base.[39m
[31m[Nest] 41956  - [39m06/10/2026 16:17:31 [31m  ERROR[39m [38;5;3m[Emargement] [39m[31mÉmargement en mode dégradé : Valkey indisponible, écriture directe en base.[39m
[31m[Nest] 41956  - [39m06/10/2026 16:17:31 [31m  ERROR[39m [38;5;3m[Emargement] [39m[31mÉmargement en mode dégradé : Valkey indisponible, écriture directe en base.[39m
[31m[Nest] 41956  - [39m06/10/2026 16:17:31 [31m  ERROR[39m [38;5;3m[Emargement] [39m[31mÉmargement en mode dégradé : Valkey indisponible, écriture directe en base.[39m
[31m[Nest] 41956  - [39m06/10/2026 16:17:31 [31m  ERROR[39m [38;5;3m[Emargement] [39m[31mÉmargement en mode dégradé : Valkey indisponible, écriture directe en base.[39m
[31m[Nest] 41956  - [39m06/10/2026 16:17:31 [31m  ERROR[39m [38;5;3m[Emargement] [39m[31mÉmargement en mode dégradé : Valkey indisponible, écriture directe en base.[39m
[31m[Nest] 41956  - [39m06/10/2026 16:17:31 [31m  ERROR[39m [38;5;3m[Emargement] [39m[31mÉmargement en mode dégradé : Valkey indisponible, écriture directe en base.[39m
[31m[Nest] 41956  - [39m06/10/2026 16:17:31 [31m  ERROR[39m [38;5;3m[Emargement] [39m[31mÉmargement en mode dégradé : Valkey indisponible, écriture directe en base.[39m
[31m[Nest] 41956  - [39m06/10/2026 16:17:31 [31m  ERROR[39m [38;5;3m[Emargement] [39m[31mÉmargement en mode dégradé : Valkey indisponible, écriture directe en base.[39m
[31m[Nest] 41956  - [39m06/10/2026 16:17:31 [31m  ERROR[39m [38;5;3m[Emargement] [39m[31mÉmargement en mode dégradé : Valkey indisponible, écriture directe en base.[39m
[31m[Nest] 41956  - [39m06/10/2026 16:17:31 [31m  ERROR[39m [38;5;3m[Emargement] [39m[31mÉmargement en mode dégradé : Valkey indisponible, écriture directe en base.[39m
[31m[Nest] 41956  - [39m06/10/2026 16:17:31 [31m  ERROR[39m [38;5;3m[Emargement] [39m[31mÉmargement en mode dégradé : Valkey indisponible, écriture directe en base.[39m
[31m[Nest] 41956  - [39m06/10/2026 16:17:31 [31m  ERROR[39m [38;5;3m[Emargement] [39m[31mÉmargement en mode dégradé : Valkey indisponible, écriture directe en base.[39m
[31m[Nest] 41956  - [39m06/10/2026 16:17:31 [31m  ERROR[39m [38;5;3m[Emargement] [39m[31mÉmargement en mode dégradé : Valkey indisponible, écriture directe en base.[39m
[31m[Nest] 41956  - [39m06/10/2026 16:17:31 [31m  ERROR[39m [38;5;3m[Emargement] [39m[31mÉmargement en mode dégradé : Valkey indisponible, écriture directe en base.[39m
[31m[Nest] 41956  - [39m06/10/2026 16:17:31 [31m  ERROR[39m [38;5;3m[Emargement] [39m[31mÉmargement en mode dégradé : Valkey indisponible, écriture directe en base.[39m
[31m[Nest] 41956  - [39m06/10/2026 16:17:31 [31m  ERROR[39m [38;5;3m[Emargement] [39m[31mÉmargement en mode dégradé : Valkey indisponible, écriture directe en base.[39m
[31m[Nest] 41956  - [39m06/10/2026 16:17:31 [31m  ERROR[39m [38;5;3m[Emargement] [39m[31mÉmargement en mode dégradé : Valkey indisponible, écriture directe en base.[39m
[31m[Nest] 41956  - [39m06/10/2026 16:17:31 [31m  ERROR[39m [38;5;3m[Emargement] [39m[31mÉmargement en mode dégradé : Valkey indisponible, écriture directe en base.[39m
[31m[Nest] 41956  - [39m06/10/2026 16:17:31 [31m  ERROR[39m [38;5;3m[Emargement] [39m[31mÉmargement en mode dégradé : Valkey indisponible, écriture directe en base.[39m
[31m[Nest] 41956  - [39m06/10/2026 16:17:31 [31m  ERROR[39m [38;5;3m[Emargement] [39m[31mÉmargement en mode dégradé : Valkey indisponible, écriture directe en base.[39m
[31m[Nest] 41956  - [39m06/10/2026 16:17:31 [31m  ERROR[39m [38;5;3m[Emargement] [39m[31mÉmargement en mode dégradé : Valkey indisponible, écriture directe en base.[39m
[31m[Nest] 41956  - [39m06/10/2026 16:17:31 [31m  ERROR[39m [38;5;3m[Emargement] [39m[31mÉmargement en mode dégradé : Valkey indisponible, écriture directe en base.[39m
[31m[Nest] 41956  - [39m06/10/2026 16:17:31 [31m  ERROR[39m [38;5;3m[Emargement] [39m[31mÉmargement en mode dégradé : Valkey indisponible, écriture directe en base.[39m
[31m[Nest] 41956  - [39m06/10/2026 16:17:31 [31m  ERROR[39m [38;5;3m[Emargement] [39m[31mÉmargement en mode dégradé : Valkey indisponible, écriture directe en base.[39m
[31m[Nest] 41956  - [39m06/10/2026 16:17:31 [31m  ERROR[39m [38;5;3m[Emargement] [39m[31mÉmargement en mode dégradé : Valkey indisponible, écriture directe en base.[39m
[31m[Nest] 41956  - [39m06/10/2026 16:17:31 [31m  ERROR[39m [38;5;3m[Emargement] [39m[31mÉmargement en mode dégradé : Valkey indisponible, écriture directe en base.[39m
[31m[Nest] 41956  - [39m06/10/2026 16:17:31 [31m  ERROR[39m [38;5;3m[Emargement] [39m[31mÉmargement en mode dégradé : Valkey indisponible, écriture directe en base.[39m
[31m[Nest] 41956  - [39m06/10/2026 16:17:31 [31m  ERROR[39m [38;5;3m[Emargement] [39m[31mÉmargement en mode dégradé : Valkey indisponible, écriture directe en base.[39m
[31m[Nest] 41956  - [39m06/10/2026 16:17:31 [31m  ERROR[39m [38;5;3m[Emargement] [39m[31mÉmargement en mode dégradé : Valkey indisponible, écriture directe en base.[39m
[31m[Nest] 41956  - [39m06/10/2026 16:17:31 [31m  ERROR[39m [38;5;3m[Emargement] [39m[31mÉmargement en mode dégradé : Valkey indisponible, écriture directe en base.[39m
[31m[Nest] 41956  - [39m06/10/2026 16:17:31 [31m  ERROR[39m [38;5;3m[Emargement] [39m[31mÉmargement en mode dégradé : Valkey indisponible, écriture directe en base.[39m
[31m[Nest] 41956  - [39m06/10/2026 16:17:31 [31m  ERROR[39m [38;5;3m[Emargement] [39m[31mÉmargement en mode dégradé : Valkey indisponible, écriture directe en base.[39m
[31m[Nest] 41956  - [39m06/10/2026 16:17:31 [31m  ERROR[39m [38;5;3m[Emargement] [39m[31mÉmargement en mode dégradé : Valkey indisponible, écriture directe en base.[39m
[31m[Nest] 41956  - [39m06/10/2026 16:17:31 [31m  ERROR[39m [38;5;3m[Emargement] [39m[31mÉmargement en mode dégradé : Valkey indisponible, écriture directe en base.[39m
[31m[Nest] 41956  - [39m06/10/2026 16:17:31 [31m  ERROR[39m [38;5;3m[Emargement] [39m[31mÉmargement en mode dégradé : Valkey indisponible, écriture directe en base.[39m
[31m[Nest] 41956  - [39m06/10/2026 16:17:31 [31m  ERROR[39m [38;5;3m[Emargement] [39m[31mÉmargement en mode dégradé : Valkey indisponible, écriture directe en base.[39m
[31m[Nest] 41956  - [39m06/10/2026 16:17:31 [31m  ERROR[39m [38;5;3m[Emargement] [39m[31mÉmargement en mode dégradé : Valkey indisponible, écriture directe en base.[39m
[31m[Nest] 41956  - [39m06/10/2026 16:17:31 [31m  ERROR[39m [38;5;3m[Emargement] [39m[31mÉmargement en mode dégradé : Valkey indisponible, écriture directe en base.[39m
[31m[Nest] 41956  - [39m06/10/2026 16:17:31 [31m  ERROR[39m [38;5;3m[Emargement] [39m[31mÉmargement en mode dégradé : Valkey indisponible, écriture directe en base.[39m
[31m[Nest] 41956  - [39m06/10/2026 16:17:31 [31m  ERROR[39m [38;5;3m[Emargement] [39m[31mÉmargement en mode dégradé : Valkey indisponible, écriture directe en base.[39m
[31m[Nest] 41956  - [39m06/10/2026 16:17:31 [31m  ERROR[39m [38;5;3m[Emargement] [39m[31mÉmargement en mode dégradé : Valkey indisponible, écriture directe en base.[39m
[31m[Nest] 41956  - [39m06/10/2026 16:17:31 [31m  ERROR[39m [38;5;3m[Emargement] [39m[31mÉmargement en mode dégradé : Valkey indisponible, écriture directe en base.[39m
[31m[Nest] 41956  - [39m06/10/2026 16:17:31 [31m  ERROR[39m [38;5;3m[Emargement] [39m[31mÉmargement en mode dégradé : Valkey indisponible, écriture directe en base.[39m
[31m[Nest] 41956  - [39m06/10/2026 16:17:31 [31m  ERROR[39m [38;5;3m[Emargement] [39m[31mÉmargement en mode dégradé : Valkey indisponible, écriture directe en base.[39m
[31m[Nest] 41956  - [39m06/10/2026 16:17:31 [31m  ERROR[39m [38;5;3m[Emargement] [39m[31mÉmargement en mode dégradé : Valkey indisponible, écriture directe en base.[39m
[31m[Nest] 41956  - [39m06/10/2026 16:17:31 [31m  ERROR[39m [38;5;3m[Emargement] [39m[31mÉmargement en mode dégradé : Valkey indisponible, écriture directe en base.[39m
[31m[Nest] 41956  - [39m06/10/2026 16:17:31 [31m  ERROR[39m [38;5;3m[Emargement] [39m[31mÉmargement en mode dégradé : Valkey indisponible, écriture directe en base.[39m
[31m[Nest] 41956  - [39m06/10/2026 16:17:31 [31m  ERROR[39m [38;5;3m[Emargement] [39m[31mÉmargement en mode dégradé : Valkey indisponible, écriture directe en base.[39m
[31m[Nest] 41956  - [39m06/10/2026 16:17:31 [31m  ERROR[39m [38;5;3m[Emargement] [39m[31mÉmargement en mode dégradé : Valkey indisponible, écriture directe en base.[39m
[31m[Nest] 41956  - [39m06/10/2026 16:17:31 [31m  ERROR[39m [38;5;3m[Emargement] [39m[31mÉmargement en mode dégradé : Valkey indisponible, écriture directe en base.[39m
[31m[Nest] 41956  - [39m06/10/2026 16:17:31 [31m  ERROR[39m [38;5;3m[Emargement] [39m[31mÉmargement en mode dégradé : Valkey indisponible, écriture directe en base.[39m
[31m[Nest] 41956  - [39m06/10/2026 16:17:31 [31m  ERROR[39m [38;5;3m[Emargement] [39m[31mÉmargement en mode dégradé : Valkey indisponible, écriture directe en base.[39m
[31m[Nest] 41956  - [39m06/10/2026 16:17:31 [31m  ERROR[39m [38;5;3m[Emargement] [39m[31mÉmargement en mode dégradé : Valkey indisponible, écriture directe en base.[39m
[31m[Nest] 41956  - [39m06/10/2026 16:17:31 [31m  ERROR[39m [38;5;3m[Emargement] [39m[31mÉmargement en mode dégradé : Valkey indisponible, écriture directe en base.[39m
[31m[Nest] 41956  - [39m06/10/2026 16:17:31 [31m  ERROR[39m [38;5;3m[Emargement] [39m[31mÉmargement en mode dégradé : Valkey indisponible, écriture directe en base.[39m
[31m[Nest] 41956  - [39m06/10/2026 16:17:31 [31m  ERROR[39m [38;5;3m[Emargement] [39m[31mÉmargement en mode dégradé : Valkey indisponible, écriture directe en base.[39m
[31m[Nest] 41956  - [39m06/10/2026 16:17:31 [31m  ERROR[39m [38;5;3m[Emargement] [39m[31mÉmargement en mode dégradé : Valkey indisponible, écriture directe en base.[39m
[31m[Nest] 41956  - [39m06/10/2026 16:17:31 [31m  ERROR[39m [38;5;3m[Emargement] [39m[31mÉmargement en mode dégradé : Valkey indisponible, écriture directe en base.[39m
[31m[Nest] 41956  - [39m06/10/2026 16:17:31 [31m  ERROR[39m [38;5;3m[Emargement] [39m[31mÉmargement en mode dégradé : Valkey indisponible, écriture directe en base.[39m
[31m[Nest] 41956  - [39m06/10/2026 16:17:31 [31m  ERROR[39m [38;5;3m[Emargement] [39m[31mÉmargement en mode dégradé : Valkey indisponible, écriture directe en base.[39m
[31m[Nest] 41956  - [39m06/10/2026 16:17:31 [31m  ERROR[39m [38;5;3m[Emargement] [39m[31mÉmargement en mode dégradé : Valkey indisponible, écriture directe en base.[39m
[31m[Nest] 41956  - [39m06/10/2026 16:17:31 [31m  ERROR[39m [38;5;3m[Emargement] [39m[31mÉmargement en mode dégradé : Valkey indisponible, écriture directe en base.[39m
[31m[Nest] 41956  - [39m06/10/2026 16:17:31 [31m  ERROR[39m [38;5;3m[Emargement] [39m[31mÉmargement en mode dégradé : Valkey indisponible, écriture directe en base.[39m
[31m[Nest] 41956  - [39m06/10/2026 16:17:31 [31m  ERROR[39m [38;5;3m[Emargement] [39m[31mÉmargement en mode dégradé : Valkey indisponible, écriture directe en base.[39m
[31m[Nest] 41956  - [39m06/10/2026 16:17:31 [31m  ERROR[39m [38;5;3m[Emargement] [39m[31mÉmargement en mode dégradé : Valkey indisponible, écriture directe en base.[39m
[31m[Nest] 41956  - [39m06/10/2026 16:17:31 [31m  ERROR[39m [38;5;3m[Emargement] [39m[31mÉmargement en mode dégradé : Valkey indisponible, écriture directe en base.[39m
[31m[Nest] 41956  - [39m06/10/2026 16:17:31 [31m  ERROR[39m [38;5;3m[Emargement] [39m[31mÉmargement en mode dégradé : Valkey indisponible, écriture directe en base.[39m
[31m[Nest] 41956  - [39m06/10/2026 16:17:31 [31m  ERROR[39m [38;5;3m[Emargement] [39m[31mÉmargement en mode dégradé : Valkey indisponible, écriture directe en base.[39m
[31m[Nest] 41956  - [39m06/10/2026 16:17:31 [31m  ERROR[39m [38;5;3m[Emargement] [39m[31mÉmargement en mode dégradé : Valkey indisponible, écriture directe en base.[39m
[31m[Nest] 41956  - [39m06/10/2026 16:17:31 [31m  ERROR[39m [38;5;3m[Emargement] [39m[31mÉmargement en mode dégradé : Valkey indisponible, écriture directe en base.[39m
[31m[Nest] 41956  - [39m06/10/2026 16:17:31 [31m  ERROR[39m [38;5;3m[Emargement] [39m[31mÉmargement en mode dégradé : Valkey indisponible, écriture directe en base.[39m
[31m[Nest] 41956  - [39m06/10/2026 16:17:31 [31m  ERROR[39m [38;5;3m[Emargement] [39m[31mÉmargement en mode dégradé : Valkey indisponible, écriture directe en base.[39m
[31m[Nest] 41956  - [39m06/10/2026 16:17:31 [31m  ERROR[39m [38;5;3m[Emargement] [39m[31mÉmargement en mode dégradé : Valkey indisponible, écriture directe en base.[39m
[31m[Nest] 41956  - [39m06/10/2026 16:17:31 [31m  ERROR[39m [38;5;3m[Emargement] [39m[31mÉmargement en mode dégradé : Valkey indisponible, écriture directe en base.[39m
[31m[Nest] 41956  - [39m06/10/2026 16:17:31 [31m  ERROR[39m [38;5;3m[Emargement] [39m[31mÉmargement en mode dégradé : Valkey indisponible, écriture directe en base.[39m
[31m[Nest] 41956  - [39m06/10/2026 16:17:31 [31m  ERROR[39m [38;5;3m[Emargement] [39m[31mÉmargement en mode dégradé : Valkey indisponible, écriture directe en base.[39m
[31m[Nest] 41956  - [39m06/10/2026 16:17:31 [31m  ERROR[39m [38;5;3m[Emargement] [39m[31mÉmargement en mode dégradé : Valkey indisponible, écriture directe en base.[39m
[31m[Nest] 41956  - [39m06/10/2026 16:17:31 [31m  ERROR[39m [38;5;3m[Emargement] [39m[31mÉmargement en mode dégradé : Valkey indisponible, écriture directe en base.[39m
[31m[Nest] 41956  - [39m06/10/2026 16:17:32 [31m  ERROR[39m [38;5;3m[Emargement] [39m[31mÉmargement en mode dégradé : Valkey indisponible, écriture directe en base.[39m
[31m[Nest] 41956  - [39m06/10/2026 16:17:32 [31m  ERROR[39m [38;5;3m[Emargement] [39m[31mÉmargement en mode dégradé : Valkey indisponible, écriture directe en base.[39m
[31m[Nest] 41956  - [39m06/10/2026 16:17:32 [31m  ERROR[39m [38;5;3m[Emargement] [39m[31mÉmargement en mode dégradé : Valkey indisponible, écriture directe en base.[39m
[31m[Nest] 41956  - [39m06/10/2026 16:17:32 [31m  ERROR[39m [38;5;3m[Emargement] [39m[31mÉmargement en mode dégradé : Valkey indisponible, écriture directe en base.[39m
[31m[Nest] 41956  - [39m06/10/2026 16:17:32 [31m  ERROR[39m [38;5;3m[Emargement] [39m[31mÉmargement en mode dégradé : Valkey indisponible, écriture directe en base.[39m
[31m[Nest] 41956  - [39m06/10/2026 16:17:32 [31m  ERROR[39m [38;5;3m[Emargement] [39m[31mÉmargement en mode dégradé : Valkey indisponible, écriture directe en base.[39m
[31m[Nest] 41956  - [39m06/10/2026 16:17:32 [31m  ERROR[39m [38;5;3m[Emargement] [39m[31mÉmargement en mode dégradé : Valkey indisponible, écriture directe en base.[39m
[31m[Nest] 41956  - [39m06/10/2026 16:17:32 [31m  ERROR[39m [38;5;3m[Emargement] [39m[31mÉmargement en mode dégradé : Valkey indisponible, écriture directe en base.[39m
[31m[Nest] 41956  - [39m06/10/2026 16:17:32 [31m  ERROR[39m [38;5;3m[Emargement] [39m[31mÉmargement en mode dégradé : Valkey indisponible, écriture directe en base.[39m
[31m[Nest] 41956  - [39m06/10/2026 16:17:32 [31m  ERROR[39m [38;5;3m[Emargement] [39m[31mÉmargement en mode dégradé : Valkey indisponible, écriture directe en base.[39m
[31m[Nest] 41956  - [39m06/10/2026 16:17:32 [31m  ERROR[39m [38;5;3m[Emargement] [39m[31mÉmargement en mode dégradé : Valkey indisponible, écriture directe en base.[39m
[31m[Nest] 41956  - [39m06/10/2026 16:17:32 [31m  ERROR[39m [38;5;3m[Emargement] [39m[31mÉmargement en mode dégradé : Valkey indisponible, écriture directe en base.[39m
[31m[Nest] 41956  - [39m06/10/2026 16:17:32 [31m  ERROR[39m [38;5;3m[Emargement] [39m[31mÉmargement en mode dégradé : Valkey indisponible, écriture directe en base.[39m
[31m[Nest] 41956  - [39m06/10/2026 16:17:32 [31m  ERROR[39m [38;5;3m[Emargement] [39m[31mÉmargement en mode dégradé : Valkey indisponible, écriture directe en base.[39m
[31m[Nest] 41956  - [39m06/10/2026 16:17:32 [31m  ERROR[39m [38;5;3m[Emargement] [39m[31mÉmargement en mode dégradé : Valkey indisponible, écriture directe en base.[39m
[31m[Nest] 41956  - [39m06/10/2026 16:17:32 [31m  ERROR[39m [38;5;3m[Emargement] [39m[31mÉmargement en mode dégradé : Valkey indisponible, écriture directe en base.[39m
[31m[Nest] 41956  - [39m06/10/2026 16:17:32 [31m  ERROR[39m [38;5;3m[Emargement] [39m[31mÉmargement en mode dégradé : Valkey indisponible, écriture directe en base.[39m
[31m[Nest] 41956  - [39m06/10/2026 16:17:32 [31m  ERROR[39m [38;5;3m[Emargement] [39m[31mÉmargement en mode dégradé : Valkey indisponible, écriture directe en base.[39m
[31m[Nest] 41956  - [39m06/10/2026 16:17:32 [31m  ERROR[39m [38;5;3m[Emargement] [39m[31mÉmargement en mode dégradé : Valkey indisponible, écriture directe en base.[39m
[31m[Nest] 41956  - [39m06/10/2026 16:17:32 [31m  ERROR[39m [38;5;3m[Emargement] [39m[31mÉmargement en mode dégradé : Valkey indisponible, écriture directe en base.[39m
[31m[Nest] 41956  - [39m06/10/2026 16:17:32 [31m  ERROR[39m [38;5;3m[Emargement] [39m[31mÉmargement en mode dégradé : Valkey indisponible, écriture directe en base.[39m
[31m[Nest] 41956  - [39m06/10/2026 16:17:32 [31m  ERROR[39m [38;5;3m[Emargement] [39m[31mÉmargement en mode dégradé : Valkey indisponible, écriture directe en base.[39m
[31m[Nest] 41956  - [39m06/10/2026 16:17:32 [31m  ERROR[39m [38;5;3m[Emargement] [39m[31mÉmargement en mode dégradé : Valkey indisponible, écriture directe en base.[39m
[31m[Nest] 41956  - [39m06/10/2026 16:17:32 [31m  ERROR[39m [38;5;3m[Emargement] [39m[31mÉmargement en mode dégradé : Valkey indisponible, écriture directe en base.[39m
[31m[Nest] 41956  - [39m06/10/2026 16:17:32 [31m  ERROR[39m [38;5;3m[Emargement] [39m[31mÉmargement en mode dégradé : Valkey indisponible, écriture directe en base.[39m
[31m[Nest] 41956  - [39m06/10/2026 16:17:32 [31m  ERROR[39m [38;5;3m[Emargement] [39m[31mÉmargement en mode dégradé : Valkey indisponible, écriture directe en base.[39m
[31m[Nest] 41956  - [39m06/10/2026 16:17:32 [31m  ERROR[39m [38;5;3m[Emargement] [39m[31mÉmargement en mode dégradé : Valkey indisponible, écriture directe en base.[39m
[31m[Nest] 41956  - [39m06/10/2026 16:17:32 [31m  ERROR[39m [38;5;3m[Emargement] [39m[31mÉmargement en mode dégradé : Valkey indisponible, écriture directe en base.[39m
[31m[Nest] 41956  - [39m06/10/2026 16:17:32 [31m  ERROR[39m [38;5;3m[Emargement] [39m[31mÉmargement en mode dégradé : Valkey indisponible, écriture directe en base.[39m
[31m[Nest] 41956  - [39m06/10/2026 16:17:32 [31m  ERROR[39m [38;5;3m[Emargement] [39m[31mÉmargement en mode dégradé : Valkey indisponible, écriture directe en base.[39m
[31m[Nest] 41956  - [39m06/10/2026 16:17:32 [31m  ERROR[39m [38;5;3m[Emargement] [39m[31mÉmargement en mode dégradé : Valkey indisponible, écriture directe en base.[39m
[31m[Nest] 41956  - [39m06/10/2026 16:17:32 [31m  ERROR[39m [38;5;3m[Emargement] [39m[31mÉmargement en mode dégradé : Valkey indisponible, écriture directe en base.[39m
[31m[Nest] 41956  - [39m06/10/2026 16:17:32 [31m  ERROR[39m [38;5;3m[Emargement] [39m[31mÉmargement en mode dégradé : Valkey indisponible, écriture directe en base.[39m
[31m[Nest] 41956  - [39m06/10/2026 16:17:32 [31m  ERROR[39m [38;5;3m[Emargement] [39m[31mÉmargement en mode dégradé : Valkey indisponible, écriture directe en base.[39m
[31m[Nest] 41956  - [39m06/10/2026 16:17:32 [31m  ERROR[39m [38;5;3m[Emargement] [39m[31mÉmargement en mode dégradé : Valkey indisponible, écriture directe en base.[39m
[31m[Nest] 41956  - [39m06/10/2026 16:17:32 [31m  ERROR[39m [38;5;3m[Emargement] [39m[31mÉmargement en mode dégradé : Valkey indisponible, écriture directe en base.[39m
[31m[Nest] 41956  - [39m06/10/2026 16:17:32 [31m  ERROR[39m [38;5;3m[Emargement] [39m[31mÉmargement en mode dégradé : Valkey indisponible, écriture directe en base.[39m
[31m[Nest] 41956  - [39m06/10/2026 16:17:32 [31m  ERROR[39m [38;5;3m[Emargement] [39m[31mÉmargement en mode dégradé : Valkey indisponible, écriture directe en base.[39m
[31m[Nest] 41956  - [39m06/10/2026 16:17:32 [31m  ERROR[39m [38;5;3m[Emargement] [39m[31mÉmargement en mode dégradé : Valkey indisponible, écriture directe en base.[39m
[31m[Nest] 41956  - [39m06/10/2026 16:17:32 [31m  ERROR[39m [38;5;3m[Emargement] [39m[31mÉmargement en mode dégradé : Valkey indisponible, écriture directe en base.[39m
[31m[Nest] 41956  - [39m06/10/2026 16:17:32 [31m  ERROR[39m [38;5;3m[Emargement] [39m[31mÉmargement en mode dégradé : Valkey indisponible, écriture directe en base.[39m
[31m[Nest] 41956  - [39m06/10/2026 16:17:32 [31m  ERROR[39m [38;5;3m[Emargement] [39m[31mÉmargement en mode dégradé : Valkey indisponible, écriture directe en base.[39m
[31m[Nest] 41956  - [39m06/10/2026 16:17:32 [31m  ERROR[39m [38;5;3m[Emargement] [39m[31mÉmargement en mode dégradé : Valkey indisponible, écriture directe en base.[39m
[31m[Nest] 41956  - [39m06/10/2026 16:17:32 [31m  ERROR[39m [38;5;3m[Emargement] [39m[31mÉmargement en mode dégradé : Valkey indisponible, écriture directe en base.[39m
[31m[Nest] 41956  - [39m06/10/2026 16:17:32 [31m  ERROR[39m [38;5;3m[Emargement] [39m[31mÉmargement en mode dégradé : Valkey indisponible, écriture directe en base.[39m
[31m[Nest] 41956  - [39m06/10/2026 16:17:32 [31m  ERROR[39m [38;5;3m[Emargement] [39m[31mÉmargement en mode dégradé : Valkey indisponible, écriture directe en base.[39m
[31m[Nest] 41956  - [39m06/10/2026 16:17:32 [31m  ERROR[39m [38;5;3m[Emargement] [39m[31mÉmargement en mode dégradé : Valkey indisponible, écriture directe en base.[39m
[31m[Nest] 41956  - [39m06/10/2026 16:17:32 [31m  ERROR[39m [38;5;3m[Emargement] [39m[31mÉmargement en mode dégradé : Valkey indisponible, écriture directe en base.[39m
[31m[Nest] 41956  - [39m06/10/2026 16:17:32 [31m  ERROR[39m [38;5;3m[Emargement] [39m[31mÉmargement en mode dégradé : Valkey indisponible, écriture directe en base.[39m
[31m[Nest] 41956  - [39m06/10/2026 16:17:32 [31m  ERROR[39m [38;5;3m[Emargement] [39m[31mÉmargement en mode dégradé : Valkey indisponible, écriture directe en base.[39m
[31m[Nest] 41956  - [39m06/10/2026 16:17:32 [31m  ERROR[39m [38;5;3m[Emargement] [39m[31mÉmargement en mode dégradé : Valkey indisponible, écriture directe en base.[39m
[31m[Nest] 41956  - [39m06/10/2026 16:17:32 [31m  ERROR[39m [38;5;3m[Emargement] [39m[31mÉmargement en mode dégradé : Valkey indisponible, écriture directe en base.[39m
[31m[Nest] 41956  - [39m06/10/2026 16:17:32 [31m  ERROR[39m [38;5;3m[Emargement] [39m[31mÉmargement en mode dégradé : Valkey indisponible, écriture directe en base.[39m
[31m[Nest] 41956  - [39m06/10/2026 16:17:32 [31m  ERROR[39m [38;5;3m[Emargement] [39m[31mÉmargement en mode dégradé : Valkey indisponible, écriture directe en base.[39m
[31m[Nest] 41956  - [39m06/10/2026 16:17:32 [31m  ERROR[39m [38;5;3m[Emargement] [39m[31mÉmargement en mode dégradé : Valkey indisponible, écriture directe en base.[39m
[31m[Nest] 41956  - [39m06/10/2026 16:17:32 [31m  ERROR[39m [38;5;3m[Emargement] [39m[31mÉmargement en mode dégradé : Valkey indisponible, écriture directe en base.[39m
[31m[Nest] 41956  - [39m06/10/2026 16:17:32 [31m  ERROR[39m [38;5;3m[Emargement] [39m[31mÉmargement en mode dégradé : Valkey indisponible, écriture directe en base.[39m
[31m[Nest] 41956  - [39m06/10/2026 16:17:32 [31m  ERROR[39m [38;5;3m[Emargement] [39m[31mÉmargement en mode dégradé : Valkey indisponible, écriture directe en base.[39m
[31m[Nest] 41956  - [39m06/10/2026 16:17:32 [31m  ERROR[39m [38;5;3m[Emargement] [39m[31mÉmargement en mode dégradé : Valkey indisponible, écriture directe en base.[39m
[31m[Nest] 41956  - [39m06/10/2026 16:17:32 [31m  ERROR[39m [38;5;3m[Emargement] [39m[31mÉmargement en mode dégradé : Valkey indisponible, écriture directe en base.[39m
[31m[Nest] 41956  - [39m06/10/2026 16:17:32 [31m  ERROR[39m [38;5;3m[Emargement] [39m[31mÉmargement en mode dégradé : Valkey indisponible, écriture directe en base.[39m
[31m[Nest] 41956  - [39m06/10/2026 16:17:32 [31m  ERROR[39m [38;5;3m[Emargement] [39m[31mÉmargement en mode dégradé : Valkey indisponible, écriture directe en base.[39m
[31m[Nest] 41956  - [39m06/10/2026 16:17:32 [31m  ERROR[39m [38;5;3m[Emargement] [39m[31mÉmargement en mode dégradé : Valkey indisponible, écriture directe en base.[39m
[31m[Nest] 41956  - [39m06/10/2026 16:17:32 [31m  ERROR[39m [38;5;3m[Emargement] [39m[31mÉmargement en mode dégradé : Valkey indisponible, écriture directe en base.[39m
[31m[Nest] 41956  - [39m06/10/2026 16:17:32 [31m  ERROR[39m [38;5;3m[Emargement] [39m[31mÉmargement en mode dégradé : Valkey indisponible, écriture directe en base.[39m
[31m[Nest] 41956  - [39m06/10/2026 16:17:32 [31m  ERROR[39m [38;5;3m[Emargement] [39m[31mÉmargement en mode dégradé : Valkey indisponible, écriture directe en base.[39m
[31m[Nest] 41956  - [39m06/10/2026 16:17:32 [31m  ERROR[39m [38;5;3m[Emargement] [39m[31mÉmargement en mode dégradé : Valkey indisponible, écriture directe en base.[39m
[31m[Nest] 41956  - [39m06/10/2026 16:17:32 [31m  ERROR[39m [38;5;3m[Emargement] [39m[31mÉmargement en mode dégradé : Valkey indisponible, écriture directe en base.[39m
[31m[Nest] 41956  - [39m06/10/2026 16:17:32 [31m  ERROR[39m [38;5;3m[Emargement] [39m[31mÉmargement en mode dégradé : Valkey indisponible, écriture directe en base.[39m
[31m[Nest] 41956  - [39m06/10/2026 16:17:32 [31m  ERROR[39m [38;5;3m[Emargement] [39m[31mÉmargement en mode dégradé : Valkey indisponible, écriture directe en base.[39m
[31m[Nest] 41956  - [39m06/10/2026 16:17:32 [31m  ERROR[39m [38;5;3m[Emargement] [39m[31mÉmargement en mode dégradé : Valkey indisponible, écriture directe en base.[39m
[31m[Nest] 41956  - [39m06/10/2026 16:17:32 [31m  ERROR[39m [38;5;3m[Emargement] [39m[31mÉmargement en mode dégradé : Valkey indisponible, écriture directe en base.[39m
[31m[Nest] 41956  - [39m06/10/2026 16:17:32 [31m  ERROR[39m [38;5;3m[Emargement] [39m[31mÉmargement en mode dégradé : Valkey indisponible, écriture directe en base.[39m
[31m[Nest] 41956  - [39m06/10/2026 16:17:32 [31m  ERROR[39m [38;5;3m[Emargement] [39m[31mÉmargement en mode dégradé : Valkey indisponible, écriture directe en base.[39m
[31m[Nest] 41956  - [39m06/10/2026 16:17:32 [31m  ERROR[39m [38;5;3m[Emargement] [39m[31mÉmargement en mode dégradé : Valkey indisponible, écriture directe en base.[39m
[31m[Nest] 41956  - [39m06/10/2026 16:17:32 [31m  ERROR[39m [38;5;3m[Emargement] [39m[31mÉmargement en mode dégradé : Valkey indisponible, écriture directe en base.[39m
[31m[Nest] 41956  - [39m06/10/2026 16:17:32 [31m  ERROR[39m [38;5;3m[Emargement] [39m[31mÉmargement en mode dégradé : Valkey indisponible, écriture directe en base.[39m
[31m[Nest] 41956  - [39m06/10/2026 16:17:32 [31m  ERROR[39m [38;5;3m[Emargement] [39m[31mÉmargement en mode dégradé : Valkey indisponible, écriture directe en base.[39m
[31m[Nest] 41956  - [39m06/10/2026 16:17:32 [31m  ERROR[39m [38;5;3m[Emargement] [39m[31mÉmargement en mode dégradé : Valkey indisponible, écriture directe en base.[39m
[31m[Nest] 41956  - [39m06/10/2026 16:17:32 [31m  ERROR[39m [38;5;3m[Emargement] [39m[31mÉmargement en mode dégradé : Valkey indisponible, écriture directe en base.[39m
[31m[Nest] 41956  - [39m06/10/2026 16:17:32 [31m  ERROR[39m [38;5;3m[Emargement] [39m[31mÉmargement en mode dégradé : Valkey indisponible, écriture directe en base.[39m
[31m[Nest] 41956  - [39m06/10/2026 16:17:32 [31m  ERROR[39m [38;5;3m[Emargement] [39m[31mÉmargement en mode dégradé : Valkey indisponible, écriture directe en base.[39m
[31m[Nest] 41956  - [39m06/10/2026 16:17:32 [31m  ERROR[39m [38;5;3m[Emargement] [39m[31mÉmargement en mode dégradé : Valkey indisponible, écriture directe en base.[39m
[31m[Nest] 41956  - [39m06/10/2026 16:17:32 [31m  ERROR[39m [38;5;3m[Emargement] [39m[31mÉmargement en mode dégradé : Valkey indisponible, écriture directe en base.[39m
[31m[Nest] 41956  - [39m06/10/2026 16:17:32 [31m  ERROR[39m [38;5;3m[Emargement] [39m[31mÉmargement en mode dégradé : Valkey indisponible, écriture directe en base.[39m
[31m[Nest] 41956  - [39m06/10/2026 16:17:32 [31m  ERROR[39m [38;5;3m[Emargement] [39m[31mÉmargement en mode dégradé : Valkey indisponible, écriture directe en base.[39m
[31m[Nest] 41956  - [39m06/10/2026 16:17:32 [31m  ERROR[39m [38;5;3m[Emargement] [39m[31mÉmargement en mode dégradé : Valkey indisponible, écriture directe en base.[39m
[31m[Nest] 41956  - [39m06/10/2026 16:17:32 [31m  ERROR[39m [38;5;3m[Emargement] [39m[31mÉmargement en mode dégradé : Valkey indisponible, écriture directe en base.[39m
[31m[Nest] 41956  - [39m06/10/2026 16:17:32 [31m  ERROR[39m [38;5;3m[Emargement] [39m[31mÉmargement en mode dégradé : Valkey indisponible, écriture directe en base.[39m
[31m[Nest] 41956  - [39m06/10/2026 16:17:32 [31m  ERROR[39m [38;5;3m[Emargement] [39m[31mÉmargement en mode dégradé : Valkey indisponible, écriture directe en base.[39m
[31m[Nest] 41956  - [39m06/10/2026 16:17:32 [31m  ERROR[39m [38;5;3m[Emargement] [39m[31mÉmargement en mode dégradé : Valkey indisponible, écriture directe en base.[39m
[31m[Nest] 41956  - [39m06/10/2026 16:17:32 [31m  ERROR[39m [38;5;3m[Emargement] [39m[31mÉmargement en mode dégradé : Valkey indisponible, écriture directe en base.[39m
[31m[Nest] 41956  - [39m06/10/2026 16:17:32 [31m  ERROR[39m [38;5;3m[Emargement] [39m[31mÉmargement en mode dégradé : Valkey indisponible, écriture directe en base.[39m
[31m[Nest] 41956  - [39m06/10/2026 16:17:32 [31m  ERROR[39m [38;5;3m[Emargement] [39m[31mÉmargement en mode dégradé : Valkey indisponible, écriture directe en base.[39m
[31m[Nest] 41956  - [39m06/10/2026 16:17:32 [31m  ERROR[39m [38;5;3m[Emargement] [39m[31mÉmargement en mode dégradé : Valkey indisponible, écriture directe en base.[39m
[31m[Nest] 41956  - [39m06/10/2026 16:17:32 [31m  ERROR[39m [38;5;3m[Emargement] [39m[31mÉmargement en mode dégradé : Valkey indisponible, écriture directe en base.[39m
[31m[Nest] 41956  - [39m06/10/2026 16:17:32 [31m  ERROR[39m [38;5;3m[Emargement] [39m[31mÉmargement en mode dégradé : Valkey indisponible, écriture directe en base.[39m
[31m[Nest] 41956  - [39m06/10/2026 16:17:32 [31m  ERROR[39m [38;5;3m[Emargement] [39m[31mÉmargement en mode dégradé : Valkey indisponible, écriture directe en base.[39m
[31m[Nest] 41956  - [39m06/10/2026 16:17:32 [31m  ERROR[39m [38;5;3m[Emargement] [39m[31mÉmargement en mode dégradé : Valkey indisponible, écriture directe en base.[39m
[31m[Nest] 41956  - [39m06/10/2026 16:17:32 [31m  ERROR[39m [38;5;3m[Emargement] [39m[31mÉmargement en mode dégradé : Valkey indisponible, écriture directe en base.[39m
[31m[Nest] 41956  - [39m06/10/2026 16:17:32 [31m  ERROR[39m [38;5;3m[Emargement] [39m[31mÉmargement en mode dégradé : Valkey indisponible, écriture directe en base.[39m
[31m[Nest] 41956  - [39m06/10/2026 16:17:32 [31m  ERROR[39m [38;5;3m[Emargement] [39m[31mÉmargement en mode dégradé : Valkey indisponible, écriture directe en base.[39m
[31m[Nest] 41956  - [39m06/10/2026 16:17:32 [31m  ERROR[39m [38;5;3m[Emargement] [39m[31mÉmargement en mode dégradé : Valkey indisponible, écriture directe en base.[39m
[31m[Nest] 41956  - [39m06/10/2026 16:17:32 [31m  ERROR[39m [38;5;3m[Emargement] [39m[31mÉmargement en mode dégradé : Valkey indisponible, écriture directe en base.[39m
[31m[Nest] 41956  - [39m06/10/2026 16:17:32 [31m  ERROR[39m [38;5;3m[Emargement] [39m[31mÉmargement en mode dégradé : Valkey indisponible, écriture directe en base.[39m
[31m[Nest] 41956  - [39m06/10/2026 16:17:32 [31m  ERROR[39m [38;5;3m[Emargement] [39m[31mÉmargement en mode dégradé : Valkey indisponible, écriture directe en base.[39m
[31m[Nest] 41956  - [39m06/10/2026 16:17:32 [31m  ERROR[39m [38;5;3m[Emargement] [39m[31mÉmargement en mode dégradé : Valkey indisponible, écriture directe en base.[39m
[31m[Nest] 41956  - [39m06/10/2026 16:17:32 [31m  ERROR[39m [38;5;3m[Emargement] [39m[31mÉmargement en mode dégradé : Valkey indisponible, écriture directe en base.[39m
[31m[Nest] 41956  - [39m06/10/2026 16:17:32 [31m  ERROR[39m [38;5;3m[Emargement] [39m[31mÉmargement en mode dégradé : Valkey indisponible, écriture directe en base.[39m
[31m[Nest] 41956  - [39m06/10/2026 16:17:32 [31m  ERROR[39m [38;5;3m[Emargement] [39m[31mÉmargement en mode dégradé : Valkey indisponible, écriture directe en base.[39m
[31m[Nest] 41956  - [39m06/10/2026 16:17:32 [31m  ERROR[39m [38;5;3m[Emargement] [39m[31mÉmargement en mode dégradé : Valkey indisponible, écriture directe en base.[39m
[31m[Nest] 41956  - [39m06/10/2026 16:17:32 [31m  ERROR[39m [38;5;3m[Emargement] [39m[31mÉmargement en mode dégradé : Valkey indisponible, écriture directe en base.[39m
[31m[Nest] 41956  - [39m06/10/2026 16:17:32 [31m  ERROR[39m [38;5;3m[Emargement] [39m[31mÉmargement en mode dégradé : Valkey indisponible, écriture directe en base.[39m
[31m[Nest] 41956  - [39m06/10/2026 16:17:32 [31m  ERROR[39m [38;5;3m[Emargement] [39m[31mÉmargement en mode dégradé : Valkey indisponible, écriture directe en base.[39m
[31m[Nest] 41956  - [39m06/10/2026 16:17:32 [31m  ERROR[39m [38;5;3m[Emargement] [39m[31mÉmargement en mode dégradé : Valkey indisponible, écriture directe en base.[39m
[31m[Nest] 41956  - [39m06/10/2026 16:17:32 [31m  ERROR[39m [38;5;3m[Emargement] [39m[31mÉmargement en mode dégradé : Valkey indisponible, écriture directe en base.[39m
[31m[Nest] 41956  - [39m06/10/2026 16:17:32 [31m  ERROR[39m [38;5;3m[Emargement] [39m[31mÉmargement en mode dégradé : Valkey indisponible, écriture directe en base.[39m
[31m[Nest] 41956  - [39m06/10/2026 16:17:32 [31m  ERROR[39m [38;5;3m[Emargement] [39m[31mÉmargement en mode dégradé : Valkey indisponible, écriture directe en base.[39m
[31m[Nest] 41956  - [39m06/10/2026 16:17:32 [31m  ERROR[39m [38;5;3m[Emargement] [39m[31mÉmargement en mode dégradé : Valkey indisponible, écriture directe en base.[39m
[31m[Nest] 41956  - [39m06/10/2026 16:17:32 [31m  ERROR[39m [38;5;3m[Emargement] [39m[31mÉmargement en mode dégradé : Valkey indisponible, écriture directe en base.[39m
[31m[Nest] 41956  - [39m06/10/2026 16:17:32 [31m  ERROR[39m [38;5;3m[Emargement] [39m[31mÉmargement en mode dégradé : Valkey indisponible, écriture directe en base.[39m
[31m[Nest] 41956  - [39m06/10/2026 16:17:32 [31m  ERROR[39m [38;5;3m[Emargement] [39m[31mÉmargement en mode dégradé : Valkey indisponible, écriture directe en base.[39m
[31m[Nest] 41956  - [39m06/10/2026 16:17:32 [31m  ERROR[39m [38;5;3m[Emargement] [39m[31mÉmargement en mode dégradé : Valkey indisponible, écriture directe en base.[39m
[31m[Nest] 41956  - [39m06/10/2026 16:17:32 [31m  ERROR[39m [38;5;3m[Emargement] [39m[31mÉmargement en mode dégradé : Valkey indisponible, écriture directe en base.[39m
[31m[Nest] 41956  - [39m06/10/2026 16:17:32 [31m  ERROR[39m [38;5;3m[Emargement] [39m[31mÉmargement en mode dégradé : Valkey indisponible, écriture directe en base.[39m
[31m[Nest] 41956  - [39m06/10/2026 16:17:32 [31m  ERROR[39m [38;5;3m[Emargement] [39m[31mÉmargement en mode dégradé : Valkey indisponible, écriture directe en base.[39m
[31m[Nest] 41956  - [39m06/10/2026 16:17:32 [31m  ERROR[39m [38;5;3m[Emargement] [39m[31mÉmargement en mode dégradé : Valkey indisponible, écriture directe en base.[39m
[31m[Nest] 41956  - [39m06/10/2026 16:17:32 [31m  ERROR[39m [38;5;3m[Emargement] [39m[31mÉmargement en mode dégradé : Valkey indisponible, écriture directe en base.[39m
[31m[Nest] 41956  - [39m06/10/2026 16:17:32 [31m  ERROR[39m [38;5;3m[Emargement] [39m[31mÉmargement en mode dégradé : Valkey indisponible, écriture directe en base.[39m
[31m[Nest] 41956  - [39m06/10/2026 16:17:32 [31m  ERROR[39m [38;5;3m[Emargement] [39m[31mÉmargement en mode dégradé : Valkey indisponible, écriture directe en base.[39m
[31m[Nest] 41956  - [39m06/10/2026 16:17:33 [31m  ERROR[39m [38;5;3m[Emargement] [39m[31mÉmargement en mode dégradé : Valkey indisponible, écriture directe en base.[39m
[31m[Nest] 41956  - [39m06/10/2026 16:17:33 [31m  ERROR[39m [38;5;3m[Emargement] [39m[31mÉmargement en mode dégradé : Valkey indisponible, écriture directe en base.[39m
[31m[Nest] 41956  - [39m06/10/2026 16:17:33 [31m  ERROR[39m [38;5;3m[Emargement] [39m[31mÉmargement en mode dégradé : Valkey indisponible, écriture directe en base.[39m
[31m[Nest] 41956  - [39m06/10/2026 16:17:33 [31m  ERROR[39m [38;5;3m[Emargement] [39m[31mÉmargement en mode dégradé : Valkey indisponible, écriture directe en base.[39m
[31m[Nest] 41956  - [39m06/10/2026 16:17:33 [31m  ERROR[39m [38;5;3m[Emargement] [39m[31mÉmargement en mode dégradé : Valkey indisponible, écriture directe en base.[39m
[31m[Nest] 41956  - [39m06/10/2026 16:17:33 [31m  ERROR[39m [38;5;3m[Emargement] [39m[31mÉmargement en mode dégradé : Valkey indisponible, écriture directe en base.[39m
[31m[Nest] 41956  - [39m06/10/2026 16:17:33 [31m  ERROR[39m [38;5;3m[Emargement] [39m[31mÉmargement en mode dégradé : Valkey indisponible, écriture directe en base.[39m
[31m[Nest] 41956  - [39m06/10/2026 16:17:33 [31m  ERROR[39m [38;5;3m[Emargement] [39m[31mÉmargement en mode dégradé : Valkey indisponible, écriture directe en base.[39m
[31m[Nest] 41956  - [39m06/10/2026 16:17:33 [31m  ERROR[39m [38;5;3m[Emargement] [39m[31mÉmargement en mode dégradé : Valkey indisponible, écriture directe en base.[39m
[31m[Nest] 41956  - [39m06/10/2026 16:17:33 [31m  ERROR[39m [38;5;3m[Emargement] [39m[31mÉmargement en mode dégradé : Valkey indisponible, écriture directe en base.[39m
[31m[Nest] 41956  - [39m06/10/2026 16:17:33 [31m  ERROR[39m [38;5;3m[Emargement] [39m[31mÉmargement en mode dégradé : Valkey indisponible, écriture directe en base.[39m
[31m[Nest] 41956  - [39m06/10/2026 16:17:33 [31m  ERROR[39m [38;5;3m[Emargement] [39m[31mÉmargement en mode dégradé : Valkey indisponible, écriture directe en base.[39m
[31m[Nest] 41956  - [39m06/10/2026 16:17:33 [31m  ERROR[39m [38;5;3m[Emargement] [39m[31mÉmargement en mode dégradé : Valkey indisponible, écriture directe en base.[39m
[31m[Nest] 41956  - [39m06/10/2026 16:17:33 [31m  ERROR[39m [38;5;3m[Emargement] [39m[31mÉmargement en mode dégradé : Valkey indisponible, écriture directe en base.[39m
[31m[Nest] 41956  - [39m06/10/2026 16:17:33 [31m  ERROR[39m [38;5;3m[Emargement] [39m[31mÉmargement en mode dégradé : Valkey indisponible, écriture directe en base.[39m
[31m[Nest] 41956  - [39m06/10/2026 16:17:33 [31m  ERROR[39m [38;5;3m[Emargement] [39m[31mÉmargement en mode dégradé : Valkey indisponible, écriture directe en base.[39m
[31m[Nest] 41956  - [39m06/10/2026 16:17:33 [31m  ERROR[39m [38;5;3m[Emargement] [39m[31mÉmargement en mode dégradé : Valkey indisponible, écriture directe en base.[39m
[31m[Nest] 41956  - [39m06/10/2026 16:17:33 [31m  ERROR[39m [38;5;3m[Emargement] [39m[31mÉmargement en mode dégradé : Valkey indisponible, écriture directe en base.[39m
[31m[Nest] 41956  - [39m06/10/2026 16:17:33 [31m  ERROR[39m [38;5;3m[Emargement] [39m[31mÉmargement en mode dégradé : Valkey indisponible, écriture directe en base.[39m
[31m[Nest] 41956  - [39m06/10/2026 16:17:33 [31m  ERROR[39m [38;5;3m[Emargement] [39m[31mÉmargement en mode dégradé : Valkey indisponible, écriture directe en base.[39m
[31m[Nest] 41956  - [39m06/10/2026 16:17:33 [31m  ERROR[39m [38;5;3m[Emargement] [39m[31mÉmargement en mode dégradé : Valkey indisponible, écriture directe en base.[39m
[31m[Nest] 41956  - [39m06/10/2026 16:17:33 [31m  ERROR[39m [38;5;3m[Emargement] [39m[31mÉmargement en mode dégradé : Valkey indisponible, écriture directe en base.[39m
[31m[Nest] 41956  - [39m06/10/2026 16:17:33 [31m  ERROR[39m [38;5;3m[Emargement] [39m[31mÉmargement en mode dégradé : Valkey indisponible, écriture directe en base.[39m
[31m[Nest] 41956  - [39m06/10/2026 16:17:33 [31m  ERROR[39m [38;5;3m[Emargement] [39m[31mÉmargement en mode dégradé : Valkey indisponible, écriture directe en base.[39m
[31m[Nest] 41956  - [39m06/10/2026 16:17:33 [31m  ERROR[39m [38;5;3m[Emargement] [39m[31mÉmargement en mode dégradé : Valkey indisponible, écriture directe en base.[39m
[31m[Nest] 41956  - [39m06/10/2026 16:17:33 [31m  ERROR[39m [38;5;3m[Emargement] [39m[31mÉmargement en mode dégradé : Valkey indisponible, écriture directe en base.[39m
[31m[Nest] 41956  - [39m06/10/2026 16:17:33 [31m  ERROR[39m [38;5;3m[Emargement] [39m[31mÉmargement en mode dégradé : Valkey indisponible, écriture directe en base.[39m
[31m[Nest] 41956  - [39m06/10/2026 16:17:33 [31m  ERROR[39m [38;5;3m[Emargement] [39m[31mÉmargement en mode dégradé : Valkey indisponible, écriture directe en base.[39m
[31m[Nest] 41956  - [39m06/10/2026 16:17:33 [31m  ERROR[39m [38;5;3m[Emargement] [39m[31mÉmargement en mode dégradé : Valkey indisponible, écriture directe en base.[39m
[31m[Nest] 41956  - [39m06/10/2026 16:17:33 [31m  ERROR[39m [38;5;3m[Emargement] [39m[31mÉmargement en mode dégradé : Valkey indisponible, écriture directe en base.[39m
[31m[Nest] 41956  - [39m06/10/2026 16:17:33 [31m  ERROR[39m [38;5;3m[Emargement] [39m[31mÉmargement en mode dégradé : Valkey indisponible, écriture directe en base.[39m
[31m[Nest] 41956  - [39m06/10/2026 16:17:33 [31m  ERROR[39m [38;5;3m[Emargement] [39m[31mÉmargement en mode dégradé : Valkey indisponible, écriture directe en base.[39m
[31m[Nest] 41956  - [39m06/10/2026 16:17:33 [31m  ERROR[39m [38;5;3m[Emargement] [39m[31mÉmargement en mode dégradé : Valkey indisponible, écriture directe en base.[39m
[31m[Nest] 41956  - [39m06/10/2026 16:17:33 [31m  ERROR[39m [38;5;3m[Emargement] [39m[31mÉmargement en mode dégradé : Valkey indisponible, écriture directe en base.[39m
[31m[Nest] 41956  - [39m06/10/2026 16:17:33 [31m  ERROR[39m [38;5;3m[Emargement] [39m[31mÉmargement en mode dégradé : Valkey indisponible, écriture directe en base.[39m
[31m[Nest] 41956  - [39m06/10/2026 16:17:33 [31m  ERROR[39m [38;5;3m[Emargement] [39m[31mÉmargement en mode dégradé : Valkey indisponible, écriture directe en base.[39m
[31m[Nest] 41956  - [39m06/10/2026 16:17:33 [31m  ERROR[39m [38;5;3m[Emargement] [39m[31mÉmargement en mode dégradé : Valkey indisponible, écriture directe en base.[39m
[31m[Nest] 41956  - [39m06/10/2026 16:17:33 [31m  ERROR[39m [38;5;3m[Emargement] [39m[31mÉmargement en mode dégradé : Valkey indisponible, écriture directe en base.[39m
[31m[Nest] 41956  - [39m06/10/2026 16:17:33 [31m  ERROR[39m [38;5;3m[Emargement] [39m[31mÉmargement en mode dégradé : Valkey indisponible, écriture directe en base.[39m
[31m[Nest] 41956  - [39m06/10/2026 16:17:33 [31m  ERROR[39m [38;5;3m[Emargement] [39m[31mÉmargement en mode dégradé : Valkey indisponible, écriture directe en base.[39m
[31m[Nest] 41956  - [39m06/10/2026 16:17:33 [31m  ERROR[39m [38;5;3m[Emargement] [39m[31mÉmargement en mode dégradé : Valkey indisponible, écriture directe en base.[39m
[31m[Nest] 41956  - [39m06/10/2026 16:17:33 [31m  ERROR[39m [38;5;3m[Emargement] [39m[31mÉmargement en mode dégradé : Valkey indisponible, écriture directe en base.[39m
[31m[Nest] 41956  - [39m06/10/2026 16:17:33 [31m  ERROR[39m [38;5;3m[Emargement] [39m[31mÉmargement en mode dégradé : Valkey indisponible, écriture directe en base.[39m
[31m[Nest] 41956  - [39m06/10/2026 16:17:33 [31m  ERROR[39m [38;5;3m[Emargement] [39m[31mÉmargement en mode dégradé : Valkey indisponible, écriture directe en base.[39m
[31m[Nest] 41956  - [39m06/10/2026 16:17:33 [31m  ERROR[39m [38;5;3m[Emargement] [39m[31mÉmargement en mode dégradé : Valkey indisponible, écriture directe en base.[39m
[31m[Nest] 41956  - [39m06/10/2026 16:17:33 [31m  ERROR[39m [38;5;3m[Emargement] [39m[31mÉmargement en mode dégradé : Valkey indisponible, écriture directe en base.[39m
[31m[Nest] 41956  - [39m06/10/2026 16:17:33 [31m  ERROR[39m [38;5;3m[Emargement] [39m[31mÉmargement en mode dégradé : Valkey indisponible, écriture directe en base.[39m
[31m[Nest] 41956  - [39m06/10/2026 16:17:33 [31m  ERROR[39m [38;5;3m[Emargement] [39m[31mÉmargement en mode dégradé : Valkey indisponible, écriture directe en base.[39m
[31m[Nest] 41956  - [39m06/10/2026 16:17:33 [31m  ERROR[39m [38;5;3m[Emargement] [39m[31mÉmargement en mode dégradé : Valkey indisponible, écriture directe en base.[39m
[31m[Nest] 41956  - [39m06/10/2026 16:17:33 [31m  ERROR[39m [38;5;3m[Emargement] [39m[31mÉmargement en mode dégradé : Valkey indisponible, écriture directe en base.[39m
[31m[Nest] 41956  - [39m06/10/2026 16:17:33 [31m  ERROR[39m [38;5;3m[Emargement] [39m[31mÉmargement en mode dégradé : Valkey indisponible, écriture directe en base.[39m
[31m[Nest] 41956  - [39m06/10/2026 16:17:33 [31m  ERROR[39m [38;5;3m[Emargement] [39m[31mÉmargement en mode dégradé : Valkey indisponible, écriture directe en base.[39m
[31m[Nest] 41956  - [39m06/10/2026 16:17:33 [31m  ERROR[39m [38;5;3m[Emargement] [39m[31mÉmargement en mode dégradé : Valkey indisponible, écriture directe en base.[39m
[31m[Nest] 41956  - [39m06/10/2026 16:17:33 [31m  ERROR[39m [38;5;3m[Emargement] [39m[31mÉmargement en mode dégradé : Valkey indisponible, écriture directe en base.[39m
[31m[Nest] 41956  - [39m06/10/2026 16:17:33 [31m  ERROR[39m [38;5;3m[Emargement] [39m[31mÉmargement en mode dégradé : Valkey indisponible, écriture directe en base.[39m
[31m[Nest] 41956  - [39m06/10/2026 16:17:33 [31m  ERROR[39m [38;5;3m[Emargement] [39m[31mÉmargement en mode dégradé : Valkey indisponible, écriture directe en base.[39m
[31m[Nest] 41956  - [39m06/10/2026 16:17:33 [31m  ERROR[39m [38;5;3m[Emargement] [39m[31mÉmargement en mode dégradé : Valkey indisponible, écriture directe en base.[39m
[31m[Nest] 41956  - [39m06/10/2026 16:17:33 [31m  ERROR[39m [38;5;3m[Emargement] [39m[31mÉmargement en mode dégradé : Valkey indisponible, écriture directe en base.[39m
[31m[Nest] 41956  - [39m06/10/2026 16:17:33 [31m  ERROR[39m [38;5;3m[Emargement] [39m[31mÉmargement en mode dégradé : Valkey indisponible, écriture directe en base.[39m
[31m[Nest] 41956  - [39m06/10/2026 16:17:33 [31m  ERROR[39m [38;5;3m[Emargement] [39m[31mÉmargement en mode dégradé : Valkey indisponible, écriture directe en base.[39m
[31m[Nest] 41956  - [39m06/10/2026 16:17:33 [31m  ERROR[39m [38;5;3m[Emargement] [39m[31mÉmargement en mode dégradé : Valkey indisponible, écriture directe en base.[39m
[ioredis] Unhandled error event: AggregateError [ECONNREFUSED]: 
    at internalConnectMultiple (node:net:1194:18)
    at afterConnectMultiple (node:net:1784:7)
[31m[Nest] 41956  - [39m06/10/2026 16:17:33 [31m  ERROR[39m [38;5;3m[Emargement] [39m[31mÉmargement en mode dégradé : Valkey indisponible, écriture directe en base.[39m
[31m[Nest] 41956  - [39m06/10/2026 16:17:33 [31m  ERROR[39m [38;5;3m[Emargement] [39m[31mÉmargement en mode dégradé : Valkey indisponible, écriture directe en base.[39m
[31m[Nest] 41956  - [39m06/10/2026 16:17:33 [31m  ERROR[39m [38;5;3m[Emargement] [39m[31mÉmargement en mode dégradé : Valkey indisponible, écriture directe en base.[39m
[31m[Nest] 41956  - [39m06/10/2026 16:17:33 [31m  ERROR[39m [38;5;3m[Emargement] [39m[31mÉmargement en mode dégradé : Valkey indisponible, écriture directe en base.[39m
[31m[Nest] 41956  - [39m06/10/2026 16:17:33 [31m  ERROR[39m [38;5;3m[Emargement] [39m[31mÉmargement en mode dégradé : Valkey indisponible, écriture directe en base.[39m
[31m[Nest] 41956  - [39m06/10/2026 16:17:33 [31m  ERROR[39m [38;5;3m[Emargement] [39m[31mÉmargement en mode dégradé : Valkey indisponible, écriture directe en base.[39m
[31m[Nest] 41956  - [39m06/10/2026 16:17:33 [31m  ERROR[39m [38;5;3m[Emargement] [39m[31mÉmargement en mode dégradé : Valkey indisponible, écriture directe en base.[39m
[31m[Nest] 41956  - [39m06/10/2026 16:17:33 [31m  ERROR[39m [38;5;3m[Emargement] [39m[31mÉmargement en mode dégradé : Valkey indisponible, écriture directe en base.[39m
[31m[Nest] 41956  - [39m06/10/2026 16:17:33 [31m  ERROR[39m [38;5;3m[Emargement] [39m[31mÉmargement en mode dégradé : Valkey indisponible, écriture directe en base.[39m
[31m[Nest] 41956  - [39m06/10/2026 16:17:33 [31m  ERROR[39m [38;5;3m[Emargement] [39m[31mÉmargement en mode dégradé : Valkey indisponible, écriture directe en base.[39m
[31m[Nest] 41956  - [39m06/10/2026 16:17:33 [31m  ERROR[39m [38;5;3m[Emargement] [39m[31mÉmargement en mode dégradé : Valkey indisponible, écriture directe en base.[39m
[31m[Nest] 41956  - [39m06/10/2026 16:17:33 [31m  ERROR[39m [38;5;3m[Emargement] [39m[31mÉmargement en mode dégradé : Valkey indisponible, écriture directe en base.[39m
[31m[Nest] 41956  - [39m06/10/2026 16:17:33 [31m  ERROR[39m [38;5;3m[Emargement] [39m[31mÉmargement en mode dégradé : Valkey indisponible, écriture directe en base.[39m
[31m[Nest] 41956  - [39m06/10/2026 16:17:33 [31m  ERROR[39m [38;5;3m[Emargement] [39m[31mÉmargement en mode dégradé : Valkey indisponible, écriture directe en base.[39m
[31m[Nest] 41956  - [39m06/10/2026 16:17:33 [31m  ERROR[39m [38;5;3m[Emargement] [39m[31mÉmargement en mode dégradé : Valkey indisponible, écriture directe en base.[39m
[31m[Nest] 41956  - [39m06/10/2026 16:17:33 [31m  ERROR[39m [38;5;3m[Emargement] [39m[31mÉmargement en mode dégradé : Valkey indisponible, écriture directe en base.[39m
[31m[Nest] 41956  - [39m06/10/2026 16:17:33 [31m  ERROR[39m [38;5;3m[Emargement] [39m[31mÉmargement en mode dégradé : Valkey indisponible, écriture directe en base.[39m
[31m[Nest] 41956  - [39m06/10/2026 16:17:33 [31m  ERROR[39m [38;5;3m[Emargement] [39m[31mÉmargement en mode dégradé : Valkey indisponible, écriture directe en base.[39m
[31m[Nest] 41956  - [39m06/10/2026 16:17:33 [31m  ERROR[39m [38;5;3m[Emargement] [39m[31mÉmargement en mode dégradé : Valkey indisponible, écriture directe en base.[39m
[31m[Nest] 41956  - [39m06/10/2026 16:17:33 [31m  ERROR[39m [38;5;3m[Emargement] [39m[31mÉmargement en mode dégradé : Valkey indisponible, écriture directe en base.[39m
[31m[Nest] 41956  - [39m06/10/2026 16:17:33 [31m  ERROR[39m [38;5;3m[Emargement] [39m[31mÉmargement en mode dégradé : Valkey indisponible, écriture directe en base.[39m
[31m[Nest] 41956  - [39m06/10/2026 16:17:33 [31m  ERROR[39m [38;5;3m[Emargement] [39m[31mÉmargement en mode dégradé : Valkey indisponible, écriture directe en base.[39m
[31m[Nest] 41956  - [39m06/10/2026 16:17:33 [31m  ERROR[39m [38;5;3m[Emargement] [39m[31mÉmargement en mode dégradé : Valkey indisponible, écriture directe en base.[39m
[31m[Nest] 41956  - [39m06/10/2026 16:17:33 [31m  ERROR[39m [38;5;3m[Emargement] [39m[31mÉmargement en mode dégradé : Valkey indisponible, écriture directe en base.[39m
[31m[Nest] 41956  - [39m06/10/2026 16:17:33 [31m  ERROR[39m [38;5;3m[Emargement] [39m[31mÉmargement en mode dégradé : Valkey indisponible, écriture directe en base.[39m
[31m[Nest] 41956  - [39m06/10/2026 16:17:33 [31m  ERROR[39m [38;5;3m[Emargement] [39m[31mÉmargement en mode dégradé : Valkey indisponible, écriture directe en base.[39m
[31m[Nest] 41956  - [39m06/10/2026 16:17:33 [31m  ERROR[39m [38;5;3m[Emargement] [39m[31mÉmargement en mode dégradé : Valkey indisponible, écriture directe en base.[39m
[31m[Nest] 41956  - [39m06/10/2026 16:17:33 [31m  ERROR[39m [38;5;3m[Emargement] [39m[31mÉmargement en mode dégradé : Valkey indisponible, écriture directe en base.[39m
[31m[Nest] 41956  - [39m06/10/2026 16:17:33 [31m  ERROR[39m [38;5;3m[Emargement] [39m[31mÉmargement en mode dégradé : Valkey indisponible, écriture directe en base.[39m
[31m[Nest] 41956  - [39m06/10/2026 16:17:33 [31m  ERROR[39m [38;5;3m[Emargement] [39m[31mÉmargement en mode dégradé : Valkey indisponible, écriture directe en base.[39m
[31m[Nest] 41956  - [39m06/10/2026 16:17:33 [31m  ERROR[39m [38;5;3m[Emargement] [39m[31mÉmargement en mode dégradé : Valkey indisponible, écriture directe en base.[39m
[31m[Nest] 41956  - [39m06/10/2026 16:17:33 [31m  ERROR[39m [38;5;3m[Emargement] [39m[31mÉmargement en mode dégradé : Valkey indisponible, écriture directe en base.[39m
[31m[Nest] 41956  - [39m06/10/2026 16:17:33 [31m  ERROR[39m [38;5;3m[Emargement] [39m[31mÉmargement en mode dégradé : Valkey indisponible, écriture directe en base.[39m
[31m[Nest] 41956  - [39m06/10/2026 16:17:33 [31m  ERROR[39m [38;5;3m[Emargement] [39m[31mÉmargement en mode dégradé : Valkey indisponible, écriture directe en base.[39m
[31m[Nest] 41956  - [39m06/10/2026 16:17:33 [31m  ERROR[39m [38;5;3m[Emargement] [39m[31mÉmargement en mode dégradé : Valkey indisponible, écriture directe en base.[39m
[31m[Nest] 41956  - [39m06/10/2026 16:17:33 [31m  ERROR[39m [38;5;3m[Emargement] [39m[31mÉmargement en mode dégradé : Valkey indisponible, écriture directe en base.[39m
[31m[Nest] 41956  - [39m06/10/2026 16:17:33 [31m  ERROR[39m [38;5;3m[Emargement] [39m[31mÉmargement en mode dégradé : Valkey indisponible, écriture directe en base.[39m
[31m[Nest] 41956  - [39m06/10/2026 16:17:33 [31m  ERROR[39m [38;5;3m[Emargement] [39m[31mÉmargement en mode dégradé : Valkey indisponible, écriture directe en base.[39m
[31m[Nest] 41956  - [39m06/10/2026 16:17:33 [31m  ERROR[39m [38;5;3m[Emargement] [39m[31mÉmargement en mode dégradé : Valkey indisponible, écriture directe en base.[39m
[31m[Nest] 41956  - [39m06/10/2026 16:17:33 [31m  ERROR[39m [38;5;3m[Emargement] [39m[31mÉmargement en mode dégradé : Valkey indisponible, écriture directe en base.[39m
[31m[Nest] 41956  - [39m06/10/2026 16:17:33 [31m  ERROR[39m [38;5;3m[Emargement] [39m[31mÉmargement en mode dégradé : Valkey indisponible, écriture directe en base.[39m
[31m[Nest] 41956  - [39m06/10/2026 16:17:33 [31m  ERROR[39m [38;5;3m[Emargement] [39m[31mÉmargement en mode dégradé : Valkey indisponible, écriture directe en base.[39m
[31m[Nest] 41956  - [39m06/10/2026 16:17:33 [31m  ERROR[39m [38;5;3m[Emargement] [39m[31mÉmargement en mode dégradé : Valkey indisponible, écriture directe en base.[39m
[31m[Nest] 41956  - [39m06/10/2026 16:17:33 [31m  ERROR[39m [38;5;3m[Emargement] [39m[31mÉmargement en mode dégradé : Valkey indisponible, écriture directe en base.[39m
[31m[Nest] 41956  - [39m06/10/2026 16:17:33 [31m  ERROR[39m [38;5;3m[Emargement] [39m[31mÉmargement en mode dégradé : Valkey indisponible, écriture directe en base.[39m
[31m[Nest] 41956  - [39m06/10/2026 16:17:33 [31m  ERROR[39m [38;5;3m[Emargement] [39m[31mÉmargement en mode dégradé : Valkey indisponible, écriture directe en base.[39m
[31m[Nest] 41956  - [39m06/10/2026 16:17:33 [31m  ERROR[39m [38;5;3m[Emargement] [39m[31mÉmargement en mode dégradé : Valkey indisponible, écriture directe en base.[39m
[31m[Nest] 41956  - [39m06/10/2026 16:17:33 [31m  ERROR[39m [38;5;3m[Emargement] [39m[31mÉmargement en mode dégradé : Valkey indisponible, écriture directe en base.[39m
[31m[Nest] 41956  - [39m06/10/2026 16:17:33 [31m  ERROR[39m [38;5;3m[Emargement] [39m[31mÉmargement en mode dégradé : Valkey indisponible, écriture directe en base.[39m
[31m[Nest] 41956  - [39m06/10/2026 16:17:33 [31m  ERROR[39m [38;5;3m[Emargement] [39m[31mÉmargement en mode dégradé : Valkey indisponible, écriture directe en base.[39m
[31m[Nest] 41956  - [39m06/10/2026 16:17:33 [31m  ERROR[39m [38;5;3m[Emargement] [39m[31mÉmargement en mode dégradé : Valkey indisponible, écriture directe en base.[39m
[31m[Nest] 41956  - [39m06/10/2026 16:17:33 [31m  ERROR[39m [38;5;3m[Emargement] [39m[31mÉmargement en mode dégradé : Valkey indisponible, écriture directe en base.[39m
[31m[Nest] 41956  - [39m06/10/2026 16:17:33 [31m  ERROR[39m [38;5;3m[Emargement] [39m[31mÉmargement en mode dégradé : Valkey indisponible, écriture directe en base.[39m
[31m[Nest] 41956  - [39m06/10/2026 16:17:33 [31m  ERROR[39m [38;5;3m[Emargement] [39m[31mÉmargement en mode dégradé : Valkey indisponible, écriture directe en base.[39m
[31m[Nest] 41956  - [39m06/10/2026 16:17:33 [31m  ERROR[39m [38;5;3m[Emargement] [39m[31mÉmargement en mode dégradé : Valkey indisponible, écriture directe en base.[39m
[31m[Nest] 41956  - [39m06/10/2026 16:17:33 [31m  ERROR[39m [38;5;3m[Emargement] [39m[31mÉmargement en mode dégradé : Valkey indisponible, écriture directe en base.[39m
[31m[Nest] 41956  - [39m06/10/2026 16:17:33 [31m  ERROR[39m [38;5;3m[Emargement] [39m[31mÉmargement en mode dégradé : Valkey indisponible, écriture directe en base.[39m
[31m[Nest] 41956  - [39m06/10/2026 16:17:33 [31m  ERROR[39m [38;5;3m[Emargement] [39m[31mÉmargement en mode dégradé : Valkey indisponible, écriture directe en base.[39m
[31m[Nest] 41956  - [39m06/10/2026 16:17:33 [31m  ERROR[39m [38;5;3m[Emargement] [39m[31mÉmargement en mode dégradé : Valkey indisponible, écriture directe en base.[39m
[31m[Nest] 41956  - [39m06/10/2026 16:17:33 [31m  ERROR[39m [38;5;3m[Emargement] [39m[31mÉmargement en mode dégradé : Valkey indisponible, écriture directe en base.[39m
[31m[Nest] 41956  - [39m06/10/2026 16:17:33 [31m  ERROR[39m [38;5;3m[Emargement] [39m[31mÉmargement en mode dégradé : Valkey indisponible, écriture directe en base.[39m
[31m[Nest] 41956  - [39m06/10/2026 16:17:33 [31m  ERROR[39m [38;5;3m[Emargement] [39m[31mÉmargement en mode dégradé : Valkey indisponible, écriture directe en base.[39m
[31m[Nest] 41956  - [39m06/10/2026 16:17:33 [31m  ERROR[39m [38;5;3m[Emargement] [39m[31mÉmargement en mode dégradé : Valkey indisponible, écriture directe en base.[39m
[31m[Nest] 41956  - [39m06/10/2026 16:17:33 [31m  ERROR[39m [38;5;3m[Emargement] [39m[31mÉmargement en mode dégradé : Valkey indisponible, écriture directe en base.[39m
[31m[Nest] 41956  - [39m06/10/2026 16:17:33 [31m  ERROR[39m [38;5;3m[Emargement] [39m[31mÉmargement en mode dégradé : Valkey indisponible, écriture directe en base.[39m
[31m[Nest] 41956  - [39m06/10/2026 16:17:33 [31m  ERROR[39m [38;5;3m[Emargement] [39m[31mÉmargement en mode dégradé : Valkey indisponible, écriture directe en base.[39m
[31m[Nest] 41956  - [39m06/10/2026 16:17:33 [31m  ERROR[39m [38;5;3m[Emargement] [39m[31mÉmargement en mode dégradé : Valkey indisponible, écriture directe en base.[39m
[31m[Nest] 41956  - [39m06/10/2026 16:17:33 [31m  ERROR[39m [38;5;3m[Emargement] [39m[31mÉmargement en mode dégradé : Valkey indisponible, écriture directe en base.[39m
[31m[Nest] 41956  - [39m06/10/2026 16:17:33 [31m  ERROR[39m [38;5;3m[Emargement] [39m[31mÉmargement en mode dégradé : Valkey indisponible, écriture directe en base.[39m
[31m[Nest] 41956  - [39m06/10/2026 16:17:33 [31m  ERROR[39m [38;5;3m[Emargement] [39m[31mÉmargement en mode dégradé : Valkey indisponible, écriture directe en base.[39m
[31m[Nest] 41956  - [39m06/10/2026 16:17:33 [31m  ERROR[39m [38;5;3m[Emargement] [39m[31mÉmargement en mode dégradé : Valkey indisponible, écriture directe en base.[39m
[31m[Nest] 41956  - [39m06/10/2026 16:17:33 [31m  ERROR[39m [38;5;3m[Emargement] [39m[31mÉmargement en mode dégradé : Valkey indisponible, écriture directe en base.[39m
[31m[Nest] 41956  - [39m06/10/2026 16:17:33 [31m  ERROR[39m [38;5;3m[Emargement] [39m[31mÉmargement en mode dégradé : Valkey indisponible, écriture directe en base.[39m
[31m[Nest] 41956  - [39m06/10/2026 16:17:33 [31m  ERROR[39m [38;5;3m[Emargement] [39m[31mÉmargement en mode dégradé : Valkey indisponible, écriture directe en base.[39m
[31m[Nest] 41956  - [39m06/10/2026 16:17:33 [31m  ERROR[39m [38;5;3m[Emargement] [39m[31mÉmargement en mode dégradé : Valkey indisponible, écriture directe en base.[39m
[31m[Nest] 41956  - [39m06/10/2026 16:17:33 [31m  ERROR[39m [38;5;3m[Emargement] [39m[31mÉmargement en mode dégradé : Valkey indisponible, écriture directe en base.[39m
[31m[Nest] 41956  - [39m06/10/2026 16:17:33 [31m  ERROR[39m [38;5;3m[Emargement] [39m[31mÉmargement en mode dégradé : Valkey indisponible, écriture directe en base.[39m
[31m[Nest] 41956  - [39m06/10/2026 16:17:33 [31m  ERROR[39m [38;5;3m[Emargement] [39m[31mÉmargement en mode dégradé : Valkey indisponible, écriture directe en base.[39m
[31m[Nest] 41956  - [39m06/10/2026 16:17:33 [31m  ERROR[39m [38;5;3m[Emargement] [39m[31mÉmargement en mode dégradé : Valkey indisponible, écriture directe en base.[39m
[31m[Nest] 41956  - [39m06/10/2026 16:17:33 [31m  ERROR[39m [38;5;3m[Emargement] [39m[31mÉmargement en mode dégradé : Valkey indisponible, écriture directe en base.[39m
[31m[Nest] 41956  - [39m06/10/2026 16:17:33 [31m  ERROR[39m [38;5;3m[Emargement] [39m[31mÉmargement en mode dégradé : Valkey indisponible, écriture directe en base.[39m
[31m[Nest] 41956  - [39m06/10/2026 16:17:33 [31m  ERROR[39m [38;5;3m[Emargement] [39m[31mÉmargement en mode dégradé : Valkey indisponible, écriture directe en base.[39m
[31m[Nest] 41956  - [39m06/10/2026 16:17:33 [31m  ERROR[39m [38;5;3m[Emargement] [39m[31mÉmargement en mode dégradé : Valkey indisponible, écriture directe en base.[39m
[31m[Nest] 41956  - [39m06/10/2026 16:17:33 [31m  ERROR[39m [38;5;3m[Emargement] [39m[31mÉmargement en mode dégradé : Valkey indisponible, écriture directe en base.[39m
[31m[Nest] 41956  - [39m06/10/2026 16:17:33 [31m  ERROR[39m [38;5;3m[Emargement] [39m[31mÉmargement en mode dégradé : Valkey indisponible, écriture directe en base.[39m
[31m[Nest] 41956  - [39m06/10/2026 16:17:33 [31m  ERROR[39m [38;5;3m[Emargement] [39m[31mÉmargement en mode dégradé : Valkey indisponible, écriture directe en base.[39m
[31m[Nest] 41956  - [39m06/10/2026 16:17:33 [31m  ERROR[39m [38;5;3m[Emargement] [39m[31mÉmargement en mode dégradé : Valkey indisponible, écriture directe en base.[39m
[31m[Nest] 41956  - [39m06/10/2026 16:17:33 [31m  ERROR[39m [38;5;3m[Emargement] [39m[31mÉmargement en mode dégradé : Valkey indisponible, écriture directe en base.[39m
[31m[Nest] 41956  - [39m06/10/2026 16:17:33 [31m  ERROR[39m [38;5;3m[Emargement] [39m[31mÉmargement en mode dégradé : Valkey indisponible, écriture directe en base.[39m
[31m[Nest] 41956  - [39m06/10/2026 16:17:33 [31m  ERROR[39m [38;5;3m[Emargement] [39m[31mÉmargement en mode dégradé : Valkey indisponible, écriture directe en base.[39m
[31m[Nest] 41956  - [39m06/10/2026 16:17:33 [31m  ERROR[39m [38;5;3m[Emargement] [39m[31mÉmargement en mode dégradé : Valkey indisponible, écriture directe en base.[39m
[31m[Nest] 41956  - [39m06/10/2026 16:17:33 [31m  ERROR[39m [38;5;3m[Emargement] [39m[31mÉmargement en mode dégradé : Valkey indisponible, écriture directe en base.[39m
[31m[Nest] 41956  - [39m06/10/2026 16:17:33 [31m  ERROR[39m [38;5;3m[Emargement] [39m[31mÉmargement en mode dégradé : Valkey indisponible, écriture directe en base.[39m
[31m[Nest] 41956  - [39m06/10/2026 16:17:33 [31m  ERROR[39m [38;5;3m[Emargement] [39m[31mÉmargement en mode dégradé : Valkey indisponible, écriture directe en base.[39m
[31m[Nest] 41956  - [39m06/10/2026 16:17:33 [31m  ERROR[39m [38;5;3m[Emargement] [39m[31mÉmargement en mode dégradé : Valkey indisponible, écriture directe en base.[39m
[31m[Nest] 41956  - [39m06/10/2026 16:17:33 [31m  ERROR[39m [38;5;3m[Emargement] [39m[31mÉmargement en mode dégradé : Valkey indisponible, écriture directe en base.[39m
[31m[Nest] 41956  - [39m06/10/2026 16:17:33 [31m  ERROR[39m [38;5;3m[Emargement] [39m[31mÉmargement en mode dégradé : Valkey indisponible, écriture directe en base.[39m
[31m[Nest] 41956  - [39m06/10/2026 16:17:33 [31m  ERROR[39m [38;5;3m[Emargement] [39m[31mÉmargement en mode dégradé : Valkey indisponible, écriture directe en base.[39m
[31m[Nest] 41956  - [39m06/10/2026 16:17:33 [31m  ERROR[39m [38;5;3m[Emargement] [39m[31mÉmargement en mode dégradé : Valkey indisponible, écriture directe en base.[39m
[31m[Nest] 41956  - [39m06/10/2026 16:17:33 [31m  ERROR[39m [38;5;3m[Emargement] [39m[31mÉmargement en mode dégradé : Valkey indisponible, écriture directe en base.[39m
[31m[Nest] 41956  - [39m06/10/2026 16:17:33 [31m  ERROR[39m [38;5;3m[Emargement] [39m[31mÉmargement en mode dégradé : Valkey indisponible, écriture directe en base.[39m
[31m[Nest] 41956  - [39m06/10/2026 16:17:33 [31m  ERROR[39m [38;5;3m[Emargement] [39m[31mÉmargement en mode dégradé : Valkey indisponible, écriture directe en base.[39m
[31m[Nest] 41956  - [39m06/10/2026 16:17:33 [31m  ERROR[39m [38;5;3m[Emargement] [39m[31mÉmargement en mode dégradé : Valkey indisponible, écriture directe en base.[39m
[31m[Nest] 41956  - [39m06/10/2026 16:17:33 [31m  ERROR[39m [38;5;3m[Emargement] [39m[31mÉmargement en mode dégradé : Valkey indisponible, écriture directe en base.[39m
[31m[Nest] 41956  - [39m06/10/2026 16:17:33 [31m  ERROR[39m [38;5;3m[Emargement] [39m[31mÉmargement en mode dégradé : Valkey indisponible, écriture directe en base.[39m
[31m[Nest] 41956  - [39m06/10/2026 16:17:33 [31m  ERROR[39m [38;5;3m[Emargement] [39m[31mÉmargement en mode dégradé : Valkey indisponible, écriture directe en base.[39m
[31m[Nest] 41956  - [39m06/10/2026 16:17:33 [31m  ERROR[39m [38;5;3m[Emargement] [39m[31mÉmargement en mode dégradé : Valkey indisponible, écriture directe en base.[39m
[31m[Nest] 41956  - [39m06/10/2026 16:17:33 [31m  ERROR[39m [38;5;3m[Emargement] [39m[31mÉmargement en mode dégradé : Valkey indisponible, écriture directe en base.[39m
[31m[Nest] 41956  - [39m06/10/2026 16:17:33 [31m  ERROR[39m [38;5;3m[Emargement] [39m[31mÉmargement en mode dégradé : Valkey indisponible, écriture directe en base.[39m
[31m[Nest] 41956  - [39m06/10/2026 16:17:33 [31m  ERROR[39m [38;5;3m[Emargement] [39m[31mÉmargement en mode dégradé : Valkey indisponible, écriture directe en base.[39m
[31m[Nest] 41956  - [39m06/10/2026 16:17:33 [31m  ERROR[39m [38;5;3m[Emargement] [39m[31mÉmargement en mode dégradé : Valkey indisponible, écriture directe en base.[39m
[31m[Nest] 41956  - [39m06/10/2026 16:17:33 [31m  ERROR[39m [38;5;3m[Emargement] [39m[31mÉmargement en mode dégradé : Valkey indisponible, écriture directe en base.[39m
[31m[Nest] 41956  - [39m06/10/2026 16:17:33 [31m  ERROR[39m [38;5;3m[Emargement] [39m[31mÉmargement en mode dégradé : Valkey indisponible, écriture directe en base.[39m
[31m[Nest] 41956  - [39m06/10/2026 16:17:33 [31m  ERROR[39m [38;5;3m[Emargement] [39m[31mÉmargement en mode dégradé : Valkey indisponible, écriture directe en base.[39m
[31m[Nest] 41956  - [39m06/10/2026 16:17:33 [31m  ERROR[39m [38;5;3m[Emargement] [39m[31mÉmargement en mode dégradé : Valkey indisponible, écriture directe en base.[39m
[31m[Nest] 41956  - [39m06/10/2026 16:17:34 [31m  ERROR[39m [38;5;3m[Emargement] [39m[31mÉmargement en mode dégradé : Valkey indisponible, écriture directe en base.[39m
[31m[Nest] 41956  - [39m06/10/2026 16:17:34 [31m  ERROR[39m [38;5;3m[Emargement] [39m[31mÉmargement en mode dégradé : Valkey indisponible, écriture directe en base.[39m
[31m[Nest] 41956  - [39m06/10/2026 16:17:34 [31m  ERROR[39m [38;5;3m[Emargement] [39m[31mÉmargement en mode dégradé : Valkey indisponible, écriture directe en base.[39m
[31m[Nest] 41956  - [39m06/10/2026 16:17:34 [31m  ERROR[39m [38;5;3m[Emargement] [39m[31mÉmargement en mode dégradé : Valkey indisponible, écriture directe en base.[39m
[31m[Nest] 41956  - [39m06/10/2026 16:17:34 [31m  ERROR[39m [38;5;3m[Emargement] [39m[31mÉmargement en mode dégradé : Valkey indisponible, écriture directe en base.[39m
[31m[Nest] 41956  - [39m06/10/2026 16:17:34 [31m  ERROR[39m [38;5;3m[Emargement] [39m[31mÉmargement en mode dégradé : Valkey indisponible, écriture directe en base.[39m
[31m[Nest] 41956  - [39m06/10/2026 16:17:34 [31m  ERROR[39m [38;5;3m[Emargement] [39m[31mÉmargement en mode dégradé : Valkey indisponible, écriture directe en base.[39m
[31m[Nest] 41956  - [39m06/10/2026 16:17:34 [31m  ERROR[39m [38;5;3m[Emargement] [39m[31mÉmargement en mode dégradé : Valkey indisponible, écriture directe en base.[39m
[31m[Nest] 41956  - [39m06/10/2026 16:17:34 [31m  ERROR[39m [38;5;3m[Emargement] [39m[31mÉmargement en mode dégradé : Valkey indisponible, écriture directe en base.[39m
[31m[Nest] 41956  - [39m06/10/2026 16:17:34 [31m  ERROR[39m [38;5;3m[Emargement] [39m[31mÉmargement en mode dégradé : Valkey indisponible, écriture directe en base.[39m
[31m[Nest] 41956  - [39m06/10/2026 16:17:34 [31m  ERROR[39m [38;5;3m[Emargement] [39m[31mÉmargement en mode dégradé : Valkey indisponible, écriture directe en base.[39m
[31m[Nest] 41956  - [39m06/10/2026 16:17:34 [31m  ERROR[39m [38;5;3m[Emargement] [39m[31mÉmargement en mode dégradé : Valkey indisponible, écriture directe en base.[39m
[31m[Nest] 41956  - [39m06/10/2026 16:17:34 [31m  ERROR[39m [38;5;3m[Emargement] [39m[31mÉmargement en mode dégradé : Valkey indisponible, écriture directe en base.[39m
[31m[Nest] 41956  - [39m06/10/2026 16:17:34 [31m  ERROR[39m [38;5;3m[Emargement] [39m[31mÉmargement en mode dégradé : Valkey indisponible, écriture directe en base.[39m
[31m[Nest] 41956  - [39m06/10/2026 16:17:34 [31m  ERROR[39m [38;5;3m[Emargement] [39m[31mÉmargement en mode dégradé : Valkey indisponible, écriture directe en base.[39m
[31m[Nest] 41956  - [39m06/10/2026 16:17:34 [31m  ERROR[39m [38;5;3m[Emargement] [39m[31mÉmargement en mode dégradé : Valkey indisponible, écriture directe en base.[39m
[31m[Nest] 41956  - [39m06/10/2026 16:17:34 [31m  ERROR[39m [38;5;3m[Emargement] [39m[31mÉmargement en mode dégradé : Valkey indisponible, écriture directe en base.[39m
[31m[Nest] 41956  - [39m06/10/2026 16:17:34 [31m  ERROR[39m [38;5;3m[Emargement] [39m[31mÉmargement en mode dégradé : Valkey indisponible, écriture directe en base.[39m
[31m[Nest] 41956  - [39m06/10/2026 16:17:34 [31m  ERROR[39m [38;5;3m[Emargement] [39m[31mÉmargement en mode dégradé : Valkey indisponible, écriture directe en base.[39m
[31m[Nest] 41956  - [39m06/10/2026 16:17:34 [31m  ERROR[39m [38;5;3m[Emargement] [39m[31mÉmargement en mode dégradé : Valkey indisponible, écriture directe en base.[39m
[31m[Nest] 41956  - [39m06/10/2026 16:17:34 [31m  ERROR[39m [38;5;3m[Emargement] [39m[31mÉmargement en mode dégradé : Valkey indisponible, écriture directe en base.[39m
[31m[Nest] 41956  - [39m06/10/2026 16:17:34 [31m  ERROR[39m [38;5;3m[Emargement] [39m[31mÉmargement en mode dégradé : Valkey indisponible, écriture directe en base.[39m
[31m[Nest] 41956  - [39m06/10/2026 16:17:34 [31m  ERROR[39m [38;5;3m[Emargement] [39m[31mÉmargement en mode dégradé : Valkey indisponible, écriture directe en base.[39m
[31m[Nest] 41956  - [39m06/10/2026 16:17:34 [31m  ERROR[39m [38;5;3m[Emargement] [39m[31mÉmargement en mode dégradé : Valkey indisponible, écriture directe en base.[39m
[31m[Nest] 41956  - [39m06/10/2026 16:17:34 [31m  ERROR[39m [38;5;3m[Emargement] [39m[31mÉmargement en mode dégradé : Valkey indisponible, écriture directe en base.[39m
[31m[Nest] 41956  - [39m06/10/2026 16:17:34 [31m  ERROR[39m [38;5;3m[Emargement] [39m[31mÉmargement en mode dégradé : Valkey indisponible, écriture directe en base.[39m
[31m[Nest] 41956  - [39m06/10/2026 16:17:34 [31m  ERROR[39m [38;5;3m[Emargement] [39m[31mÉmargement en mode dégradé : Valkey indisponible, écriture directe en base.[39m
[31m[Nest] 41956  - [39m06/10/2026 16:17:34 [31m  ERROR[39m [38;5;3m[Emargement] [39m[31mÉmargement en mode dégradé : Valkey indisponible, écriture directe en base.[39m
[31m[Nest] 41956  - [39m06/10/2026 16:17:34 [31m  ERROR[39m [38;5;3m[Emargement] [39m[31mÉmargement en mode dégradé : Valkey indisponible, écriture directe en base.[39m
[31m[Nest] 41956  - [39m06/10/2026 16:17:34 [31m  ERROR[39m [38;5;3m[Emargement] [39m[31mÉmargement en mode dégradé : Valkey indisponible, écriture directe en base.[39m
[31m[Nest] 41956  - [39m06/10/2026 16:17:34 [31m  ERROR[39m [38;5;3m[Emargement] [39m[31mÉmargement en mode dégradé : Valkey indisponible, écriture directe en base.[39m
[31m[Nest] 41956  - [39m06/10/2026 16:17:34 [31m  ERROR[39m [38;5;3m[Emargement] [39m[31mÉmargement en mode dégradé : Valkey indisponible, écriture directe en base.[39m
[31m[Nest] 41956  - [39m06/10/2026 16:17:34 [31m  ERROR[39m [38;5;3m[Emargement] [39m[31mÉmargement en mode dégradé : Valkey indisponible, écriture directe en base.[39m
[31m[Nest] 41956  - [39m06/10/2026 16:17:34 [31m  ERROR[39m [38;5;3m[Emargement] [39m[31mÉmargement en mode dégradé : Valkey indisponible, écriture directe en base.[39m
[31m[Nest] 41956  - [39m06/10/2026 16:17:34 [31m  ERROR[39m [38;5;3m[Emargement] [39m[31mÉmargement en mode dégradé : Valkey indisponible, écriture directe en base.[39m
[31m[Nest] 41956  - [39m06/10/2026 16:17:34 [31m  ERROR[39m [38;5;3m[Emargement] [39m[31mÉmargement en mode dégradé : Valkey indisponible, écriture directe en base.[39m
[31m[Nest] 41956  - [39m06/10/2026 16:17:34 [31m  ERROR[39m [38;5;3m[Emargement] [39m[31mÉmargement en mode dégradé : Valkey indisponible, écriture directe en base.[39m
[31m[Nest] 41956  - [39m06/10/2026 16:17:34 [31m  ERROR[39m [38;5;3m[Emargement] [39m[31mÉmargement en mode dégradé : Valkey indisponible, écriture directe en base.[39m
[31m[Nest] 41956  - [39m06/10/2026 16:17:34 [31m  ERROR[39m [38;5;3m[Emargement] [39m[31mÉmargement en mode dégradé : Valkey indisponible, écriture directe en base.[39m
[31m[Nest] 41956  - [39m06/10/2026 16:17:34 [31m  ERROR[39m [38;5;3m[Emargement] [39m[31mÉmargement en mode dégradé : Valkey indisponible, écriture directe en base.[39m
[31m[Nest] 41956  - [39m06/10/2026 16:17:34 [31m  ERROR[39m [38;5;3m[Emargement] [39m[31mÉmargement en mode dégradé : Valkey indisponible, écriture directe en base.[39m
[31m[Nest] 41956  - [39m06/10/2026 16:17:34 [31m  ERROR[39m [38;5;3m[Emargement] [39m[31mÉmargement en mode dégradé : Valkey indisponible, écriture directe en base.[39m
[31m[Nest] 41956  - [39m06/10/2026 16:17:34 [31m  ERROR[39m [38;5;3m[Emargement] [39m[31mÉmargement en mode dégradé : Valkey indisponible, écriture directe en base.[39m
[31m[Nest] 41956  - [39m06/10/2026 16:17:34 [31m  ERROR[39m [38;5;3m[Emargement] [39m[31mÉmargement en mode dégradé : Valkey indisponible, écriture directe en base.[39m
[31m[Nest] 41956  - [39m06/10/2026 16:17:34 [31m  ERROR[39m [38;5;3m[Emargement] [39m[31mÉmargement en mode dégradé : Valkey indisponible, écriture directe en base.[39m
[31m[Nest] 41956  - [39m06/10/2026 16:17:34 [31m  ERROR[39m [38;5;3m[Emargement] [39m[31mÉmargement en mode dégradé : Valkey indisponible, écriture directe en base.[39m
[31m[Nest] 41956  - [39m06/10/2026 16:17:34 [31m  ERROR[39m [38;5;3m[Emargement] [39m[31mÉmargement en mode dégradé : Valkey indisponible, écriture directe en base.[39m
[31m[Nest] 41956  - [39m06/10/2026 16:17:34 [31m  ERROR[39m [38;5;3m[Emargement] [39m[31mÉmargement en mode dégradé : Valkey indisponible, écriture directe en base.[39m
[31m[Nest] 41956  - [39m06/10/2026 16:17:34 [31m  ERROR[39m [38;5;3m[Emargement] [39m[31mÉmargement en mode dégradé : Valkey indisponible, écriture directe en base.[39m
[31m[Nest] 41956  - [39m06/10/2026 16:17:34 [31m  ERROR[39m [38;5;3m[Emargement] [39m[31mÉmargement en mode dégradé : Valkey indisponible, écriture directe en base.[39m
[31m[Nest] 41956  - [39m06/10/2026 16:17:34 [31m  ERROR[39m [38;5;3m[Emargement] [39m[31mÉmargement en mode dégradé : Valkey indisponible, écriture directe en base.[39m
[31m[Nest] 41956  - [39m06/10/2026 16:17:34 [31m  ERROR[39m [38;5;3m[Emargement] [39m[31mÉmargement en mode dégradé : Valkey indisponible, écriture directe en base.[39m
[31m[Nest] 41956  - [39m06/10/2026 16:17:34 [31m  ERROR[39m [38;5;3m[Emargement] [39m[31mÉmargement en mode dégradé : Valkey indisponible, écriture directe en base.[39m
[31m[Nest] 41956  - [39m06/10/2026 16:17:34 [31m  ERROR[39m [38;5;3m[Emargement] [39m[31mÉmargement en mode dégradé : Valkey indisponible, écriture directe en base.[39m
[31m[Nest] 41956  - [39m06/10/2026 16:17:34 [31m  ERROR[39m [38;5;3m[Emargement] [39m[31mÉmargement en mode dégradé : Valkey indisponible, écriture directe en base.[39m
[31m[Nest] 41956  - [39m06/10/2026 16:17:34 [31m  ERROR[39m [38;5;3m[Emargement] [39m[31mÉmargement en mode dégradé : Valkey indisponible, écriture directe en base.[39m
[31m[Nest] 41956  - [39m06/10/2026 16:17:34 [31m  ERROR[39m [38;5;3m[Emargement] [39m[31mÉmargement en mode dégradé : Valkey indisponible, écriture directe en base.[39m
[31m[Nest] 41956  - [39m06/10/2026 16:17:34 [31m  ERROR[39m [38;5;3m[Emargement] [39m[31mÉmargement en mode dégradé : Valkey indisponible, écriture directe en base.[39m
[31m[Nest] 41956  - [39m06/10/2026 16:17:34 [31m  ERROR[39m [38;5;3m[Emargement] [39m[31mÉmargement en mode dégradé : Valkey indisponible, écriture directe en base.[39m
[31m[Nest] 41956  - [39m06/10/2026 16:17:34 [31m  ERROR[39m [38;5;3m[Emargement] [39m[31mÉmargement en mode dégradé : Valkey indisponible, écriture directe en base.[39m
[31m[Nest] 41956  - [39m06/10/2026 16:17:34 [31m  ERROR[39m [38;5;3m[Emargement] [39m[31mÉmargement en mode dégradé : Valkey indisponible, écriture directe en base.[39m
[31m[Nest] 41956  - [39m06/10/2026 16:17:34 [31m  ERROR[39m [38;5;3m[Emargement] [39m[31mÉmargement en mode dégradé : Valkey indisponible, écriture directe en base.[39m
[31m[Nest] 41956  - [39m06/10/2026 16:17:34 [31m  ERROR[39m [38;5;3m[Emargement] [39m[31mÉmargement en mode dégradé : Valkey indisponible, écriture directe en base.[39m
[31m[Nest] 41956  - [39m06/10/2026 16:17:34 [31m  ERROR[39m [38;5;3m[Emargement] [39m[31mÉmargement en mode dégradé : Valkey indisponible, écriture directe en base.[39m
[31m[Nest] 41956  - [39m06/10/2026 16:17:34 [31m  ERROR[39m [38;5;3m[Emargement] [39m[31mÉmargement en mode dégradé : Valkey indisponible, écriture directe en base.[39m
[31m[Nest] 41956  - [39m06/10/2026 16:17:34 [31m  ERROR[39m [38;5;3m[Emargement] [39m[31mÉmargement en mode dégradé : Valkey indisponible, écriture directe en base.[39m
[31m[Nest] 41956  - [39m06/10/2026 16:17:34 [31m  ERROR[39m [38;5;3m[Emargement] [39m[31mÉmargement en mode dégradé : Valkey indisponible, écriture directe en base.[39m
[31m[Nest] 41956  - [39m06/10/2026 16:17:34 [31m  ERROR[39m [38;5;3m[Emargement] [39m[31mÉmargement en mode dégradé : Valkey indisponible, écriture directe en base.[39m
[31m[Nest] 41956  - [39m06/10/2026 16:17:34 [31m  ERROR[39m [38;5;3m[Emargement] [39m[31mÉmargement en mode dégradé : Valkey indisponible, écriture directe en base.[39m
[31m[Nest] 41956  - [39m06/10/2026 16:17:34 [31m  ERROR[39m [38;5;3m[Emargement] [39m[31mÉmargement en mode dégradé : Valkey indisponible, écriture directe en base.[39m
[31m[Nest] 41956  - [39m06/10/2026 16:17:34 [31m  ERROR[39m [38;5;3m[Emargement] [39m[31mÉmargement en mode dégradé : Valkey indisponible, écriture directe en base.[39m
[31m[Nest] 41956  - [39m06/10/2026 16:17:34 [31m  ERROR[39m [38;5;3m[Emargement] [39m[31mÉmargement en mode dégradé : Valkey indisponible, écriture directe en base.[39m
[31m[Nest] 41956  - [39m06/10/2026 16:17:34 [31m  ERROR[39m [38;5;3m[Emargement] [39m[31mÉmargement en mode dégradé : Valkey indisponible, écriture directe en base.[39m
[31m[Nest] 41956  - [39m06/10/2026 16:17:34 [31m  ERROR[39m [38;5;3m[Emargement] [39m[31mÉmargement en mode dégradé : Valkey indisponible, écriture directe en base.[39m
[31m[Nest] 41956  - [39m06/10/2026 16:17:34 [31m  ERROR[39m [38;5;3m[Emargement] [39m[31mÉmargement en mode dégradé : Valkey indisponible, écriture directe en base.[39m
[31m[Nest] 41956  - [39m06/10/2026 16:17:34 [31m  ERROR[39m [38;5;3m[Emargement] [39m[31mÉmargement en mode dégradé : Valkey indisponible, écriture directe en base.[39m
[31m[Nest] 41956  - [39m06/10/2026 16:17:34 [31m  ERROR[39m [38;5;3m[Emargement] [39m[31mÉmargement en mode dégradé : Valkey indisponible, écriture directe en base.[39m
[31m[Nest] 41956  - [39m06/10/2026 16:17:34 [31m  ERROR[39m [38;5;3m[Emargement] [39m[31mÉmargement en mode dégradé : Valkey indisponible, écriture directe en base.[39m
[31m[Nest] 41956  - [39m06/10/2026 16:17:34 [31m  ERROR[39m [38;5;3m[Emargement] [39m[31mÉmargement en mode dégradé : Valkey indisponible, écriture directe en base.[39m
[31m[Nest] 41956  - [39m06/10/2026 16:17:34 [31m  ERROR[39m [38;5;3m[Emargement] [39m[31mÉmargement en mode dégradé : Valkey indisponible, écriture directe en base.[39m
[31m[Nest] 41956  - [39m06/10/2026 16:17:34 [31m  ERROR[39m [38;5;3m[Emargement] [39m[31mÉmargement en mode dégradé : Valkey indisponible, écriture directe en base.[39m
[31m[Nest] 41956  - [39m06/10/2026 16:17:34 [31m  ERROR[39m [38;5;3m[Emargement] [39m[31mÉmargement en mode dégradé : Valkey indisponible, écriture directe en base.[39m
[31m[Nest] 41956  - [39m06/10/2026 16:17:34 [31m  ERROR[39m [38;5;3m[Emargement] [39m[31mÉmargement en mode dégradé : Valkey indisponible, écriture directe en base.[39m
[31m[Nest] 41956  - [39m06/10/2026 16:17:34 [31m  ERROR[39m [38;5;3m[Emargement] [39m[31mÉmargement en mode dégradé : Valkey indisponible, écriture directe en base.[39m
[31m[Nest] 41956  - [39m06/10/2026 16:17:34 [31m  ERROR[39m [38;5;3m[Emargement] [39m[31mÉmargement en mode dégradé : Valkey indisponible, écriture directe en base.[39m
[31m[Nest] 41956  - [39m06/10/2026 16:17:34 [31m  ERROR[39m [38;5;3m[Emargement] [39m[31mÉmargement en mode dégradé : Valkey indisponible, écriture directe en base.[39m
[31m[Nest] 41956  - [39m06/10/2026 16:17:34 [31m  ERROR[39m [38;5;3m[Emargement] [39m[31mÉmargement en mode dégradé : Valkey indisponible, écriture directe en base.[39m
[31m[Nest] 41956  - [39m06/10/2026 16:17:34 [31m  ERROR[39m [38;5;3m[Emargement] [39m[31mÉmargement en mode dégradé : Valkey indisponible, écriture directe en base.[39m
[31m[Nest] 41956  - [39m06/10/2026 16:17:34 [31m  ERROR[39m [38;5;3m[Emargement] [39m[31mÉmargement en mode dégradé : Valkey indisponible, écriture directe en base.[39m
[31m[Nest] 41956  - [39m06/10/2026 16:17:34 [31m  ERROR[39m [38;5;3m[Emargement] [39m[31mÉmargement en mode dégradé : Valkey indisponible, écriture directe en base.[39m
[31m[Nest] 41956  - [39m06/10/2026 16:17:34 [31m  ERROR[39m [38;5;3m[Emargement] [39m[31mÉmargement en mode dégradé : Valkey indisponible, écriture directe en base.[39m
[31m[Nest] 41956  - [39m06/10/2026 16:17:34 [31m  ERROR[39m [38;5;3m[Emargement] [39m[31mÉmargement en mode dégradé : Valkey indisponible, écriture directe en base.[39m
[31m[Nest] 41956  - [39m06/10/2026 16:17:34 [31m  ERROR[39m [38;5;3m[Emargement] [39m[31mÉmargement en mode dégradé : Valkey indisponible, écriture directe en base.[39m
[31m[Nest] 41956  - [39m06/10/2026 16:17:34 [31m  ERROR[39m [38;5;3m[Emargement] [39m[31mÉmargement en mode dégradé : Valkey indisponible, écriture directe en base.[39m
[31m[Nest] 41956  - [39m06/10/2026 16:17:34 [31m  ERROR[39m [38;5;3m[Emargement] [39m[31mÉmargement en mode dégradé : Valkey indisponible, écriture directe en base.[39m
[31m[Nest] 41956  - [39m06/10/2026 16:17:34 [31m  ERROR[39m [38;5;3m[Emargement] [39m[31mÉmargement en mode dégradé : Valkey indisponible, écriture directe en base.[39m
[31m[Nest] 41956  - [39m06/10/2026 16:17:34 [31m  ERROR[39m [38;5;3m[Emargement] [39m[31mÉmargement en mode dégradé : Valkey indisponible, écriture directe en base.[39m
[31m[Nest] 41956  - [39m06/10/2026 16:17:34 [31m  ERROR[39m [38;5;3m[Emargement] [39m[31mÉmargement en mode dégradé : Valkey indisponible, écriture directe en base.[39m
[31m[Nest] 41956  - [39m06/10/2026 16:17:34 [31m  ERROR[39m [38;5;3m[Emargement] [39m[31mÉmargement en mode dégradé : Valkey indisponible, écriture directe en base.[39m
[31m[Nest] 41956  - [39m06/10/2026 16:17:34 [31m  ERROR[39m [38;5;3m[Emargement] [39m[31mÉmargement en mode dégradé : Valkey indisponible, écriture directe en base.[39m
[31m[Nest] 41956  - [39m06/10/2026 16:17:34 [31m  ERROR[39m [38;5;3m[Emargement] [39m[31mÉmargement en mode dégradé : Valkey indisponible, écriture directe en base.[39m
[31m[Nest] 41956  - [39m06/10/2026 16:17:34 [31m  ERROR[39m [38;5;3m[Emargement] [39m[31mÉmargement en mode dégradé : Valkey indisponible, écriture directe en base.[39m
[31m[Nest] 41956  - [39m06/10/2026 16:17:34 [31m  ERROR[39m [38;5;3m[Emargement] [39m[31mÉmargement en mode dégradé : Valkey indisponible, écriture directe en base.[39m
[31m[Nest] 41956  - [39m06/10/2026 16:17:34 [31m  ERROR[39m [38;5;3m[Emargement] [39m[31mÉmargement en mode dégradé : Valkey indisponible, écriture directe en base.[39m
[31m[Nest] 41956  - [39m06/10/2026 16:17:34 [31m  ERROR[39m [38;5;3m[Emargement] [39m[31mÉmargement en mode dégradé : Valkey indisponible, écriture directe en base.[39m
[31m[Nest] 41956  - [39m06/10/2026 16:17:34 [31m  ERROR[39m [38;5;3m[Emargement] [39m[31mÉmargement en mode dégradé : Valkey indisponible, écriture directe en base.[39m
[31m[Nest] 41956  - [39m06/10/2026 16:17:34 [31m  ERROR[39m [38;5;3m[Emargement] [39m[31mÉmargement en mode dégradé : Valkey indisponible, écriture directe en base.[39m
[31m[Nest] 41956  - [39m06/10/2026 16:17:34 [31m  ERROR[39m [38;5;3m[Emargement] [39m[31mÉmargement en mode dégradé : Valkey indisponible, écriture directe en base.[39m
[31m[Nest] 41956  - [39m06/10/2026 16:17:34 [31m  ERROR[39m [38;5;3m[Emargement] [39m[31mÉmargement en mode dégradé : Valkey indisponible, écriture directe en base.[39m
[31m[Nest] 41956  - [39m06/10/2026 16:17:34 [31m  ERROR[39m [38;5;3m[Emargement] [39m[31mÉmargement en mode dégradé : Valkey indisponible, écriture directe en base.[39m
[31m[Nest] 41956  - [39m06/10/2026 16:17:34 [31m  ERROR[39m [38;5;3m[Emargement] [39m[31mÉmargement en mode dégradé : Valkey indisponible, écriture directe en base.[39m
[31m[Nest] 41956  - [39m06/10/2026 16:17:34 [31m  ERROR[39m [38;5;3m[Emargement] [39m[31mÉmargement en mode dégradé : Valkey indisponible, écriture directe en base.[39m
[31m[Nest] 41956  - [39m06/10/2026 16:17:34 [31m  ERROR[39m [38;5;3m[Emargement] [39m[31mÉmargement en mode dégradé : Valkey indisponible, écriture directe en base.[39m
[31m[Nest] 41956  - [39m06/10/2026 16:17:34 [31m  ERROR[39m [38;5;3m[Emargement] [39m[31mÉmargement en mode dégradé : Valkey indisponible, écriture directe en base.[39m
[31m[Nest] 41956  - [39m06/10/2026 16:17:34 [31m  ERROR[39m [38;5;3m[Emargement] [39m[31mÉmargement en mode dégradé : Valkey indisponible, écriture directe en base.[39m
[31m[Nest] 41956  - [39m06/10/2026 16:17:34 [31m  ERROR[39m [38;5;3m[Emargement] [39m[31mÉmargement en mode dégradé : Valkey indisponible, écriture directe en base.[39m
[31m[Nest] 41956  - [39m06/10/2026 16:17:34 [31m  ERROR[39m [38;5;3m[Emargement] [39m[31mÉmargement en mode dégradé : Valkey indisponible, écriture directe en base.[39m
[31m[Nest] 41956  - [39m06/10/2026 16:17:34 [31m  ERROR[39m [38;5;3m[Emargement] [39m[31mÉmargement en mode dégradé : Valkey indisponible, écriture directe en base.[39m
[31m[Nest] 41956  - [39m06/10/2026 16:17:34 [31m  ERROR[39m [38;5;3m[Emargement] [39m[31mÉmargement en mode dégradé : Valkey indisponible, écriture directe en base.[39m
[31m[Nest] 41956  - [39m06/10/2026 16:17:34 [31m  ERROR[39m [38;5;3m[Emargement] [39m[31mÉmargement en mode dégradé : Valkey indisponible, écriture directe en base.[39m
[31m[Nest] 41956  - [39m06/10/2026 16:17:34 [31m  ERROR[39m [38;5;3m[Emargement] [39m[31mÉmargement en mode dégradé : Valkey indisponible, écriture directe en base.[39m
[31m[Nest] 41956  - [39m06/10/2026 16:17:34 [31m  ERROR[39m [38;5;3m[Emargement] [39m[31mÉmargement en mode dégradé : Valkey indisponible, écriture directe en base.[39m
[31m[Nest] 41956  - [39m06/10/2026 16:17:34 [31m  ERROR[39m [38;5;3m[Emargement] [39m[31mÉmargement en mode dégradé : Valkey indisponible, écriture directe en base.[39m
[31m[Nest] 41956  - [39m06/10/2026 16:17:34 [31m  ERROR[39m [38;5;3m[Emargement] [39m[31mÉmargement en mode dégradé : Valkey indisponible, écriture directe en base.[39m
[31m[Nest] 41956  - [39m06/10/2026 16:17:34 [31m  ERROR[39m [38;5;3m[Emargement] [39m[31mÉmargement en mode dégradé : Valkey indisponible, écriture directe en base.[39m
[31m[Nest] 41956  - [39m06/10/2026 16:17:34 [31m  ERROR[39m [38;5;3m[Emargement] [39m[31mÉmargement en mode dégradé : Valkey indisponible, écriture directe en base.[39m
[31m[Nest] 41956  - [39m06/10/2026 16:17:34 [31m  ERROR[39m [38;5;3m[Emargement] [39m[31mÉmargement en mode dégradé : Valkey indisponible, écriture directe en base.[39m
[31m[Nest] 41956  - [39m06/10/2026 16:17:34 [31m  ERROR[39m [38;5;3m[Emargement] [39m[31mÉmargement en mode dégradé : Valkey indisponible, écriture directe en base.[39m
[31m[Nest] 41956  - [39m06/10/2026 16:17:34 [31m  ERROR[39m [38;5;3m[Emargement] [39m[31mÉmargement en mode dégradé : Valkey indisponible, écriture directe en base.[39m
[31m[Nest] 41956  - [39m06/10/2026 16:17:34 [31m  ERROR[39m [38;5;3m[Emargement] [39m[31mÉmargement en mode dégradé : Valkey indisponible, écriture directe en base.[39m
[31m[Nest] 41956  - [39m06/10/2026 16:17:34 [31m  ERROR[39m [38;5;3m[Emargement] [39m[31mÉmargement en mode dégradé : Valkey indisponible, écriture directe en base.[39m
[31m[Nest] 41956  - [39m06/10/2026 16:17:34 [31m  ERROR[39m [38;5;3m[Emargement] [39m[31mÉmargement en mode dégradé : Valkey indisponible, écriture directe en base.[39m
[31m[Nest] 41956  - [39m06/10/2026 16:17:34 [31m  ERROR[39m [38;5;3m[Emargement] [39m[31mÉmargement en mode dégradé : Valkey indisponible, écriture directe en base.[39m
[31m[Nest] 41956  - [39m06/10/2026 16:17:34 [31m  ERROR[39m [38;5;3m[Emargement] [39m[31mÉmargement en mode dégradé : Valkey indisponible, écriture directe en base.[39m
[31m[Nest] 41956  - [39m06/10/2026 16:17:34 [31m  ERROR[39m [38;5;3m[Emargement] [39m[31mÉmargement en mode dégradé : Valkey indisponible, écriture directe en base.[39m
[31m[Nest] 41956  - [39m06/10/2026 16:17:34 [31m  ERROR[39m [38;5;3m[Emargement] [39m[31mÉmargement en mode dégradé : Valkey indisponible, écriture directe en base.[39m
[31m[Nest] 41956  - [39m06/10/2026 16:17:34 [31m  ERROR[39m [38;5;3m[Emargement] [39m[31mÉmargement en mode dégradé : Valkey indisponible, écriture directe en base.[39m
[31m[Nest] 41956  - [39m06/10/2026 16:17:34 [31m  ERROR[39m [38;5;3m[Emargement] [39m[31mÉmargement en mode dégradé : Valkey indisponible, écriture directe en base.[39m
[31m[Nest] 41956  - [39m06/10/2026 16:17:34 [31m  ERROR[39m [38;5;3m[Emargement] [39m[31mÉmargement en mode dégradé : Valkey indisponible, écriture directe en base.[39m
[31m[Nest] 41956  - [39m06/10/2026 16:17:34 [31m  ERROR[39m [38;5;3m[Emargement] [39m[31mÉmargement en mode dégradé : Valkey indisponible, écriture directe en base.[39m
[31m[Nest] 41956  - [39m06/10/2026 16:17:34 [31m  ERROR[39m [38;5;3m[Emargement] [39m[31mÉmargement en mode dégradé : Valkey indisponible, écriture directe en base.[39m
[31m[Nest] 41956  - [39m06/10/2026 16:17:34 [31m  ERROR[39m [38;5;3m[Emargement] [39m[31mÉmargement en mode dégradé : Valkey indisponible, écriture directe en base.[39m
[31m[Nest] 41956  - [39m06/10/2026 16:17:34 [31m  ERROR[39m [38;5;3m[Emargement] [39m[31mÉmargement en mode dégradé : Valkey indisponible, écriture directe en base.[39m
[31m[Nest] 41956  - [39m06/10/2026 16:17:34 [31m  ERROR[39m [38;5;3m[Emargement] [39m[31mÉmargement en mode dégradé : Valkey indisponible, écriture directe en base.[39m
[31m[Nest] 41956  - [39m06/10/2026 16:17:34 [31m  ERROR[39m [38;5;3m[Emargement] [39m[31mÉmargement en mode dégradé : Valkey indisponible, écriture directe en base.[39m
[31m[Nest] 41956  - [39m06/10/2026 16:17:34 [31m  ERROR[39m [38;5;3m[Emargement] [39m[31mÉmargement en mode dégradé : Valkey indisponible, écriture directe en base.[39m
[31m[Nest] 41956  - [39m06/10/2026 16:17:34 [31m  ERROR[39m [38;5;3m[Emargement] [39m[31mÉmargement en mode dégradé : Valkey indisponible, écriture directe en base.[39m
[31m[Nest] 41956  - [39m06/10/2026 16:17:34 [31m  ERROR[39m [38;5;3m[Emargement] [39m[31mÉmargement en mode dégradé : Valkey indisponible, écriture directe en base.[39m
[31m[Nest] 41956  - [39m06/10/2026 16:17:34 [31m  ERROR[39m [38;5;3m[Emargement] [39m[31mÉmargement en mode dégradé : Valkey indisponible, écriture directe en base.[39m
[31m[Nest] 41956  - [39m06/10/2026 16:17:34 [31m  ERROR[39m [38;5;3m[Emargement] [39m[31mÉmargement en mode dégradé : Valkey indisponible, écriture directe en base.[39m
[31m[Nest] 41956  - [39m06/10/2026 16:17:34 [31m  ERROR[39m [38;5;3m[Emargement] [39m[31mÉmargement en mode dégradé : Valkey indisponible, écriture directe en base.[39m
[31m[Nest] 41956  - [39m06/10/2026 16:17:34 [31m  ERROR[39m [38;5;3m[Emargement] [39m[31mÉmargement en mode dégradé : Valkey indisponible, écriture directe en base.[39m
[31m[Nest] 41956  - [39m06/10/2026 16:17:34 [31m  ERROR[39m [38;5;3m[Emargement] [39m[31mÉmargement en mode dégradé : Valkey indisponible, écriture directe en base.[39m
[31m[Nest] 41956  - [39m06/10/2026 16:17:34 [31m  ERROR[39m [38;5;3m[Emargement] [39m[31mÉmargement en mode dégradé : Valkey indisponible, écriture directe en base.[39m
[31m[Nest] 41956  - [39m06/10/2026 16:17:34 [31m  ERROR[39m [38;5;3m[Emargement] [39m[31mÉmargement en mode dégradé : Valkey indisponible, écriture directe en base.[39m
[31m[Nest] 41956  - [39m06/10/2026 16:17:34 [31m  ERROR[39m [38;5;3m[Emargement] [39m[31mÉmargement en mode dégradé : Valkey indisponible, écriture directe en base.[39m
[31m[Nest] 41956  - [39m06/10/2026 16:17:34 [31m  ERROR[39m [38;5;3m[Emargement] [39m[31mÉmargement en mode dégradé : Valkey indisponible, écriture directe en base.[39m
[31m[Nest] 41956  - [39m06/10/2026 16:17:34 [31m  ERROR[39m [38;5;3m[Emargement] [39m[31mÉmargement en mode dégradé : Valkey indisponible, écriture directe en base.[39m
[31m[Nest] 41956  - [39m06/10/2026 16:17:34 [31m  ERROR[39m [38;5;3m[Emargement] [39m[31mÉmargement en mode dégradé : Valkey indisponible, écriture directe en base.[39m
[31m[Nest] 41956  - [39m06/10/2026 16:17:34 [31m  ERROR[39m [38;5;3m[Emargement] [39m[31mÉmargement en mode dégradé : Valkey indisponible, écriture directe en base.[39m
[31m[Nest] 41956  - [39m06/10/2026 16:17:34 [31m  ERROR[39m [38;5;3m[Emargement] [39m[31mÉmargement en mode dégradé : Valkey indisponible, écriture directe en base.[39m
[31m[Nest] 41956  - [39m06/10/2026 16:17:34 [31m  ERROR[39m [38;5;3m[Emargement] [39m[31mÉmargement en mode dégradé : Valkey indisponible, écriture directe en base.[39m
[31m[Nest] 41956  - [39m06/10/2026 16:17:34 [31m  ERROR[39m [38;5;3m[Emargement] [39m[31mÉmargement en mode dégradé : Valkey indisponible, écriture directe en base.[39m
[31m[Nest] 41956  - [39m06/10/2026 16:17:34 [31m  ERROR[39m [38;5;3m[Emargement] [39m[31mÉmargement en mode dégradé : Valkey indisponible, écriture directe en base.[39m
[31m[Nest] 41956  - [39m06/10/2026 16:17:34 [31m  ERROR[39m [38;5;3m[Emargement] [39m[31mÉmargement en mode dégradé : Valkey indisponible, écriture directe en base.[39m
[31m[Nest] 41956  - [39m06/10/2026 16:17:34 [31m  ERROR[39m [38;5;3m[Emargement] [39m[31mÉmargement en mode dégradé : Valkey indisponible, écriture directe en base.[39m
[31m[Nest] 41956  - [39m06/10/2026 16:17:34 [31m  ERROR[39m [38;5;3m[Emargement] [39m[31mÉmargement en mode dégradé : Valkey indisponible, écriture directe en base.[39m
[31m[Nest] 41956  - [39m06/10/2026 16:17:34 [31m  ERROR[39m [38;5;3m[Emargement] [39m[31mÉmargement en mode dégradé : Valkey indisponible, écriture directe en base.[39m
[31m[Nest] 41956  - [39m06/10/2026 16:17:34 [31m  ERROR[39m [38;5;3m[Emargement] [39m[31mÉmargement en mode dégradé : Valkey indisponible, écriture directe en base.[39m
[31m[Nest] 41956  - [39m06/10/2026 16:17:34 [31m  ERROR[39m [38;5;3m[Emargement] [39m[31mÉmargement en mode dégradé : Valkey indisponible, écriture directe en base.[39m
[31m[Nest] 41956  - [39m06/10/2026 16:17:34 [31m  ERROR[39m [38;5;3m[Emargement] [39m[31mÉmargement en mode dégradé : Valkey indisponible, écriture directe en base.[39m
[31m[Nest] 41956  - [39m06/10/2026 16:17:34 [31m  ERROR[39m [38;5;3m[Emargement] [39m[31mÉmargement en mode dégradé : Valkey indisponible, écriture directe en base.[39m
[31m[Nest] 41956  - [39m06/10/2026 16:17:34 [31m  ERROR[39m [38;5;3m[Emargement] [39m[31mÉmargement en mode dégradé : Valkey indisponible, écriture directe en base.[39m
[31m[Nest] 41956  - [39m06/10/2026 16:17:34 [31m  ERROR[39m [38;5;3m[Emargement] [39m[31mÉmargement en mode dégradé : Valkey indisponible, écriture directe en base.[39m
[31m[Nest] 41956  - [39m06/10/2026 16:17:34 [31m  ERROR[39m [38;5;3m[Emargement] [39m[31mÉmargement en mode dégradé : Valkey indisponible, écriture directe en base.[39m
[31m[Nest] 41956  - [39m06/10/2026 16:17:34 [31m  ERROR[39m [38;5;3m[Emargement] [39m[31mÉmargement en mode dégradé : Valkey indisponible, écriture directe en base.[39m
[31m[Nest] 41956  - [39m06/10/2026 16:17:34 [31m  ERROR[39m [38;5;3m[Emargement] [39m[31mÉmargement en mode dégradé : Valkey indisponible, écriture directe en base.[39m
[31m[Nest] 41956  - [39m06/10/2026 16:17:34 [31m  ERROR[39m [38;5;3m[Emargement] [39m[31mÉmargement en mode dégradé : Valkey indisponible, écriture directe en base.[39m
[31m[Nest] 41956  - [39m06/10/2026 16:17:34 [31m  ERROR[39m [38;5;3m[Emargement] [39m[31mÉmargement en mode dégradé : Valkey indisponible, écriture directe en base.[39m
[31m[Nest] 41956  - [39m06/10/2026 16:17:34 [31m  ERROR[39m [38;5;3m[Emargement] [39m[31mÉmargement en mode dégradé : Valkey indisponible, écriture directe en base.[39m
[31m[Nest] 41956  - [39m06/10/2026 16:17:34 [31m  ERROR[39m [38;5;3m[Emargement] [39m[31mÉmargement en mode dégradé : Valkey indisponible, écriture directe en base.[39m
[31m[Nest] 41956  - [39m06/10/2026 16:17:34 [31m  ERROR[39m [38;5;3m[Emargement] [39m[31mÉmargement en mode dégradé : Valkey indisponible, écriture directe en base.[39m
[31m[Nest] 41956  - [39m06/10/2026 16:17:34 [31m  ERROR[39m [38;5;3m[Emargement] [39m[31mÉmargement en mode dégradé : Valkey indisponible, écriture directe en base.[39m
[31m[Nest] 41956  - [39m06/10/2026 16:17:34 [31m  ERROR[39m [38;5;3m[Emargement] [39m[31mÉmargement en mode dégradé : Valkey indisponible, écriture directe en base.[39m
[31m[Nest] 41956  - [39m06/10/2026 16:17:34 [31m  ERROR[39m [38;5;3m[Emargement] [39m[31mÉmargement en mode dégradé : Valkey indisponible, écriture directe en base.[39m
[31m[Nest] 41956  - [39m06/10/2026 16:17:34 [31m  ERROR[39m [38;5;3m[Emargement] [39m[31mÉmargement en mode dégradé : Valkey indisponible, écriture directe en base.[39m
[31m[Nest] 41956  - [39m06/10/2026 16:17:34 [31m  ERROR[39m [38;5;3m[Emargement] [39m[31mÉmargement en mode dégradé : Valkey indisponible, écriture directe en base.[39m
[31m[Nest] 41956  - [39m06/10/2026 16:17:34 [31m  ERROR[39m [38;5;3m[Emargement] [39m[31mÉmargement en mode dégradé : Valkey indisponible, écriture directe en base.[39m
[31m[Nest] 41956  - [39m06/10/2026 16:17:34 [31m  ERROR[39m [38;5;3m[Emargement] [39m[31mÉmargement en mode dégradé : Valkey indisponible, écriture directe en base.[39m
[31m[Nest] 41956  - [39m06/10/2026 16:17:34 [31m  ERROR[39m [38;5;3m[Emargement] [39m[31mÉmargement en mode dégradé : Valkey indisponible, écriture directe en base.[39m
[31m[Nest] 41956  - [39m06/10/2026 16:17:34 [31m  ERROR[39m [38;5;3m[Emargement] [39m[31mÉmargement en mode dégradé : Valkey indisponible, écriture directe en base.[39m
[31m[Nest] 41956  - [39m06/10/2026 16:17:34 [31m  ERROR[39m [38;5;3m[Emargement] [39m[31mÉmargement en mode dégradé : Valkey indisponible, écriture directe en base.[39m
[31m[Nest] 41956  - [39m06/10/2026 16:17:34 [31m  ERROR[39m [38;5;3m[Emargement] [39m[31mÉmargement en mode dégradé : Valkey indisponible, écriture directe en base.[39m
[31m[Nest] 41956  - [39m06/10/2026 16:17:34 [31m  ERROR[39m [38;5;3m[Emargement] [39m[31mÉmargement en mode dégradé : Valkey indisponible, écriture directe en base.[39m
[31m[Nest] 41956  - [39m06/10/2026 16:17:34 [31m  ERROR[39m [38;5;3m[Emargement] [39m[31mÉmargement en mode dégradé : Valkey indisponible, écriture directe en base.[39m
[31m[Nest] 41956  - [39m06/10/2026 16:17:34 [31m  ERROR[39m [38;5;3m[Emargement] [39m[31mÉmargement en mode dégradé : Valkey indisponible, écriture directe en base.[39m
[31m[Nest] 41956  - [39m06/10/2026 16:17:34 [31m  ERROR[39m [38;5;3m[Emargement] [39m[31mÉmargement en mode dégradé : Valkey indisponible, écriture directe en base.[39m
[31m[Nest] 41956  - [39m06/10/2026 16:17:34 [31m  ERROR[39m [38;5;3m[Emargement] [39m[31mÉmargement en mode dégradé : Valkey indisponible, écriture directe en base.[39m
[31m[Nest] 41956  - [39m06/10/2026 16:17:34 [31m  ERROR[39m [38;5;3m[Emargement] [39m[31mÉmargement en mode dégradé : Valkey indisponible, écriture directe en base.[39m
[31m[Nest] 41956  - [39m06/10/2026 16:17:34 [31m  ERROR[39m [38;5;3m[Emargement] [39m[31mÉmargement en mode dégradé : Valkey indisponible, écriture directe en base.[39m
[31m[Nest] 41956  - [39m06/10/2026 16:17:34 [31m  ERROR[39m [38;5;3m[Emargement] [39m[31mÉmargement en mode dégradé : Valkey indisponible, écriture directe en base.[39m
[31m[Nest] 41956  - [39m06/10/2026 16:17:34 [31m  ERROR[39m [38;5;3m[Emargement] [39m[31mÉmargement en mode dégradé : Valkey indisponible, écriture directe en base.[39m
[31m[Nest] 41956  - [39m06/10/2026 16:17:34 [31m  ERROR[39m [38;5;3m[Emargement] [39m[31mÉmargement en mode dégradé : Valkey indisponible, écriture directe en base.[39m
[31m[Nest] 41956  - [39m06/10/2026 16:17:34 [31m  ERROR[39m [38;5;3m[Emargement] [39m[31mÉmargement en mode dégradé : Valkey indisponible, écriture directe en base.[39m
[31m[Nest] 41956  - [39m06/10/2026 16:17:34 [31m  ERROR[39m [38;5;3m[Emargement] [39m[31mÉmargement en mode dégradé : Valkey indisponible, écriture directe en base.[39m
[31m[Nest] 41956  - [39m06/10/2026 16:17:34 [31m  ERROR[39m [38;5;3m[Emargement] [39m[31mÉmargement en mode dégradé : Valkey indisponible, écriture directe en base.[39m
[31m[Nest] 41956  - [39m06/10/2026 16:17:34 [31m  ERROR[39m [38;5;3m[Emargement] [39m[31mÉmargement en mode dégradé : Valkey indisponible, écriture directe en base.[39m
[31m[Nest] 41956  - [39m06/10/2026 16:17:34 [31m  ERROR[39m [38;5;3m[Emargement] [39m[31mÉmargement en mode dégradé : Valkey indisponible, écriture directe en base.[39m
[31m[Nest] 41956  - [39m06/10/2026 16:17:34 [31m  ERROR[39m [38;5;3m[Emargement] [39m[31mÉmargement en mode dégradé : Valkey indisponible, écriture directe en base.[39m
[31m[Nest] 41956  - [39m06/10/2026 16:17:34 [31m  ERROR[39m [38;5;3m[Emargement] [39m[31mÉmargement en mode dégradé : Valkey indisponible, écriture directe en base.[39m
[31m[Nest] 41956  - [39m06/10/2026 16:17:34 [31m  ERROR[39m [38;5;3m[Emargement] [39m[31mÉmargement en mode dégradé : Valkey indisponible, écriture directe en base.[39m
[31m[Nest] 41956  - [39m06/10/2026 16:17:34 [31m  ERROR[39m [38;5;3m[Emargement] [39m[31mÉmargement en mode dégradé : Valkey indisponible, écriture directe en base.[39m
[31m[Nest] 41956  - [39m06/10/2026 16:17:34 [31m  ERROR[39m [38;5;3m[Emargement] [39m[31mÉmargement en mode dégradé : Valkey indisponible, écriture directe en base.[39m
[31m[Nest] 41956  - [39m06/10/2026 16:17:34 [31m  ERROR[39m [38;5;3m[Emargement] [39m[31mÉmargement en mode dégradé : Valkey indisponible, écriture directe en base.[39m
[31m[Nest] 41956  - [39m06/10/2026 16:17:34 [31m  ERROR[39m [38;5;3m[Emargement] [39m[31mÉmargement en mode dégradé : Valkey indisponible, écriture directe en base.[39m
[31m[Nest] 41956  - [39m06/10/2026 16:17:34 [31m  ERROR[39m [38;5;3m[Emargement] [39m[31mÉmargement en mode dégradé : Valkey indisponible, écriture directe en base.[39m
[31m[Nest] 41956  - [39m06/10/2026 16:17:34 [31m  ERROR[39m [38;5;3m[Emargement] [39m[31mÉmargement en mode dégradé : Valkey indisponible, écriture directe en base.[39m
[31m[Nest] 41956  - [39m06/10/2026 16:17:34 [31m  ERROR[39m [38;5;3m[Emargement] [39m[31mÉmargement en mode dégradé : Valkey indisponible, écriture directe en base.[39m
[31m[Nest] 41956  - [39m06/10/2026 16:17:34 [31m  ERROR[39m [38;5;3m[Emargement] [39m[31mÉmargement en mode dégradé : Valkey indisponible, écriture directe en base.[39m
[31m[Nest] 41956  - [39m06/10/2026 16:17:35 [31m  ERROR[39m [38;5;3m[Emargement] [39m[31mÉmargement en mode dégradé : Valkey indisponible, écriture directe en base.[39m
[31m[Nest] 41956  - [39m06/10/2026 16:17:35 [31m  ERROR[39m [38;5;3m[Emargement] [39m[31mÉmargement en mode dégradé : Valkey indisponible, écriture directe en base.[39m
[31m[Nest] 41956  - [39m06/10/2026 16:17:35 [31m  ERROR[39m [38;5;3m[Emargement] [39m[31mÉmargement en mode dégradé : Valkey indisponible, écriture directe en base.[39m
[31m[Nest] 41956  - [39m06/10/2026 16:17:35 [31m  ERROR[39m [38;5;3m[Emargement] [39m[31mÉmargement en mode dégradé : Valkey indisponible, écriture directe en base.[39m
[31m[Nest] 41956  - [39m06/10/2026 16:17:35 [31m  ERROR[39m [38;5;3m[Emargement] [39m[31mÉmargement en mode dégradé : Valkey indisponible, écriture directe en base.[39m
[31m[Nest] 41956  - [39m06/10/2026 16:17:35 [31m  ERROR[39m [38;5;3m[Emargement] [39m[31mÉmargement en mode dégradé : Valkey indisponible, écriture directe en base.[39m
[31m[Nest] 41956  - [39m06/10/2026 16:17:35 [31m  ERROR[39m [38;5;3m[Emargement] [39m[31mÉmargement en mode dégradé : Valkey indisponible, écriture directe en base.[39m
[31m[Nest] 41956  - [39m06/10/2026 16:17:35 [31m  ERROR[39m [38;5;3m[Emargement] [39m[31mÉmargement en mode dégradé : Valkey indisponible, écriture directe en base.[39m
[31m[Nest] 41956  - [39m06/10/2026 16:17:35 [31m  ERROR[39m [38;5;3m[Emargement] [39m[31mÉmargement en mode dégradé : Valkey indisponible, écriture directe en base.[39m
[31m[Nest] 41956  - [39m06/10/2026 16:17:35 [31m  ERROR[39m [38;5;3m[Emargement] [39m[31mÉmargement en mode dégradé : Valkey indisponible, écriture directe en base.[39m
[31m[Nest] 41956  - [39m06/10/2026 16:17:35 [31m  ERROR[39m [38;5;3m[Emargement] [39m[31mÉmargement en mode dégradé : Valkey indisponible, écriture directe en base.[39m
[31m[Nest] 41956  - [39m06/10/2026 16:17:35 [31m  ERROR[39m [38;5;3m[Emargement] [39m[31mÉmargement en mode dégradé : Valkey indisponible, écriture directe en base.[39m
[31m[Nest] 41956  - [39m06/10/2026 16:17:35 [31m  ERROR[39m [38;5;3m[Emargement] [39m[31mÉmargement en mode dégradé : Valkey indisponible, écriture directe en base.[39m
[31m[Nest] 41956  - [39m06/10/2026 16:17:35 [31m  ERROR[39m [38;5;3m[Emargement] [39m[31mÉmargement en mode dégradé : Valkey indisponible, écriture directe en base.[39m
[31m[Nest] 41956  - [39m06/10/2026 16:17:35 [31m  ERROR[39m [38;5;3m[Emargement] [39m[31mÉmargement en mode dégradé : Valkey indisponible, écriture directe en base.[39m
[31m[Nest] 41956  - [39m06/10/2026 16:17:35 [31m  ERROR[39m [38;5;3m[Emargement] [39m[31mÉmargement en mode dégradé : Valkey indisponible, écriture directe en base.[39m
[31m[Nest] 41956  - [39m06/10/2026 16:17:35 [31m  ERROR[39m [38;5;3m[Emargement] [39m[31mÉmargement en mode dégradé : Valkey indisponible, écriture directe en base.[39m
[31m[Nest] 41956  - [39m06/10/2026 16:17:35 [31m  ERROR[39m [38;5;3m[Emargement] [39m[31mÉmargement en mode dégradé : Valkey indisponible, écriture directe en base.[39m
[31m[Nest] 41956  - [39m06/10/2026 16:17:35 [31m  ERROR[39m [38;5;3m[Emargement] [39m[31mÉmargement en mode dégradé : Valkey indisponible, écriture directe en base.[39m
[31m[Nest] 41956  - [39m06/10/2026 16:17:35 [31m  ERROR[39m [38;5;3m[Emargement] [39m[31mÉmargement en mode dégradé : Valkey indisponible, écriture directe en base.[39m
[31m[Nest] 41956  - [39m06/10/2026 16:17:35 [31m  ERROR[39m [38;5;3m[Emargement] [39m[31mÉmargement en mode dégradé : Valkey indisponible, écriture directe en base.[39m
[31m[Nest] 41956  - [39m06/10/2026 16:17:35 [31m  ERROR[39m [38;5;3m[Emargement] [39m[31mÉmargement en mode dégradé : Valkey indisponible, écriture directe en base.[39m
[31m[Nest] 41956  - [39m06/10/2026 16:17:35 [31m  ERROR[39m [38;5;3m[Emargement] [39m[31mÉmargement en mode dégradé : Valkey indisponible, écriture directe en base.[39m
[31m[Nest] 41956  - [39m06/10/2026 16:17:35 [31m  ERROR[39m [38;5;3m[Emargement] [39m[31mÉmargement en mode dégradé : Valkey indisponible, écriture directe en base.[39m
[31m[Nest] 41956  - [39m06/10/2026 16:17:35 [31m  ERROR[39m [38;5;3m[Emargement] [39m[31mÉmargement en mode dégradé : Valkey indisponible, écriture directe en base.[39m
[31m[Nest] 41956  - [39m06/10/2026 16:17:35 [31m  ERROR[39m [38;5;3m[Emargement] [39m[31mÉmargement en mode dégradé : Valkey indisponible, écriture directe en base.[39m
[31m[Nest] 41956  - [39m06/10/2026 16:17:35 [31m  ERROR[39m [38;5;3m[Emargement] [39m[31mÉmargement en mode dégradé : Valkey indisponible, écriture directe en base.[39m
[31m[Nest] 41956  - [39m06/10/2026 16:17:35 [31m  ERROR[39m [38;5;3m[Emargement] [39m[31mÉmargement en mode dégradé : Valkey indisponible, écriture directe en base.[39m
[31m[Nest] 41956  - [39m06/10/2026 16:17:35 [31m  ERROR[39m [38;5;3m[Emargement] [39m[31mÉmargement en mode dégradé : Valkey indisponible, écriture directe en base.[39m
[31m[Nest] 41956  - [39m06/10/2026 16:17:35 [31m  ERROR[39m [38;5;3m[Emargement] [39m[31mÉmargement en mode dégradé : Valkey indisponible, écriture directe en base.[39m
[31m[Nest] 41956  - [39m06/10/2026 16:17:35 [31m  ERROR[39m [38;5;3m[Emargement] [39m[31mÉmargement en mode dégradé : Valkey indisponible, écriture directe en base.[39m
[31m[Nest] 41956  - [39m06/10/2026 16:17:35 [31m  ERROR[39m [38;5;3m[Emargement] [39m[31mÉmargement en mode dégradé : Valkey indisponible, écriture directe en base.[39m
[31m[Nest] 41956  - [39m06/10/2026 16:17:35 [31m  ERROR[39m [38;5;3m[Emargement] [39m[31mÉmargement en mode dégradé : Valkey indisponible, écriture directe en base.[39m
[31m[Nest] 41956  - [39m06/10/2026 16:17:35 [31m  ERROR[39m [38;5;3m[Emargement] [39m[31mÉmargement en mode dégradé : Valkey indisponible, écriture directe en base.[39m
[31m[Nest] 41956  - [39m06/10/2026 16:17:35 [31m  ERROR[39m [38;5;3m[Emargement] [39m[31mÉmargement en mode dégradé : Valkey indisponible, écriture directe en base.[39m
[31m[Nest] 41956  - [39m06/10/2026 16:17:35 [31m  ERROR[39m [38;5;3m[Emargement] [39m[31mÉmargement en mode dégradé : Valkey indisponible, écriture directe en base.[39m
[31m[Nest] 41956  - [39m06/10/2026 16:17:35 [31m  ERROR[39m [38;5;3m[Emargement] [39m[31mÉmargement en mode dégradé : Valkey indisponible, écriture directe en base.[39m
[31m[Nest] 41956  - [39m06/10/2026 16:17:35 [31m  ERROR[39m [38;5;3m[Emargement] [39m[31mÉmargement en mode dégradé : Valkey indisponible, écriture directe en base.[39m
[31m[Nest] 41956  - [39m06/10/2026 16:17:35 [31m  ERROR[39m [38;5;3m[Emargement] [39m[31mÉmargement en mode dégradé : Valkey indisponible, écriture directe en base.[39m
[31m[Nest] 41956  - [39m06/10/2026 16:17:35 [31m  ERROR[39m [38;5;3m[Emargement] [39m[31mÉmargement en mode dégradé : Valkey indisponible, écriture directe en base.[39m
[31m[Nest] 41956  - [39m06/10/2026 16:17:35 [31m  ERROR[39m [38;5;3m[Emargement] [39m[31mÉmargement en mode dégradé : Valkey indisponible, écriture directe en base.[39m
[31m[Nest] 41956  - [39m06/10/2026 16:17:35 [31m  ERROR[39m [38;5;3m[Emargement] [39m[31mÉmargement en mode dégradé : Valkey indisponible, écriture directe en base.[39m
[31m[Nest] 41956  - [39m06/10/2026 16:17:35 [31m  ERROR[39m [38;5;3m[Emargement] [39m[31mÉmargement en mode dégradé : Valkey indisponible, écriture directe en base.[39m
[31m[Nest] 41956  - [39m06/10/2026 16:17:35 [31m  ERROR[39m [38;5;3m[Emargement] [39m[31mÉmargement en mode dégradé : Valkey indisponible, écriture directe en base.[39m
[31m[Nest] 41956  - [39m06/10/2026 16:17:35 [31m  ERROR[39m [38;5;3m[Emargement] [39m[31mÉmargement en mode dégradé : Valkey indisponible, écriture directe en base.[39m
[31m[Nest] 41956  - [39m06/10/2026 16:17:35 [31m  ERROR[39m [38;5;3m[Emargement] [39m[31mÉmargement en mode dégradé : Valkey indisponible, écriture directe en base.[39m
[31m[Nest] 41956  - [39m06/10/2026 16:17:35 [31m  ERROR[39m [38;5;3m[Emargement] [39m[31mÉmargement en mode dégradé : Valkey indisponible, écriture directe en base.[39m
[31m[Nest] 41956  - [39m06/10/2026 16:17:35 [31m  ERROR[39m [38;5;3m[Emargement] [39m[31mÉmargement en mode dégradé : Valkey indisponible, écriture directe en base.[39m
[31m[Nest] 41956  - [39m06/10/2026 16:17:35 [31m  ERROR[39m [38;5;3m[Emargement] [39m[31mÉmargement en mode dégradé : Valkey indisponible, écriture directe en base.[39m
[31m[Nest] 41956  - [39m06/10/2026 16:17:35 [31m  ERROR[39m [38;5;3m[Emargement] [39m[31mÉmargement en mode dégradé : Valkey indisponible, écriture directe en base.[39m
[31m[Nest] 41956  - [39m06/10/2026 16:17:35 [31m  ERROR[39m [38;5;3m[Emargement] [39m[31mÉmargement en mode dégradé : Valkey indisponible, écriture directe en base.[39m
[31m[Nest] 41956  - [39m06/10/2026 16:17:35 [31m  ERROR[39m [38;5;3m[Emargement] [39m[31mÉmargement en mode dégradé : Valkey indisponible, écriture directe en base.[39m
[31m[Nest] 41956  - [39m06/10/2026 16:17:35 [31m  ERROR[39m [38;5;3m[Emargement] [39m[31mÉmargement en mode dégradé : Valkey indisponible, écriture directe en base.[39m
[31m[Nest] 41956  - [39m06/10/2026 16:17:35 [31m  ERROR[39m [38;5;3m[Emargement] [39m[31mÉmargement en mode dégradé : Valkey indisponible, écriture directe en base.[39m
[31m[Nest] 41956  - [39m06/10/2026 16:17:35 [31m  ERROR[39m [38;5;3m[Emargement] [39m[31mÉmargement en mode dégradé : Valkey indisponible, écriture directe en base.[39m
[31m[Nest] 41956  - [39m06/10/2026 16:17:35 [31m  ERROR[39m [38;5;3m[Emargement] [39m[31mÉmargement en mode dégradé : Valkey indisponible, écriture directe en base.[39m
[31m[Nest] 41956  - [39m06/10/2026 16:17:35 [31m  ERROR[39m [38;5;3m[Emargement] [39m[31mÉmargement en mode dégradé : Valkey indisponible, écriture directe en base.[39m
[31m[Nest] 41956  - [39m06/10/2026 16:17:35 [31m  ERROR[39m [38;5;3m[Emargement] [39m[31mÉmargement en mode dégradé : Valkey indisponible, écriture directe en base.[39m
[31m[Nest] 41956  - [39m06/10/2026 16:17:35 [31m  ERROR[39m [38;5;3m[Emargement] [39m[31mÉmargement en mode dégradé : Valkey indisponible, écriture directe en base.[39m
[31m[Nest] 41956  - [39m06/10/2026 16:17:35 [31m  ERROR[39m [38;5;3m[Emargement] [39m[31mÉmargement en mode dégradé : Valkey indisponible, écriture directe en base.[39m
[31m[Nest] 41956  - [39m06/10/2026 16:17:35 [31m  ERROR[39m [38;5;3m[Emargement] [39m[31mÉmargement en mode dégradé : Valkey indisponible, écriture directe en base.[39m
[31m[Nest] 41956  - [39m06/10/2026 16:17:35 [31m  ERROR[39m [38;5;3m[Emargement] [39m[31mÉmargement en mode dégradé : Valkey indisponible, écriture directe en base.[39m
[31m[Nest] 41956  - [39m06/10/2026 16:17:35 [31m  ERROR[39m [38;5;3m[Emargement] [39m[31mÉmargement en mode dégradé : Valkey indisponible, écriture directe en base.[39m
[31m[Nest] 41956  - [39m06/10/2026 16:17:35 [31m  ERROR[39m [38;5;3m[Emargement] [39m[31mÉmargement en mode dégradé : Valkey indisponible, écriture directe en base.[39m
[31m[Nest] 41956  - [39m06/10/2026 16:17:35 [31m  ERROR[39m [38;5;3m[Emargement] [39m[31mÉmargement en mode dégradé : Valkey indisponible, écriture directe en base.[39m
[31m[Nest] 41956  - [39m06/10/2026 16:17:35 [31m  ERROR[39m [38;5;3m[Emargement] [39m[31mÉmargement en mode dégradé : Valkey indisponible, écriture directe en base.[39m
[31m[Nest] 41956  - [39m06/10/2026 16:17:35 [31m  ERROR[39m [38;5;3m[Emargement] [39m[31mÉmargement en mode dégradé : Valkey indisponible, écriture directe en base.[39m
[31m[Nest] 41956  - [39m06/10/2026 16:17:35 [31m  ERROR[39m [38;5;3m[Emargement] [39m[31mÉmargement en mode dégradé : Valkey indisponible, écriture directe en base.[39m
[31m[Nest] 41956  - [39m06/10/2026 16:17:35 [31m  ERROR[39m [38;5;3m[Emargement] [39m[31mÉmargement en mode dégradé : Valkey indisponible, écriture directe en base.[39m
[31m[Nest] 41956  - [39m06/10/2026 16:17:35 [31m  ERROR[39m [38;5;3m[Emargement] [39m[31mÉmargement en mode dégradé : Valkey indisponible, écriture directe en base.[39m
[31m[Nest] 41956  - [39m06/10/2026 16:17:35 [31m  ERROR[39m [38;5;3m[Emargement] [39m[31mÉmargement en mode dégradé : Valkey indisponible, écriture directe en base.[39m
[31m[Nest] 41956  - [39m06/10/2026 16:17:35 [31m  ERROR[39m [38;5;3m[Emargement] [39m[31mÉmargement en mode dégradé : Valkey indisponible, écriture directe en base.[39m
[31m[Nest] 41956  - [39m06/10/2026 16:17:35 [31m  ERROR[39m [38;5;3m[Emargement] [39m[31mÉmargement en mode dégradé : Valkey indisponible, écriture directe en base.[39m
[31m[Nest] 41956  - [39m06/10/2026 16:17:35 [31m  ERROR[39m [38;5;3m[Emargement] [39m[31mÉmargement en mode dégradé : Valkey indisponible, écriture directe en base.[39m
[31m[Nest] 41956  - [39m06/10/2026 16:17:35 [31m  ERROR[39m [38;5;3m[Emargement] [39m[31mÉmargement en mode dégradé : Valkey indisponible, écriture directe en base.[39m
[31m[Nest] 41956  - [39m06/10/2026 16:17:35 [31m  ERROR[39m [38;5;3m[Emargement] [39m[31mÉmargement en mode dégradé : Valkey indisponible, écriture directe en base.[39m
[31m[Nest] 41956  - [39m06/10/2026 16:17:35 [31m  ERROR[39m [38;5;3m[Emargement] [39m[31mÉmargement en mode dégradé : Valkey indisponible, écriture directe en base.[39m
[31m[Nest] 41956  - [39m06/10/2026 16:17:35 [31m  ERROR[39m [38;5;3m[Emargement] [39m[31mÉmargement en mode dégradé : Valkey indisponible, écriture directe en base.[39m
[31m[Nest] 41956  - [39m06/10/2026 16:17:35 [31m  ERROR[39m [38;5;3m[Emargement] [39m[31mÉmargement en mode dégradé : Valkey indisponible, écriture directe en base.[39m
[31m[Nest] 41956  - [39m06/10/2026 16:17:35 [31m  ERROR[39m [38;5;3m[Emargement] [39m[31mÉmargement en mode dégradé : Valkey indisponible, écriture directe en base.[39m
[31m[Nest] 41956  - [39m06/10/2026 16:17:35 [31m  ERROR[39m [38;5;3m[Emargement] [39m[31mÉmargement en mode dégradé : Valkey indisponible, écriture directe en base.[39m
[31m[Nest] 41956  - [39m06/10/2026 16:17:35 [31m  ERROR[39m [38;5;3m[Emargement] [39m[31mÉmargement en mode dégradé : Valkey indisponible, écriture directe en base.[39m
[31m[Nest] 41956  - [39m06/10/2026 16:17:35 [31m  ERROR[39m [38;5;3m[Emargement] [39m[31mÉmargement en mode dégradé : Valkey indisponible, écriture directe en base.[39m
[31m[Nest] 41956  - [39m06/10/2026 16:17:35 [31m  ERROR[39m [38;5;3m[Emargement] [39m[31mÉmargement en mode dégradé : Valkey indisponible, écriture directe en base.[39m
[31m[Nest] 41956  - [39m06/10/2026 16:17:35 [31m  ERROR[39m [38;5;3m[Emargement] [39m[31mÉmargement en mode dégradé : Valkey indisponible, écriture directe en base.[39m
[31m[Nest] 41956  - [39m06/10/2026 16:17:35 [31m  ERROR[39m [38;5;3m[Emargement] [39m[31mÉmargement en mode dégradé : Valkey indisponible, écriture directe en base.[39m
[31m[Nest] 41956  - [39m06/10/2026 16:17:35 [31m  ERROR[39m [38;5;3m[Emargement] [39m[31mÉmargement en mode dégradé : Valkey indisponible, écriture directe en base.[39m
[31m[Nest] 41956  - [39m06/10/2026 16:17:35 [31m  ERROR[39m [38;5;3m[Emargement] [39m[31mÉmargement en mode dégradé : Valkey indisponible, écriture directe en base.[39m
[31m[Nest] 41956  - [39m06/10/2026 16:17:35 [31m  ERROR[39m [38;5;3m[Emargement] [39m[31mÉmargement en mode dégradé : Valkey indisponible, écriture directe en base.[39m
[31m[Nest] 41956  - [39m06/10/2026 16:17:35 [31m  ERROR[39m [38;5;3m[Emargement] [39m[31mÉmargement en mode dégradé : Valkey indisponible, écriture directe en base.[39m
[31m[Nest] 41956  - [39m06/10/2026 16:17:35 [31m  ERROR[39m [38;5;3m[Emargement] [39m[31mÉmargement en mode dégradé : Valkey indisponible, écriture directe en base.[39m
[31m[Nest] 41956  - [39m06/10/2026 16:17:35 [31m  ERROR[39m [38;5;3m[Emargement] [39m[31mÉmargement en mode dégradé : Valkey indisponible, écriture directe en base.[39m
[31m[Nest] 41956  - [39m06/10/2026 16:17:35 [31m  ERROR[39m [38;5;3m[Emargement] [39m[31mÉmargement en mode dégradé : Valkey indisponible, écriture directe en base.[39m
[31m[Nest] 41956  - [39m06/10/2026 16:17:35 [31m  ERROR[39m [38;5;3m[Emargement] [39m[31mÉmargement en mode dégradé : Valkey indisponible, écriture directe en base.[39m
[31m[Nest] 41956  - [39m06/10/2026 16:17:35 [31m  ERROR[39m [38;5;3m[Emargement] [39m[31mÉmargement en mode dégradé : Valkey indisponible, écriture directe en base.[39m
[31m[Nest] 41956  - [39m06/10/2026 16:17:35 [31m  ERROR[39m [38;5;3m[Emargement] [39m[31mÉmargement en mode dégradé : Valkey indisponible, écriture directe en base.[39m
[31m[Nest] 41956  - [39m06/10/2026 16:17:35 [31m  ERROR[39m [38;5;3m[Emargement] [39m[31mÉmargement en mode dégradé : Valkey indisponible, écriture directe en base.[39m
[31m[Nest] 41956  - [39m06/10/2026 16:17:35 [31m  ERROR[39m [38;5;3m[Emargement] [39m[31mÉmargement en mode dégradé : Valkey indisponible, écriture directe en base.[39m
[31m[Nest] 41956  - [39m06/10/2026 16:17:35 [31m  ERROR[39m [38;5;3m[Emargement] [39m[31mÉmargement en mode dégradé : Valkey indisponible, écriture directe en base.[39m
[31m[Nest] 41956  - [39m06/10/2026 16:17:35 [31m  ERROR[39m [38;5;3m[Emargement] [39m[31mÉmargement en mode dégradé : Valkey indisponible, écriture directe en base.[39m
[31m[Nest] 41956  - [39m06/10/2026 16:17:35 [31m  ERROR[39m [38;5;3m[Emargement] [39m[31mÉmargement en mode dégradé : Valkey indisponible, écriture directe en base.[39m
[31m[Nest] 41956  - [39m06/10/2026 16:17:35 [31m  ERROR[39m [38;5;3m[Emargement] [39m[31mÉmargement en mode dégradé : Valkey indisponible, écriture directe en base.[39m
[31m[Nest] 41956  - [39m06/10/2026 16:17:35 [31m  ERROR[39m [38;5;3m[Emargement] [39m[31mÉmargement en mode dégradé : Valkey indisponible, écriture directe en base.[39m
[31m[Nest] 41956  - [39m06/10/2026 16:17:35 [31m  ERROR[39m [38;5;3m[Emargement] [39m[31mÉmargement en mode dégradé : Valkey indisponible, écriture directe en base.[39m
[31m[Nest] 41956  - [39m06/10/2026 16:17:35 [31m  ERROR[39m [38;5;3m[Emargement] [39m[31mÉmargement en mode dégradé : Valkey indisponible, écriture directe en base.[39m
[31m[Nest] 41956  - [39m06/10/2026 16:17:35 [31m  ERROR[39m [38;5;3m[Emargement] [39m[31mÉmargement en mode dégradé : Valkey indisponible, écriture directe en base.[39m
[31m[Nest] 41956  - [39m06/10/2026 16:17:35 [31m  ERROR[39m [38;5;3m[Emargement] [39m[31mÉmargement en mode dégradé : Valkey indisponible, écriture directe en base.[39m
[31m[Nest] 41956  - [39m06/10/2026 16:17:35 [31m  ERROR[39m [38;5;3m[Emargement] [39m[31mÉmargement en mode dégradé : Valkey indisponible, écriture directe en base.[39m
[31m[Nest] 41956  - [39m06/10/2026 16:17:35 [31m  ERROR[39m [38;5;3m[Emargement] [39m[31mÉmargement en mode dégradé : Valkey indisponible, écriture directe en base.[39m
[31m[Nest] 41956  - [39m06/10/2026 16:17:35 [31m  ERROR[39m [38;5;3m[Emargement] [39m[31mÉmargement en mode dégradé : Valkey indisponible, écriture directe en base.[39m
[31m[Nest] 41956  - [39m06/10/2026 16:17:35 [31m  ERROR[39m [38;5;3m[Emargement] [39m[31mÉmargement en mode dégradé : Valkey indisponible, écriture directe en base.[39m
[31m[Nest] 41956  - [39m06/10/2026 16:17:35 [31m  ERROR[39m [38;5;3m[Emargement] [39m[31mÉmargement en mode dégradé : Valkey indisponible, écriture directe en base.[39m
[31m[Nest] 41956  - [39m06/10/2026 16:17:35 [31m  ERROR[39m [38;5;3m[Emargement] [39m[31mÉmargement en mode dégradé : Valkey indisponible, écriture directe en base.[39m
[31m[Nest] 41956  - [39m06/10/2026 16:17:35 [31m  ERROR[39m [38;5;3m[Emargement] [39m[31mÉmargement en mode dégradé : Valkey indisponible, écriture directe en base.[39m
[31m[Nest] 41956  - [39m06/10/2026 16:17:35 [31m  ERROR[39m [38;5;3m[Emargement] [39m[31mÉmargement en mode dégradé : Valkey indisponible, écriture directe en base.[39m
[31m[Nest] 41956  - [39m06/10/2026 16:17:35 [31m  ERROR[39m [38;5;3m[Emargement] [39m[31mÉmargement en mode dégradé : Valkey indisponible, écriture directe en base.[39m
[31m[Nest] 41956  - [39m06/10/2026 16:17:35 [31m  ERROR[39m [38;5;3m[Emargement] [39m[31mÉmargement en mode dégradé : Valkey indisponible, écriture directe en base.[39m
[31m[Nest] 41956  - [39m06/10/2026 16:17:35 [31m  ERROR[39m [38;5;3m[Emargement] [39m[31mÉmargement en mode dégradé : Valkey indisponible, écriture directe en base.[39m
[31m[Nest] 41956  - [39m06/10/2026 16:17:35 [31m  ERROR[39m [38;5;3m[Emargement] [39m[31mÉmargement en mode dégradé : Valkey indisponible, écriture directe en base.[39m
[31m[Nest] 41956  - [39m06/10/2026 16:17:35 [31m  ERROR[39m [38;5;3m[Emargement] [39m[31mÉmargement en mode dégradé : Valkey indisponible, écriture directe en base.[39m
[31m[Nest] 41956  - [39m06/10/2026 16:17:35 [31m  ERROR[39m [38;5;3m[Emargement] [39m[31mÉmargement en mode dégradé : Valkey indisponible, écriture directe en base.[39m
[31m[Nest] 41956  - [39m06/10/2026 16:17:35 [31m  ERROR[39m [38;5;3m[Emargement] [39m[31mÉmargement en mode dégradé : Valkey indisponible, écriture directe en base.[39m
[31m[Nest] 41956  - [39m06/10/2026 16:17:35 [31m  ERROR[39m [38;5;3m[Emargement] [39m[31mÉmargement en mode dégradé : Valkey indisponible, écriture directe en base.[39m
[31m[Nest] 41956  - [39m06/10/2026 16:17:35 [31m  ERROR[39m [38;5;3m[Emargement] [39m[31mÉmargement en mode dégradé : Valkey indisponible, écriture directe en base.[39m
[31m[Nest] 41956  - [39m06/10/2026 16:17:35 [31m  ERROR[39m [38;5;3m[Emargement] [39m[31mÉmargement en mode dégradé : Valkey indisponible, écriture directe en base.[39m
[31m[Nest] 41956  - [39m06/10/2026 16:17:35 [31m  ERROR[39m [38;5;3m[Emargement] [39m[31mÉmargement en mode dégradé : Valkey indisponible, écriture directe en base.[39m
[31m[Nest] 41956  - [39m06/10/2026 16:17:35 [31m  ERROR[39m [38;5;3m[Emargement] [39m[31mÉmargement en mode dégradé : Valkey indisponible, écriture directe en base.[39m
[31m[Nest] 41956  - [39m06/10/2026 16:17:35 [31m  ERROR[39m [38;5;3m[Emargement] [39m[31mÉmargement en mode dégradé : Valkey indisponible, écriture directe en base.[39m
[31m[Nest] 41956  - [39m06/10/2026 16:17:35 [31m  ERROR[39m [38;5;3m[Emargement] [39m[31mÉmargement en mode dégradé : Valkey indisponible, écriture directe en base.[39m
[31m[Nest] 41956  - [39m06/10/2026 16:17:35 [31m  ERROR[39m [38;5;3m[Emargement] [39m[31mÉmargement en mode dégradé : Valkey indisponible, écriture directe en base.[39m
[31m[Nest] 41956  - [39m06/10/2026 16:17:35 [31m  ERROR[39m [38;5;3m[Emargement] [39m[31mÉmargement en mode dégradé : Valkey indisponible, écriture directe en base.[39m
[31m[Nest] 41956  - [39m06/10/2026 16:17:35 [31m  ERROR[39m [38;5;3m[Emargement] [39m[31mÉmargement en mode dégradé : Valkey indisponible, écriture directe en base.[39m
[31m[Nest] 41956  - [39m06/10/2026 16:17:35 [31m  ERROR[39m [38;5;3m[Emargement] [39m[31mÉmargement en mode dégradé : Valkey indisponible, écriture directe en base.[39m
[31m[Nest] 41956  - [39m06/10/2026 16:17:35 [31m  ERROR[39m [38;5;3m[Emargement] [39m[31mÉmargement en mode dégradé : Valkey indisponible, écriture directe en base.[39m
[31m[Nest] 41956  - [39m06/10/2026 16:17:35 [31m  ERROR[39m [38;5;3m[Emargement] [39m[31mÉmargement en mode dégradé : Valkey indisponible, écriture directe en base.[39m
[31m[Nest] 41956  - [39m06/10/2026 16:17:35 [31m  ERROR[39m [38;5;3m[Emargement] [39m[31mÉmargement en mode dégradé : Valkey indisponible, écriture directe en base.[39m
[31m[Nest] 41956  - [39m06/10/2026 16:17:35 [31m  ERROR[39m [38;5;3m[Emargement] [39m[31mÉmargement en mode dégradé : Valkey indisponible, écriture directe en base.[39m
[31m[Nest] 41956  - [39m06/10/2026 16:17:35 [31m  ERROR[39m [38;5;3m[Emargement] [39m[31mÉmargement en mode dégradé : Valkey indisponible, écriture directe en base.[39m
[31m[Nest] 41956  - [39m06/10/2026 16:17:35 [31m  ERROR[39m [38;5;3m[Emargement] [39m[31mÉmargement en mode dégradé : Valkey indisponible, écriture directe en base.[39m
[31m[Nest] 41956  - [39m06/10/2026 16:17:35 [31m  ERROR[39m [38;5;3m[Emargement] [39m[31mÉmargement en mode dégradé : Valkey indisponible, écriture directe en base.[39m
[31m[Nest] 41956  - [39m06/10/2026 16:17:35 [31m  ERROR[39m [38;5;3m[Emargement] [39m[31mÉmargement en mode dégradé : Valkey indisponible, écriture directe en base.[39m
[31m[Nest] 41956  - [39m06/10/2026 16:17:35 [31m  ERROR[39m [38;5;3m[Emargement] [39m[31mÉmargement en mode dégradé : Valkey indisponible, écriture directe en base.[39m
[31m[Nest] 41956  - [39m06/10/2026 16:17:35 [31m  ERROR[39m [38;5;3m[Emargement] [39m[31mÉmargement en mode dégradé : Valkey indisponible, écriture directe en base.[39m
[31m[Nest] 41956  - [39m06/10/2026 16:17:35 [31m  ERROR[39m [38;5;3m[Emargement] [39m[31mÉmargement en mode dégradé : Valkey indisponible, écriture directe en base.[39m
[31m[Nest] 41956  - [39m06/10/2026 16:17:35 [31m  ERROR[39m [38;5;3m[Emargement] [39m[31mÉmargement en mode dégradé : Valkey indisponible, écriture directe en base.[39m
[31m[Nest] 41956  - [39m06/10/2026 16:17:35 [31m  ERROR[39m [38;5;3m[Emargement] [39m[31mÉmargement en mode dégradé : Valkey indisponible, écriture directe en base.[39m
[31m[Nest] 41956  - [39m06/10/2026 16:17:35 [31m  ERROR[39m [38;5;3m[Emargement] [39m[31mÉmargement en mode dégradé : Valkey indisponible, écriture directe en base.[39m
[31m[Nest] 41956  - [39m06/10/2026 16:17:35 [31m  ERROR[39m [38;5;3m[Emargement] [39m[31mÉmargement en mode dégradé : Valkey indisponible, écriture directe en base.[39m
[31m[Nest] 41956  - [39m06/10/2026 16:17:35 [31m  ERROR[39m [38;5;3m[Emargement] [39m[31mÉmargement en mode dégradé : Valkey indisponible, écriture directe en base.[39m
[31m[Nest] 41956  - [39m06/10/2026 16:17:35 [31m  ERROR[39m [38;5;3m[Emargement] [39m[31mÉmargement en mode dégradé : Valkey indisponible, écriture directe en base.[39m
[31m[Nest] 41956  - [39m06/10/2026 16:17:35 [31m  ERROR[39m [38;5;3m[Emargement] [39m[31mÉmargement en mode dégradé : Valkey indisponible, écriture directe en base.[39m
[31m[Nest] 41956  - [39m06/10/2026 16:17:35 [31m  ERROR[39m [38;5;3m[Emargement] [39m[31mÉmargement en mode dégradé : Valkey indisponible, écriture directe en base.[39m
[31m[Nest] 41956  - [39m06/10/2026 16:17:35 [31m  ERROR[39m [38;5;3m[Emargement] [39m[31mÉmargement en mode dégradé : Valkey indisponible, écriture directe en base.[39m
[31m[Nest] 41956  - [39m06/10/2026 16:17:35 [31m  ERROR[39m [38;5;3m[Emargement] [39m[31mÉmargement en mode dégradé : Valkey indisponible, écriture directe en base.[39m
[31m[Nest] 41956  - [39m06/10/2026 16:17:35 [31m  ERROR[39m [38;5;3m[Emargement] [39m[31mÉmargement en mode dégradé : Valkey indisponible, écriture directe en base.[39m
[31m[Nest] 41956  - [39m06/10/2026 16:17:35 [31m  ERROR[39m [38;5;3m[Emargement] [39m[31mÉmargement en mode dégradé : Valkey indisponible, écriture directe en base.[39m
[31m[Nest] 41956  - [39m06/10/2026 16:17:35 [31m  ERROR[39m [38;5;3m[Emargement] [39m[31mÉmargement en mode dégradé : Valkey indisponible, écriture directe en base.[39m
[31m[Nest] 41956  - [39m06/10/2026 16:17:35 [31m  ERROR[39m [38;5;3m[Emargement] [39m[31mÉmargement en mode dégradé : Valkey indisponible, écriture directe en base.[39m
[31m[Nest] 41956  - [39m06/10/2026 16:17:35 [31m  ERROR[39m [38;5;3m[Emargement] [39m[31mÉmargement en mode dégradé : Valkey indisponible, écriture directe en base.[39m
[31m[Nest] 41956  - [39m06/10/2026 16:17:35 [31m  ERROR[39m [38;5;3m[Emargement] [39m[31mÉmargement en mode dégradé : Valkey indisponible, écriture directe en base.[39m
[31m[Nest] 41956  - [39m06/10/2026 16:17:35 [31m  ERROR[39m [38;5;3m[Emargement] [39m[31mÉmargement en mode dégradé : Valkey indisponible, écriture directe en base.[39m
[31m[Nest] 41956  - [39m06/10/2026 16:17:35 [31m  ERROR[39m [38;5;3m[Emargement] [39m[31mÉmargement en mode dégradé : Valkey indisponible, écriture directe en base.[39m
[31m[Nest] 41956  - [39m06/10/2026 16:17:35 [31m  ERROR[39m [38;5;3m[Emargement] [39m[31mÉmargement en mode dégradé : Valkey indisponible, écriture directe en base.[39m
[31m[Nest] 41956  - [39m06/10/2026 16:17:35 [31m  ERROR[39m [38;5;3m[Emargement] [39m[31mÉmargement en mode dégradé : Valkey indisponible, écriture directe en base.[39m
[31m[Nest] 41956  - [39m06/10/2026 16:17:35 [31m  ERROR[39m [38;5;3m[Emargement] [39m[31mÉmargement en mode dégradé : Valkey indisponible, écriture directe en base.[39m
[31m[Nest] 41956  - [39m06/10/2026 16:17:35 [31m  ERROR[39m [38;5;3m[Emargement] [39m[31mÉmargement en mode dégradé : Valkey indisponible, écriture directe en base.[39m
[31m[Nest] 41956  - [39m06/10/2026 16:17:35 [31m  ERROR[39m [38;5;3m[Emargement] [39m[31mÉmargement en mode dégradé : Valkey indisponible, écriture directe en base.[39m
[31m[Nest] 41956  - [39m06/10/2026 16:17:35 [31m  ERROR[39m [38;5;3m[Emargement] [39m[31mÉmargement en mode dégradé : Valkey indisponible, écriture directe en base.[39m
[31m[Nest] 41956  - [39m06/10/2026 16:17:35 [31m  ERROR[39m [38;5;3m[Emargement] [39m[31mÉmargement en mode dégradé : Valkey indisponible, écriture directe en base.[39m
[31m[Nest] 41956  - [39m06/10/2026 16:17:35 [31m  ERROR[39m [38;5;3m[Emargement] [39m[31mÉmargement en mode dégradé : Valkey indisponible, écriture directe en base.[39m
[31m[Nest] 41956  - [39m06/10/2026 16:17:35 [31m  ERROR[39m [38;5;3m[Emargement] [39m[31mÉmargement en mode dégradé : Valkey indisponible, écriture directe en base.[39m
[31m[Nest] 41956  - [39m06/10/2026 16:17:35 [31m  ERROR[39m [38;5;3m[Emargement] [39m[31mÉmargement en mode dégradé : Valkey indisponible, écriture directe en base.[39m
[31m[Nest] 41956  - [39m06/10/2026 16:17:35 [31m  ERROR[39m [38;5;3m[Emargement] [39m[31mÉmargement en mode dégradé : Valkey indisponible, écriture directe en base.[39m
[31m[Nest] 41956  - [39m06/10/2026 16:17:35 [31m  ERROR[39m [38;5;3m[Emargement] [39m[31mÉmargement en mode dégradé : Valkey indisponible, écriture directe en base.[39m
[31m[Nest] 41956  - [39m06/10/2026 16:17:35 [31m  ERROR[39m [38;5;3m[Emargement] [39m[31mÉmargement en mode dégradé : Valkey indisponible, écriture directe en base.[39m
[31m[Nest] 41956  - [39m06/10/2026 16:17:35 [31m  ERROR[39m [38;5;3m[Emargement] [39m[31mÉmargement en mode dégradé : Valkey indisponible, écriture directe en base.[39m
[31m[Nest] 41956  - [39m06/10/2026 16:17:35 [31m  ERROR[39m [38;5;3m[Emargement] [39m[31mÉmargement en mode dégradé : Valkey indisponible, écriture directe en base.[39m
[31m[Nest] 41956  - [39m06/10/2026 16:17:35 [31m  ERROR[39m [38;5;3m[Emargement] [39m[31mÉmargement en mode dégradé : Valkey indisponible, écriture directe en base.[39m
[31m[Nest] 41956  - [39m06/10/2026 16:17:35 [31m  ERROR[39m [38;5;3m[Emargement] [39m[31mÉmargement en mode dégradé : Valkey indisponible, écriture directe en base.[39m
[31m[Nest] 41956  - [39m06/10/2026 16:17:35 [31m  ERROR[39m [38;5;3m[Emargement] [39m[31mÉmargement en mode dégradé : Valkey indisponible, écriture directe en base.[39m
[31m[Nest] 41956  - [39m06/10/2026 16:17:35 [31m  ERROR[39m [38;5;3m[Emargement] [39m[31mÉmargement en mode dégradé : Valkey indisponible, écriture directe en base.[39m
[31m[Nest] 41956  - [39m06/10/2026 16:17:35 [31m  ERROR[39m [38;5;3m[Emargement] [39m[31mÉmargement en mode dégradé : Valkey indisponible, écriture directe en base.[39m
[31m[Nest] 41956  - [39m06/10/2026 16:17:35 [31m  ERROR[39m [38;5;3m[Emargement] [39m[31mÉmargement en mode dégradé : Valkey indisponible, écriture directe en base.[39m
[31m[Nest] 41956  - [39m06/10/2026 16:17:35 [31m  ERROR[39m [38;5;3m[Emargement] [39m[31mÉmargement en mode dégradé : Valkey indisponible, écriture directe en base.[39m
[31m[Nest] 41956  - [39m06/10/2026 16:17:35 [31m  ERROR[39m [38;5;3m[Emargement] [39m[31mÉmargement en mode dégradé : Valkey indisponible, écriture directe en base.[39m
[31m[Nest] 41956  - [39m06/10/2026 16:17:35 [31m  ERROR[39m [38;5;3m[Emargement] [39m[31mÉmargement en mode dégradé : Valkey indisponible, écriture directe en base.[39m
[31m[Nest] 41956  - [39m06/10/2026 16:17:35 [31m  ERROR[39m [38;5;3m[Emargement] [39m[31mÉmargement en mode dégradé : Valkey indisponible, écriture directe en base.[39m
[31m[Nest] 41956  - [39m06/10/2026 16:17:35 [31m  ERROR[39m [38;5;3m[Emargement] [39m[31mÉmargement en mode dégradé : Valkey indisponible, écriture directe en base.[39m
[31m[Nest] 41956  - [39m06/10/2026 16:17:35 [31m  ERROR[39m [38;5;3m[Emargement] [39m[31mÉmargement en mode dégradé : Valkey indisponible, écriture directe en base.[39m
[31m[Nest] 41956  - [39m06/10/2026 16:17:35 [31m  ERROR[39m [38;5;3m[Emargement] [39m[31mÉmargement en mode dégradé : Valkey indisponible, écriture directe en base.[39m
[31m[Nest] 41956  - [39m06/10/2026 16:17:35 [31m  ERROR[39m [38;5;3m[Emargement] [39m[31mÉmargement en mode dégradé : Valkey indisponible, écriture directe en base.[39m
[31m[Nest] 41956  - [39m06/10/2026 16:17:35 [31m  ERROR[39m [38;5;3m[Emargement] [39m[31mÉmargement en mode dégradé : Valkey indisponible, écriture directe en base.[39m
[31m[Nest] 41956  - [39m06/10/2026 16:17:35 [31m  ERROR[39m [38;5;3m[Emargement] [39m[31mÉmargement en mode dégradé : Valkey indisponible, écriture directe en base.[39m
[31m[Nest] 41956  - [39m06/10/2026 16:17:35 [31m  ERROR[39m [38;5;3m[Emargement] [39m[31mÉmargement en mode dégradé : Valkey indisponible, écriture directe en base.[39m
[31m[Nest] 41956  - [39m06/10/2026 16:17:35 [31m  ERROR[39m [38;5;3m[Emargement] [39m[31mÉmargement en mode dégradé : Valkey indisponible, écriture directe en base.[39m
[31m[Nest] 41956  - [39m06/10/2026 16:17:35 [31m  ERROR[39m [38;5;3m[Emargement] [39m[31mÉmargement en mode dégradé : Valkey indisponible, écriture directe en base.[39m
[31m[Nest] 41956  - [39m06/10/2026 16:17:35 [31m  ERROR[39m [38;5;3m[Emargement] [39m[31mÉmargement en mode dégradé : Valkey indisponible, écriture directe en base.[39m
[31m[Nest] 41956  - [39m06/10/2026 16:17:35 [31m  ERROR[39m [38;5;3m[Emargement] [39m[31mÉmargement en mode dégradé : Valkey indisponible, écriture directe en base.[39m
[31m[Nest] 41956  - [39m06/10/2026 16:17:35 [31m  ERROR[39m [38;5;3m[Emargement] [39m[31mÉmargement en mode dégradé : Valkey indisponible, écriture directe en base.[39m
[31m[Nest] 41956  - [39m06/10/2026 16:17:35 [31m  ERROR[39m [38;5;3m[Emargement] [39m[31mÉmargement en mode dégradé : Valkey indisponible, écriture directe en base.[39m
[31m[Nest] 41956  - [39m06/10/2026 16:17:35 [31m  ERROR[39m [38;5;3m[Emargement] [39m[31mÉmargement en mode dégradé : Valkey indisponible, écriture directe en base.[39m
[31m[Nest] 41956  - [39m06/10/2026 16:17:35 [31m  ERROR[39m [38;5;3m[Emargement] [39m[31mÉmargement en mode dégradé : Valkey indisponible, écriture directe en base.[39m
[31m[Nest] 41956  - [39m06/10/2026 16:17:35 [31m  ERROR[39m [38;5;3m[Emargement] [39m[31mÉmargement en mode dégradé : Valkey indisponible, écriture directe en base.[39m
[31m[Nest] 41956  - [39m06/10/2026 16:17:35 [31m  ERROR[39m [38;5;3m[Emargement] [39m[31mÉmargement en mode dégradé : Valkey indisponible, écriture directe en base.[39m
[31m[Nest] 41956  - [39m06/10/2026 16:17:35 [31m  ERROR[39m [38;5;3m[Emargement] [39m[31mÉmargement en mode dégradé : Valkey indisponible, écriture directe en base.[39m
[31m[Nest] 41956  - [39m06/10/2026 16:17:35 [31m  ERROR[39m [38;5;3m[Emargement] [39m[31mÉmargement en mode dégradé : Valkey indisponible, écriture directe en base.[39m
[31m[Nest] 41956  - [39m06/10/2026 16:17:35 [31m  ERROR[39m [38;5;3m[Emargement] [39m[31mÉmargement en mode dégradé : Valkey indisponible, écriture directe en base.[39m
[31m[Nest] 41956  - [39m06/10/2026 16:17:35 [31m  ERROR[39m [38;5;3m[Emargement] [39m[31mÉmargement en mode dégradé : Valkey indisponible, écriture directe en base.[39m
[31m[Nest] 41956  - [39m06/10/2026 16:17:35 [31m  ERROR[39m [38;5;3m[Emargement] [39m[31mÉmargement en mode dégradé : Valkey indisponible, écriture directe en base.[39m
[31m[Nest] 41956  - [39m06/10/2026 16:17:35 [31m  ERROR[39m [38;5;3m[Emargement] [39m[31mÉmargement en mode dégradé : Valkey indisponible, écriture directe en base.[39m
[31m[Nest] 41956  - [39m06/10/2026 16:17:35 [31m  ERROR[39m [38;5;3m[Emargement] [39m[31mÉmargement en mode dégradé : Valkey indisponible, écriture directe en base.[39m
[31m[Nest] 41956  - [39m06/10/2026 16:17:35 [31m  ERROR[39m [38;5;3m[Emargement] [39m[31mÉmargement en mode dégradé : Valkey indisponible, écriture directe en base.[39m
[31m[Nest] 41956  - [39m06/10/2026 16:17:35 [31m  ERROR[39m [38;5;3m[Emargement] [39m[31mÉmargement en mode dégradé : Valkey indisponible, écriture directe en base.[39m
[31m[Nest] 41956  - [39m06/10/2026 16:17:35 [31m  ERROR[39m [38;5;3m[Emargement] [39m[31mÉmargement en mode dégradé : Valkey indisponible, écriture directe en base.[39m
[31m[Nest] 41956  - [39m06/10/2026 16:17:35 [31m  ERROR[39m [38;5;3m[Emargement] [39m[31mÉmargement en mode dégradé : Valkey indisponible, écriture directe en base.[39m
[31m[Nest] 41956  - [39m06/10/2026 16:17:35 [31m  ERROR[39m [38;5;3m[Emargement] [39m[31mÉmargement en mode dégradé : Valkey indisponible, écriture directe en base.[39m
[31m[Nest] 41956  - [39m06/10/2026 16:17:35 [31m  ERROR[39m [38;5;3m[Emargement] [39m[31mÉmargement en mode dégradé : Valkey indisponible, écriture directe en base.[39m
[31m[Nest] 41956  - [39m06/10/2026 16:17:36 [31m  ERROR[39m [38;5;3m[Emargement] [39m[31mÉmargement en mode dégradé : Valkey indisponible, écriture directe en base.[39m
[31m[Nest] 41956  - [39m06/10/2026 16:17:36 [31m  ERROR[39m [38;5;3m[Emargement] [39m[31mÉmargement en mode dégradé : Valkey indisponible, écriture directe en base.[39m
[31m[Nest] 41956  - [39m06/10/2026 16:17:36 [31m  ERROR[39m [38;5;3m[Emargement] [39m[31mÉmargement en mode dégradé : Valkey indisponible, écriture directe en base.[39m
[31m[Nest] 41956  - [39m06/10/2026 16:17:36 [31m  ERROR[39m [38;5;3m[Emargement] [39m[31mÉmargement en mode dégradé : Valkey indisponible, écriture directe en base.[39m
[31m[Nest] 41956  - [39m06/10/2026 16:17:36 [31m  ERROR[39m [38;5;3m[Emargement] [39m[31mÉmargement en mode dégradé : Valkey indisponible, écriture directe en base.[39m
[31m[Nest] 41956  - [39m06/10/2026 16:17:36 [31m  ERROR[39m [38;5;3m[Emargement] [39m[31mÉmargement en mode dégradé : Valkey indisponible, écriture directe en base.[39m
[31m[Nest] 41956  - [39m06/10/2026 16:17:36 [31m  ERROR[39m [38;5;3m[Emargement] [39m[31mÉmargement en mode dégradé : Valkey indisponible, écriture directe en base.[39m
[31m[Nest] 41956  - [39m06/10/2026 16:17:36 [31m  ERROR[39m [38;5;3m[Emargement] [39m[31mÉmargement en mode dégradé : Valkey indisponible, écriture directe en base.[39m
[31m[Nest] 41956  - [39m06/10/2026 16:17:36 [31m  ERROR[39m [38;5;3m[Emargement] [39m[31mÉmargement en mode dégradé : Valkey indisponible, écriture directe en base.[39m
[31m[Nest] 41956  - [39m06/10/2026 16:17:36 [31m  ERROR[39m [38;5;3m[Emargement] [39m[31mÉmargement en mode dégradé : Valkey indisponible, écriture directe en base.[39m
[31m[Nest] 41956  - [39m06/10/2026 16:17:36 [31m  ERROR[39m [38;5;3m[Emargement] [39m[31mÉmargement en mode dégradé : Valkey indisponible, écriture directe en base.[39m
[31m[Nest] 41956  - [39m06/10/2026 16:17:36 [31m  ERROR[39m [38;5;3m[Emargement] [39m[31mÉmargement en mode dégradé : Valkey indisponible, écriture directe en base.[39m
[31m[Nest] 41956  - [39m06/10/2026 16:17:36 [31m  ERROR[39m [38;5;3m[Emargement] [39m[31mÉmargement en mode dégradé : Valkey indisponible, écriture directe en base.[39m
[31m[Nest] 41956  - [39m06/10/2026 16:17:36 [31m  ERROR[39m [38;5;3m[Emargement] [39m[31mÉmargement en mode dégradé : Valkey indisponible, écriture directe en base.[39m
[31m[Nest] 41956  - [39m06/10/2026 16:17:36 [31m  ERROR[39m [38;5;3m[Emargement] [39m[31mÉmargement en mode dégradé : Valkey indisponible, écriture directe en base.[39m
[31m[Nest] 41956  - [39m06/10/2026 16:17:36 [31m  ERROR[39m [38;5;3m[Emargement] [39m[31mÉmargement en mode dégradé : Valkey indisponible, écriture directe en base.[39m
[31m[Nest] 41956  - [39m06/10/2026 16:17:36 [31m  ERROR[39m [38;5;3m[Emargement] [39m[31mÉmargement en mode dégradé : Valkey indisponible, écriture directe en base.[39m
[31m[Nest] 41956  - [39m06/10/2026 16:17:36 [31m  ERROR[39m [38;5;3m[Emargement] [39m[31mÉmargement en mode dégradé : Valkey indisponible, écriture directe en base.[39m
[31m[Nest] 41956  - [39m06/10/2026 16:17:36 [31m  ERROR[39m [38;5;3m[Emargement] [39m[31mÉmargement en mode dégradé : Valkey indisponible, écriture directe en base.[39m
[31m[Nest] 41956  - [39m06/10/2026 16:17:36 [31m  ERROR[39m [38;5;3m[Emargement] [39m[31mÉmargement en mode dégradé : Valkey indisponible, écriture directe en base.[39m
[31m[Nest] 41956  - [39m06/10/2026 16:17:36 [31m  ERROR[39m [38;5;3m[Emargement] [39m[31mÉmargement en mode dégradé : Valkey indisponible, écriture directe en base.[39m
[31m[Nest] 41956  - [39m06/10/2026 16:17:36 [31m  ERROR[39m [38;5;3m[Emargement] [39m[31mÉmargement en mode dégradé : Valkey indisponible, écriture directe en base.[39m
[31m[Nest] 41956  - [39m06/10/2026 16:17:36 [31m  ERROR[39m [38;5;3m[Emargement] [39m[31mÉmargement en mode dégradé : Valkey indisponible, écriture directe en base.[39m
[31m[Nest] 41956  - [39m06/10/2026 16:17:36 [31m  ERROR[39m [38;5;3m[Emargement] [39m[31mÉmargement en mode dégradé : Valkey indisponible, écriture directe en base.[39m
[31m[Nest] 41956  - [39m06/10/2026 16:17:36 [31m  ERROR[39m [38;5;3m[Emargement] [39m[31mÉmargement en mode dégradé : Valkey indisponible, écriture directe en base.[39m
[31m[Nest] 41956  - [39m06/10/2026 16:17:36 [31m  ERROR[39m [38;5;3m[Emargement] [39m[31mÉmargement en mode dégradé : Valkey indisponible, écriture directe en base.[39m
[31m[Nest] 41956  - [39m06/10/2026 16:17:36 [31m  ERROR[39m [38;5;3m[Emargement] [39m[31mÉmargement en mode dégradé : Valkey indisponible, écriture directe en base.[39m
[31m[Nest] 41956  - [39m06/10/2026 16:17:36 [31m  ERROR[39m [38;5;3m[Emargement] [39m[31mÉmargement en mode dégradé : Valkey indisponible, écriture directe en base.[39m
[31m[Nest] 41956  - [39m06/10/2026 16:17:36 [31m  ERROR[39m [38;5;3m[Emargement] [39m[31mÉmargement en mode dégradé : Valkey indisponible, écriture directe en base.[39m
[31m[Nest] 41956  - [39m06/10/2026 16:17:36 [31m  ERROR[39m [38;5;3m[Emargement] [39m[31mÉmargement en mode dégradé : Valkey indisponible, écriture directe en base.[39m
[31m[Nest] 41956  - [39m06/10/2026 16:17:36 [31m  ERROR[39m [38;5;3m[Emargement] [39m[31mÉmargement en mode dégradé : Valkey indisponible, écriture directe en base.[39m
[31m[Nest] 41956  - [39m06/10/2026 16:17:36 [31m  ERROR[39m [38;5;3m[Emargement] [39m[31mÉmargement en mode dégradé : Valkey indisponible, écriture directe en base.[39m
[31m[Nest] 41956  - [39m06/10/2026 16:17:36 [31m  ERROR[39m [38;5;3m[Emargement] [39m[31mÉmargement en mode dégradé : Valkey indisponible, écriture directe en base.[39m
[31m[Nest] 41956  - [39m06/10/2026 16:17:36 [31m  ERROR[39m [38;5;3m[Emargement] [39m[31mÉmargement en mode dégradé : Valkey indisponible, écriture directe en base.[39m
[31m[Nest] 41956  - [39m06/10/2026 16:17:36 [31m  ERROR[39m [38;5;3m[Emargement] [39m[31mÉmargement en mode dégradé : Valkey indisponible, écriture directe en base.[39m
[31m[Nest] 41956  - [39m06/10/2026 16:17:36 [31m  ERROR[39m [38;5;3m[Emargement] [39m[31mÉmargement en mode dégradé : Valkey indisponible, écriture directe en base.[39m
[31m[Nest] 41956  - [39m06/10/2026 16:17:36 [31m  ERROR[39m [38;5;3m[Emargement] [39m[31mÉmargement en mode dégradé : Valkey indisponible, écriture directe en base.[39m
[31m[Nest] 41956  - [39m06/10/2026 16:17:36 [31m  ERROR[39m [38;5;3m[Emargement] [39m[31mÉmargement en mode dégradé : Valkey indisponible, écriture directe en base.[39m
[31m[Nest] 41956  - [39m06/10/2026 16:17:36 [31m  ERROR[39m [38;5;3m[Emargement] [39m[31mÉmargement en mode dégradé : Valkey indisponible, écriture directe en base.[39m
[31m[Nest] 41956  - [39m06/10/2026 16:17:36 [31m  ERROR[39m [38;5;3m[Emargement] [39m[31mÉmargement en mode dégradé : Valkey indisponible, écriture directe en base.[39m
[31m[Nest] 41956  - [39m06/10/2026 16:17:36 [31m  ERROR[39m [38;5;3m[Emargement] [39m[31mÉmargement en mode dégradé : Valkey indisponible, écriture directe en base.[39m
[31m[Nest] 41956  - [39m06/10/2026 16:17:36 [31m  ERROR[39m [38;5;3m[Emargement] [39m[31mÉmargement en mode dégradé : Valkey indisponible, écriture directe en base.[39m
[31m[Nest] 41956  - [39m06/10/2026 16:17:36 [31m  ERROR[39m [38;5;3m[Emargement] [39m[31mÉmargement en mode dégradé : Valkey indisponible, écriture directe en base.[39m
[31m[Nest] 41956  - [39m06/10/2026 16:17:36 [31m  ERROR[39m [38;5;3m[Emargement] [39m[31mÉmargement en mode dégradé : Valkey indisponible, écriture directe en base.[39m
[31m[Nest] 41956  - [39m06/10/2026 16:17:36 [31m  ERROR[39m [38;5;3m[Emargement] [39m[31mÉmargement en mode dégradé : Valkey indisponible, écriture directe en base.[39m
[31m[Nest] 41956  - [39m06/10/2026 16:17:36 [31m  ERROR[39m [38;5;3m[Emargement] [39m[31mÉmargement en mode dégradé : Valkey indisponible, écriture directe en base.[39m
[31m[Nest] 41956  - [39m06/10/2026 16:17:36 [31m  ERROR[39m [38;5;3m[Emargement] [39m[31mÉmargement en mode dégradé : Valkey indisponible, écriture directe en base.[39m
[31m[Nest] 41956  - [39m06/10/2026 16:17:36 [31m  ERROR[39m [38;5;3m[Emargement] [39m[31mÉmargement en mode dégradé : Valkey indisponible, écriture directe en base.[39m
[31m[Nest] 41956  - [39m06/10/2026 16:17:36 [31m  ERROR[39m [38;5;3m[Emargement] [39m[31mÉmargement en mode dégradé : Valkey indisponible, écriture directe en base.[39m
[31m[Nest] 41956  - [39m06/10/2026 16:17:36 [31m  ERROR[39m [38;5;3m[Emargement] [39m[31mÉmargement en mode dégradé : Valkey indisponible, écriture directe en base.[39m
[31m[Nest] 41956  - [39m06/10/2026 16:17:36 [31m  ERROR[39m [38;5;3m[Emargement] [39m[31mÉmargement en mode dégradé : Valkey indisponible, écriture directe en base.[39m
[31m[Nest] 41956  - [39m06/10/2026 16:17:36 [31m  ERROR[39m [38;5;3m[Emargement] [39m[31mÉmargement en mode dégradé : Valkey indisponible, écriture directe en base.[39m
[31m[Nest] 41956  - [39m06/10/2026 16:17:36 [31m  ERROR[39m [38;5;3m[Emargement] [39m[31mÉmargement en mode dégradé : Valkey indisponible, écriture directe en base.[39m
[31m[Nest] 41956  - [39m06/10/2026 16:17:36 [31m  ERROR[39m [38;5;3m[Emargement] [39m[31mÉmargement en mode dégradé : Valkey indisponible, écriture directe en base.[39m
[31m[Nest] 41956  - [39m06/10/2026 16:17:36 [31m  ERROR[39m [38;5;3m[Emargement] [39m[31mÉmargement en mode dégradé : Valkey indisponible, écriture directe en base.[39m
[31m[Nest] 41956  - [39m06/10/2026 16:17:36 [31m  ERROR[39m [38;5;3m[Emargement] [39m[31mÉmargement en mode dégradé : Valkey indisponible, écriture directe en base.[39m
[31m[Nest] 41956  - [39m06/10/2026 16:17:36 [31m  ERROR[39m [38;5;3m[Emargement] [39m[31mÉmargement en mode dégradé : Valkey indisponible, écriture directe en base.[39m
[31m[Nest] 41956  - [39m06/10/2026 16:17:36 [31m  ERROR[39m [38;5;3m[Emargement] [39m[31mÉmargement en mode dégradé : Valkey indisponible, écriture directe en base.[39m
[31m[Nest] 41956  - [39m06/10/2026 16:17:36 [31m  ERROR[39m [38;5;3m[Emargement] [39m[31mÉmargement en mode dégradé : Valkey indisponible, écriture directe en base.[39m
[31m[Nest] 41956  - [39m06/10/2026 16:17:36 [31m  ERROR[39m [38;5;3m[Emargement] [39m[31mÉmargement en mode dégradé : Valkey indisponible, écriture directe en base.[39m
[31m[Nest] 41956  - [39m06/10/2026 16:17:36 [31m  ERROR[39m [38;5;3m[Emargement] [39m[31mÉmargement en mode dégradé : Valkey indisponible, écriture directe en base.[39m
[31m[Nest] 41956  - [39m06/10/2026 16:17:36 [31m  ERROR[39m [38;5;3m[Emargement] [39m[31mÉmargement en mode dégradé : Valkey indisponible, écriture directe en base.[39m
[31m[Nest] 41956  - [39m06/10/2026 16:17:36 [31m  ERROR[39m [38;5;3m[Emargement] [39m[31mÉmargement en mode dégradé : Valkey indisponible, écriture directe en base.[39m
[31m[Nest] 41956  - [39m06/10/2026 16:17:36 [31m  ERROR[39m [38;5;3m[Emargement] [39m[31mÉmargement en mode dégradé : Valkey indisponible, écriture directe en base.[39m
[31m[Nest] 41956  - [39m06/10/2026 16:17:36 [31m  ERROR[39m [38;5;3m[Emargement] [39m[31mÉmargement en mode dégradé : Valkey indisponible, écriture directe en base.[39m
[31m[Nest] 41956  - [39m06/10/2026 16:17:36 [31m  ERROR[39m [38;5;3m[Emargement] [39m[31mÉmargement en mode dégradé : Valkey indisponible, écriture directe en base.[39m
[31m[Nest] 41956  - [39m06/10/2026 16:17:36 [31m  ERROR[39m [38;5;3m[Emargement] [39m[31mÉmargement en mode dégradé : Valkey indisponible, écriture directe en base.[39m
[31m[Nest] 41956  - [39m06/10/2026 16:17:36 [31m  ERROR[39m [38;5;3m[Emargement] [39m[31mÉmargement en mode dégradé : Valkey indisponible, écriture directe en base.[39m
[31m[Nest] 41956  - [39m06/10/2026 16:17:36 [31m  ERROR[39m [38;5;3m[Emargement] [39m[31mÉmargement en mode dégradé : Valkey indisponible, écriture directe en base.[39m
[31m[Nest] 41956  - [39m06/10/2026 16:17:36 [31m  ERROR[39m [38;5;3m[Emargement] [39m[31mÉmargement en mode dégradé : Valkey indisponible, écriture directe en base.[39m
[31m[Nest] 41956  - [39m06/10/2026 16:17:36 [31m  ERROR[39m [38;5;3m[Emargement] [39m[31mÉmargement en mode dégradé : Valkey indisponible, écriture directe en base.[39m
[31m[Nest] 41956  - [39m06/10/2026 16:17:36 [31m  ERROR[39m [38;5;3m[Emargement] [39m[31mÉmargement en mode dégradé : Valkey indisponible, écriture directe en base.[39m
[31m[Nest] 41956  - [39m06/10/2026 16:17:36 [31m  ERROR[39m [38;5;3m[Emargement] [39m[31mÉmargement en mode dégradé : Valkey indisponible, écriture directe en base.[39m
[31m[Nest] 41956  - [39m06/10/2026 16:17:36 [31m  ERROR[39m [38;5;3m[Emargement] [39m[31mÉmargement en mode dégradé : Valkey indisponible, écriture directe en base.[39m
[31m[Nest] 41956  - [39m06/10/2026 16:17:36 [31m  ERROR[39m [38;5;3m[Emargement] [39m[31mÉmargement en mode dégradé : Valkey indisponible, écriture directe en base.[39m
[31m[Nest] 41956  - [39m06/10/2026 16:17:36 [31m  ERROR[39m [38;5;3m[Emargement] [39m[31mÉmargement en mode dégradé : Valkey indisponible, écriture directe en base.[39m
[31m[Nest] 41956  - [39m06/10/2026 16:17:36 [31m  ERROR[39m [38;5;3m[Emargement] [39m[31mÉmargement en mode dégradé : Valkey indisponible, écriture directe en base.[39m
[31m[Nest] 41956  - [39m06/10/2026 16:17:36 [31m  ERROR[39m [38;5;3m[Emargement] [39m[31mÉmargement en mode dégradé : Valkey indisponible, écriture directe en base.[39m
[31m[Nest] 41956  - [39m06/10/2026 16:17:36 [31m  ERROR[39m [38;5;3m[Emargement] [39m[31mÉmargement en mode dégradé : Valkey indisponible, écriture directe en base.[39m
[31m[Nest] 41956  - [39m06/10/2026 16:17:36 [31m  ERROR[39m [38;5;3m[Emargement] [39m[31mÉmargement en mode dégradé : Valkey indisponible, écriture directe en base.[39m
[31m[Nest] 41956  - [39m06/10/2026 16:17:36 [31m  ERROR[39m [38;5;3m[Emargement] [39m[31mÉmargement en mode dégradé : Valkey indisponible, écriture directe en base.[39m
[31m[Nest] 41956  - [39m06/10/2026 16:17:36 [31m  ERROR[39m [38;5;3m[Emargement] [39m[31mÉmargement en mode dégradé : Valkey indisponible, écriture directe en base.[39m
[31m[Nest] 41956  - [39m06/10/2026 16:17:36 [31m  ERROR[39m [38;5;3m[Emargement] [39m[31mÉmargement en mode dégradé : Valkey indisponible, écriture directe en base.[39m
[31m[Nest] 41956  - [39m06/10/2026 16:17:36 [31m  ERROR[39m [38;5;3m[Emargement] [39m[31mÉmargement en mode dégradé : Valkey indisponible, écriture directe en base.[39m
[31m[Nest] 41956  - [39m06/10/2026 16:17:36 [31m  ERROR[39m [38;5;3m[Emargement] [39m[31mÉmargement en mode dégradé : Valkey indisponible, écriture directe en base.[39m
[31m[Nest] 41956  - [39m06/10/2026 16:17:36 [31m  ERROR[39m [38;5;3m[Emargement] [39m[31mÉmargement en mode dégradé : Valkey indisponible, écriture directe en base.[39m
[31m[Nest] 41956  - [39m06/10/2026 16:17:36 [31m  ERROR[39m [38;5;3m[Emargement] [39m[31mÉmargement en mode dégradé : Valkey indisponible, écriture directe en base.[39m
[31m[Nest] 41956  - [39m06/10/2026 16:17:36 [31m  ERROR[39m [38;5;3m[Emargement] [39m[31mÉmargement en mode dégradé : Valkey indisponible, écriture directe en base.[39m
[31m[Nest] 41956  - [39m06/10/2026 16:17:36 [31m  ERROR[39m [38;5;3m[Emargement] [39m[31mÉmargement en mode dégradé : Valkey indisponible, écriture directe en base.[39m
[31m[Nest] 41956  - [39m06/10/2026 16:17:36 [31m  ERROR[39m [38;5;3m[Emargement] [39m[31mÉmargement en mode dégradé : Valkey indisponible, écriture directe en base.[39m
[31m[Nest] 41956  - [39m06/10/2026 16:17:36 [31m  ERROR[39m [38;5;3m[Emargement] [39m[31mÉmargement en mode dégradé : Valkey indisponible, écriture directe en base.[39m
[31m[Nest] 41956  - [39m06/10/2026 16:17:36 [31m  ERROR[39m [38;5;3m[Emargement] [39m[31mÉmargement en mode dégradé : Valkey indisponible, écriture directe en base.[39m
[31m[Nest] 41956  - [39m06/10/2026 16:17:36 [31m  ERROR[39m [38;5;3m[Emargement] [39m[31mÉmargement en mode dégradé : Valkey indisponible, écriture directe en base.[39m
[31m[Nest] 41956  - [39m06/10/2026 16:17:36 [31m  ERROR[39m [38;5;3m[Emargement] [39m[31mÉmargement en mode dégradé : Valkey indisponible, écriture directe en base.[39m
[31m[Nest] 41956  - [39m06/10/2026 16:17:36 [31m  ERROR[39m [38;5;3m[Emargement] [39m[31mÉmargement en mode dégradé : Valkey indisponible, écriture directe en base.[39m
[31m[Nest] 41956  - [39m06/10/2026 16:17:36 [31m  ERROR[39m [38;5;3m[Emargement] [39m[31mÉmargement en mode dégradé : Valkey indisponible, écriture directe en base.[39m
[31m[Nest] 41956  - [39m06/10/2026 16:17:36 [31m  ERROR[39m [38;5;3m[Emargement] [39m[31mÉmargement en mode dégradé : Valkey indisponible, écriture directe en base.[39m
[31m[Nest] 41956  - [39m06/10/2026 16:17:36 [31m  ERROR[39m [38;5;3m[Emargement] [39m[31mÉmargement en mode dégradé : Valkey indisponible, écriture directe en base.[39m
[31m[Nest] 41956  - [39m06/10/2026 16:17:36 [31m  ERROR[39m [38;5;3m[Emargement] [39m[31mÉmargement en mode dégradé : Valkey indisponible, écriture directe en base.[39m
[31m[Nest] 41956  - [39m06/10/2026 16:17:36 [31m  ERROR[39m [38;5;3m[Emargement] [39m[31mÉmargement en mode dégradé : Valkey indisponible, écriture directe en base.[39m
[31m[Nest] 41956  - [39m06/10/2026 16:17:36 [31m  ERROR[39m [38;5;3m[Emargement] [39m[31mÉmargement en mode dégradé : Valkey indisponible, écriture directe en base.[39m
[31m[Nest] 41956  - [39m06/10/2026 16:17:36 [31m  ERROR[39m [38;5;3m[Emargement] [39m[31mÉmargement en mode dégradé : Valkey indisponible, écriture directe en base.[39m
[31m[Nest] 41956  - [39m06/10/2026 16:17:36 [31m  ERROR[39m [38;5;3m[Emargement] [39m[31mÉmargement en mode dégradé : Valkey indisponible, écriture directe en base.[39m
[31m[Nest] 41956  - [39m06/10/2026 16:17:36 [31m  ERROR[39m [38;5;3m[Emargement] [39m[31mÉmargement en mode dégradé : Valkey indisponible, écriture directe en base.[39m
[31m[Nest] 41956  - [39m06/10/2026 16:17:36 [31m  ERROR[39m [38;5;3m[Emargement] [39m[31mÉmargement en mode dégradé : Valkey indisponible, écriture directe en base.[39m
[31m[Nest] 41956  - [39m06/10/2026 16:17:36 [31m  ERROR[39m [38;5;3m[Emargement] [39m[31mÉmargement en mode dégradé : Valkey indisponible, écriture directe en base.[39m
[31m[Nest] 41956  - [39m06/10/2026 16:17:36 [31m  ERROR[39m [38;5;3m[Emargement] [39m[31mÉmargement en mode dégradé : Valkey indisponible, écriture directe en base.[39m
[31m[Nest] 41956  - [39m06/10/2026 16:17:36 [31m  ERROR[39m [38;5;3m[Emargement] [39m[31mÉmargement en mode dégradé : Valkey indisponible, écriture directe en base.[39m
[31m[Nest] 41956  - [39m06/10/2026 16:17:36 [31m  ERROR[39m [38;5;3m[Emargement] [39m[31mÉmargement en mode dégradé : Valkey indisponible, écriture directe en base.[39m
[31m[Nest] 41956  - [39m06/10/2026 16:17:36 [31m  ERROR[39m [38;5;3m[Emargement] [39m[31mÉmargement en mode dégradé : Valkey indisponible, écriture directe en base.[39m
[31m[Nest] 41956  - [39m06/10/2026 16:17:36 [31m  ERROR[39m [38;5;3m[Emargement] [39m[31mÉmargement en mode dégradé : Valkey indisponible, écriture directe en base.[39m
[31m[Nest] 41956  - [39m06/10/2026 16:17:36 [31m  ERROR[39m [38;5;3m[Emargement] [39m[31mÉmargement en mode dégradé : Valkey indisponible, écriture directe en base.[39m
[31m[Nest] 41956  - [39m06/10/2026 16:17:36 [31m  ERROR[39m [38;5;3m[Emargement] [39m[31mÉmargement en mode dégradé : Valkey indisponible, écriture directe en base.[39m
[31m[Nest] 41956  - [39m06/10/2026 16:17:36 [31m  ERROR[39m [38;5;3m[Emargement] [39m[31mÉmargement en mode dégradé : Valkey indisponible, écriture directe en base.[39m
[31m[Nest] 41956  - [39m06/10/2026 16:17:36 [31m  ERROR[39m [38;5;3m[Emargement] [39m[31mÉmargement en mode dégradé : Valkey indisponible, écriture directe en base.[39m
[31m[Nest] 41956  - [39m06/10/2026 16:17:36 [31m  ERROR[39m [38;5;3m[Emargement] [39m[31mÉmargement en mode dégradé : Valkey indisponible, écriture directe en base.[39m
[31m[Nest] 41956  - [39m06/10/2026 16:17:36 [31m  ERROR[39m [38;5;3m[Emargement] [39m[31mÉmargement en mode dégradé : Valkey indisponible, écriture directe en base.[39m
[31m[Nest] 41956  - [39m06/10/2026 16:17:36 [31m  ERROR[39m [38;5;3m[Emargement] [39m[31mÉmargement en mode dégradé : Valkey indisponible, écriture directe en base.[39m
[31m[Nest] 41956  - [39m06/10/2026 16:17:36 [31m  ERROR[39m [38;5;3m[Emargement] [39m[31mÉmargement en mode dégradé : Valkey indisponible, écriture directe en base.[39m
[31m[Nest] 41956  - [39m06/10/2026 16:17:36 [31m  ERROR[39m [38;5;3m[Emargement] [39m[31mÉmargement en mode dégradé : Valkey indisponible, écriture directe en base.[39m
[31m[Nest] 41956  - [39m06/10/2026 16:17:36 [31m  ERROR[39m [38;5;3m[Emargement] [39m[31mÉmargement en mode dégradé : Valkey indisponible, écriture directe en base.[39m
[31m[Nest] 41956  - [39m06/10/2026 16:17:36 [31m  ERROR[39m [38;5;3m[Emargement] [39m[31mÉmargement en mode dégradé : Valkey indisponible, écriture directe en base.[39m
[31m[Nest] 41956  - [39m06/10/2026 16:17:36 [31m  ERROR[39m [38;5;3m[Emargement] [39m[31mÉmargement en mode dégradé : Valkey indisponible, écriture directe en base.[39m
[31m[Nest] 41956  - [39m06/10/2026 16:17:36 [31m  ERROR[39m [38;5;3m[Emargement] [39m[31mÉmargement en mode dégradé : Valkey indisponible, écriture directe en base.[39m
[31m[Nest] 41956  - [39m06/10/2026 16:17:36 [31m  ERROR[39m [38;5;3m[Emargement] [39m[31mÉmargement en mode dégradé : Valkey indisponible, écriture directe en base.[39m
[31m[Nest] 41956  - [39m06/10/2026 16:17:36 [31m  ERROR[39m [38;5;3m[Emargement] [39m[31mÉmargement en mode dégradé : Valkey indisponible, écriture directe en base.[39m
[31m[Nest] 41956  - [39m06/10/2026 16:17:36 [31m  ERROR[39m [38;5;3m[Emargement] [39m[31mÉmargement en mode dégradé : Valkey indisponible, écriture directe en base.[39m
[31m[Nest] 41956  - [39m06/10/2026 16:17:36 [31m  ERROR[39m [38;5;3m[Emargement] [39m[31mÉmargement en mode dégradé : Valkey indisponible, écriture directe en base.[39m
[31m[Nest] 41956  - [39m06/10/2026 16:17:36 [31m  ERROR[39m [38;5;3m[Emargement] [39m[31mÉmargement en mode dégradé : Valkey indisponible, écriture directe en base.[39m
[31m[Nest] 41956  - [39m06/10/2026 16:17:36 [31m  ERROR[39m [38;5;3m[Emargement] [39m[31mÉmargement en mode dégradé : Valkey indisponible, écriture directe en base.[39m
[31m[Nest] 41956  - [39m06/10/2026 16:17:36 [31m  ERROR[39m [38;5;3m[Emargement] [39m[31mÉmargement en mode dégradé : Valkey indisponible, écriture directe en base.[39m
[31m[Nest] 41956  - [39m06/10/2026 16:17:36 [31m  ERROR[39m [38;5;3m[Emargement] [39m[31mÉmargement en mode dégradé : Valkey indisponible, écriture directe en base.[39m
[31m[Nest] 41956  - [39m06/10/2026 16:17:36 [31m  ERROR[39m [38;5;3m[Emargement] [39m[31mÉmargement en mode dégradé : Valkey indisponible, écriture directe en base.[39m
[31m[Nest] 41956  - [39m06/10/2026 16:17:36 [31m  ERROR[39m [38;5;3m[Emargement] [39m[31mÉmargement en mode dégradé : Valkey indisponible, écriture directe en base.[39m
[31m[Nest] 41956  - [39m06/10/2026 16:17:36 [31m  ERROR[39m [38;5;3m[Emargement] [39m[31mÉmargement en mode dégradé : Valkey indisponible, écriture directe en base.[39m
[31m[Nest] 41956  - [39m06/10/2026 16:17:36 [31m  ERROR[39m [38;5;3m[Emargement] [39m[31mÉmargement en mode dégradé : Valkey indisponible, écriture directe en base.[39m
[31m[Nest] 41956  - [39m06/10/2026 16:17:36 [31m  ERROR[39m [38;5;3m[Emargement] [39m[31mÉmargement en mode dégradé : Valkey indisponible, écriture directe en base.[39m
[31m[Nest] 41956  - [39m06/10/2026 16:17:36 [31m  ERROR[39m [38;5;3m[Emargement] [39m[31mÉmargement en mode dégradé : Valkey indisponible, écriture directe en base.[39m
[31m[Nest] 41956  - [39m06/10/2026 16:17:36 [31m  ERROR[39m [38;5;3m[Emargement] [39m[31mÉmargement en mode dégradé : Valkey indisponible, écriture directe en base.[39m
[31m[Nest] 41956  - [39m06/10/2026 16:17:36 [31m  ERROR[39m [38;5;3m[Emargement] [39m[31mÉmargement en mode dégradé : Valkey indisponible, écriture directe en base.[39m
[31m[Nest] 41956  - [39m06/10/2026 16:17:36 [31m  ERROR[39m [38;5;3m[Emargement] [39m[31mÉmargement en mode dégradé : Valkey indisponible, écriture directe en base.[39m
[31m[Nest] 41956  - [39m06/10/2026 16:17:36 [31m  ERROR[39m [38;5;3m[Emargement] [39m[31mÉmargement en mode dégradé : Valkey indisponible, écriture directe en base.[39m
[31m[Nest] 41956  - [39m06/10/2026 16:17:36 [31m  ERROR[39m [38;5;3m[Emargement] [39m[31mÉmargement en mode dégradé : Valkey indisponible, écriture directe en base.[39m
[31m[Nest] 41956  - [39m06/10/2026 16:17:36 [31m  ERROR[39m [38;5;3m[Emargement] [39m[31mÉmargement en mode dégradé : Valkey indisponible, écriture directe en base.[39m
[31m[Nest] 41956  - [39m06/10/2026 16:17:36 [31m  ERROR[39m [38;5;3m[Emargement] [39m[31mÉmargement en mode dégradé : Valkey indisponible, écriture directe en base.[39m
[31m[Nest] 41956  - [39m06/10/2026 16:17:36 [31m  ERROR[39m [38;5;3m[Emargement] [39m[31mÉmargement en mode dégradé : Valkey indisponible, écriture directe en base.[39m
[31m[Nest] 41956  - [39m06/10/2026 16:17:36 [31m  ERROR[39m [38;5;3m[Emargement] [39m[31mÉmargement en mode dégradé : Valkey indisponible, écriture directe en base.[39m
[31m[Nest] 41956  - [39m06/10/2026 16:17:36 [31m  ERROR[39m [38;5;3m[Emargement] [39m[31mÉmargement en mode dégradé : Valkey indisponible, écriture directe en base.[39m
[31m[Nest] 41956  - [39m06/10/2026 16:17:36 [31m  ERROR[39m [38;5;3m[Emargement] [39m[31mÉmargement en mode dégradé : Valkey indisponible, écriture directe en base.[39m
[31m[Nest] 41956  - [39m06/10/2026 16:17:36 [31m  ERROR[39m [38;5;3m[Emargement] [39m[31mÉmargement en mode dégradé : Valkey indisponible, écriture directe en base.[39m
[31m[Nest] 41956  - [39m06/10/2026 16:17:36 [31m  ERROR[39m [38;5;3m[Emargement] [39m[31mÉmargement en mode dégradé : Valkey indisponible, écriture directe en base.[39m
[31m[Nest] 41956  - [39m06/10/2026 16:17:36 [31m  ERROR[39m [38;5;3m[Emargement] [39m[31mÉmargement en mode dégradé : Valkey indisponible, écriture directe en base.[39m
[31m[Nest] 41956  - [39m06/10/2026 16:17:36 [31m  ERROR[39m [38;5;3m[Emargement] [39m[31mÉmargement en mode dégradé : Valkey indisponible, écriture directe en base.[39m
[31m[Nest] 41956  - [39m06/10/2026 16:17:36 [31m  ERROR[39m [38;5;3m[Emargement] [39m[31mÉmargement en mode dégradé : Valkey indisponible, écriture directe en base.[39m
[31m[Nest] 41956  - [39m06/10/2026 16:17:36 [31m  ERROR[39m [38;5;3m[Emargement] [39m[31mÉmargement en mode dégradé : Valkey indisponible, écriture directe en base.[39m
[31m[Nest] 41956  - [39m06/10/2026 16:17:36 [31m  ERROR[39m [38;5;3m[Emargement] [39m[31mÉmargement en mode dégradé : Valkey indisponible, écriture directe en base.[39m
[31m[Nest] 41956  - [39m06/10/2026 16:17:36 [31m  ERROR[39m [38;5;3m[Emargement] [39m[31mÉmargement en mode dégradé : Valkey indisponible, écriture directe en base.[39m
[31m[Nest] 41956  - [39m06/10/2026 16:17:36 [31m  ERROR[39m [38;5;3m[Emargement] [39m[31mÉmargement en mode dégradé : Valkey indisponible, écriture directe en base.[39m
[31m[Nest] 41956  - [39m06/10/2026 16:17:36 [31m  ERROR[39m [38;5;3m[Emargement] [39m[31mÉmargement en mode dégradé : Valkey indisponible, écriture directe en base.[39m
[31m[Nest] 41956  - [39m06/10/2026 16:17:36 [31m  ERROR[39m [38;5;3m[Emargement] [39m[31mÉmargement en mode dégradé : Valkey indisponible, écriture directe en base.[39m
[31m[Nest] 41956  - [39m06/10/2026 16:17:36 [31m  ERROR[39m [38;5;3m[Emargement] [39m[31mÉmargement en mode dégradé : Valkey indisponible, écriture directe en base.[39m
[31m[Nest] 41956  - [39m06/10/2026 16:17:36 [31m  ERROR[39m [38;5;3m[Emargement] [39m[31mÉmargement en mode dégradé : Valkey indisponible, écriture directe en base.[39m
[31m[Nest] 41956  - [39m06/10/2026 16:17:36 [31m  ERROR[39m [38;5;3m[Emargement] [39m[31mÉmargement en mode dégradé : Valkey indisponible, écriture directe en base.[39m
[31m[Nest] 41956  - [39m06/10/2026 16:17:36 [31m  ERROR[39m [38;5;3m[Emargement] [39m[31mÉmargement en mode dégradé : Valkey indisponible, écriture directe en base.[39m
[31m[Nest] 41956  - [39m06/10/2026 16:17:36 [31m  ERROR[39m [38;5;3m[Emargement] [39m[31mÉmargement en mode dégradé : Valkey indisponible, écriture directe en base.[39m
[31m[Nest] 41956  - [39m06/10/2026 16:17:36 [31m  ERROR[39m [38;5;3m[Emargement] [39m[31mÉmargement en mode dégradé : Valkey indisponible, écriture directe en base.[39m
[31m[Nest] 41956  - [39m06/10/2026 16:17:36 [31m  ERROR[39m [38;5;3m[Emargement] [39m[31mÉmargement en mode dégradé : Valkey indisponible, écriture directe en base.[39m
[31m[Nest] 41956  - [39m06/10/2026 16:17:36 [31m  ERROR[39m [38;5;3m[Emargement] [39m[31mÉmargement en mode dégradé : Valkey indisponible, écriture directe en base.[39m
[31m[Nest] 41956  - [39m06/10/2026 16:17:36 [31m  ERROR[39m [38;5;3m[Emargement] [39m[31mÉmargement en mode dégradé : Valkey indisponible, écriture directe en base.[39m
[31m[Nest] 41956  - [39m06/10/2026 16:17:36 [31m  ERROR[39m [38;5;3m[Emargement] [39m[31mÉmargement en mode dégradé : Valkey indisponible, écriture directe en base.[39m
[31m[Nest] 41956  - [39m06/10/2026 16:17:36 [31m  ERROR[39m [38;5;3m[Emargement] [39m[31mÉmargement en mode dégradé : Valkey indisponible, écriture directe en base.[39m
[31m[Nest] 41956  - [39m06/10/2026 16:17:36 [31m  ERROR[39m [38;5;3m[Emargement] [39m[31mÉmargement en mode dégradé : Valkey indisponible, écriture directe en base.[39m
[31m[Nest] 41956  - [39m06/10/2026 16:17:36 [31m  ERROR[39m [38;5;3m[Emargement] [39m[31mÉmargement en mode dégradé : Valkey indisponible, écriture directe en base.[39m
[31m[Nest] 41956  - [39m06/10/2026 16:17:36 [31m  ERROR[39m [38;5;3m[Emargement] [39m[31mÉmargement en mode dégradé : Valkey indisponible, écriture directe en base.[39m
[31m[Nest] 41956  - [39m06/10/2026 16:17:36 [31m  ERROR[39m [38;5;3m[Emargement] [39m[31mÉmargement en mode dégradé : Valkey indisponible, écriture directe en base.[39m
[31m[Nest] 41956  - [39m06/10/2026 16:17:36 [31m  ERROR[39m [38;5;3m[Emargement] [39m[31mÉmargement en mode dégradé : Valkey indisponible, écriture directe en base.[39m
[31m[Nest] 41956  - [39m06/10/2026 16:17:36 [31m  ERROR[39m [38;5;3m[Emargement] [39m[31mÉmargement en mode dégradé : Valkey indisponible, écriture directe en base.[39m
[31m[Nest] 41956  - [39m06/10/2026 16:17:36 [31m  ERROR[39m [38;5;3m[Emargement] [39m[31mÉmargement en mode dégradé : Valkey indisponible, écriture directe en base.[39m
[31m[Nest] 41956  - [39m06/10/2026 16:17:37 [31m  ERROR[39m [38;5;3m[Emargement] [39m[31mÉmargement en mode dégradé : Valkey indisponible, écriture directe en base.[39m
[31m[Nest] 41956  - [39m06/10/2026 16:17:37 [31m  ERROR[39m [38;5;3m[Emargement] [39m[31mÉmargement en mode dégradé : Valkey indisponible, écriture directe en base.[39m
[31m[Nest] 41956  - [39m06/10/2026 16:17:37 [31m  ERROR[39m [38;5;3m[Emargement] [39m[31mÉmargement en mode dégradé : Valkey indisponible, écriture directe en base.[39m
[31m[Nest] 41956  - [39m06/10/2026 16:17:37 [31m  ERROR[39m [38;5;3m[Emargement] [39m[31mÉmargement en mode dégradé : Valkey indisponible, écriture directe en base.[39m
[31m[Nest] 41956  - [39m06/10/2026 16:17:37 [31m  ERROR[39m [38;5;3m[Emargement] [39m[31mÉmargement en mode dégradé : Valkey indisponible, écriture directe en base.[39m
[31m[Nest] 41956  - [39m06/10/2026 16:17:37 [31m  ERROR[39m [38;5;3m[Emargement] [39m[31mÉmargement en mode dégradé : Valkey indisponible, écriture directe en base.[39m
[31m[Nest] 41956  - [39m06/10/2026 16:17:37 [31m  ERROR[39m [38;5;3m[Emargement] [39m[31mÉmargement en mode dégradé : Valkey indisponible, écriture directe en base.[39m
[31m[Nest] 41956  - [39m06/10/2026 16:17:37 [31m  ERROR[39m [38;5;3m[Emargement] [39m[31mÉmargement en mode dégradé : Valkey indisponible, écriture directe en base.[39m
[31m[Nest] 41956  - [39m06/10/2026 16:17:37 [31m  ERROR[39m [38;5;3m[Emargement] [39m[31mÉmargement en mode dégradé : Valkey indisponible, écriture directe en base.[39m
[31m[Nest] 41956  - [39m06/10/2026 16:17:37 [31m  ERROR[39m [38;5;3m[Emargement] [39m[31mÉmargement en mode dégradé : Valkey indisponible, écriture directe en base.[39m
[31m[Nest] 41956  - [39m06/10/2026 16:17:37 [31m  ERROR[39m [38;5;3m[Emargement] [39m[31mÉmargement en mode dégradé : Valkey indisponible, écriture directe en base.[39m
[31m[Nest] 41956  - [39m06/10/2026 16:17:37 [31m  ERROR[39m [38;5;3m[Emargement] [39m[31mÉmargement en mode dégradé : Valkey indisponible, écriture directe en base.[39m
[31m[Nest] 41956  - [39m06/10/2026 16:17:37 [31m  ERROR[39m [38;5;3m[Emargement] [39m[31mÉmargement en mode dégradé : Valkey indisponible, écriture directe en base.[39m
[31m[Nest] 41956  - [39m06/10/2026 16:17:37 [31m  ERROR[39m [38;5;3m[Emargement] [39m[31mÉmargement en mode dégradé : Valkey indisponible, écriture directe en base.[39m
[31m[Nest] 41956  - [39m06/10/2026 16:17:37 [31m  ERROR[39m [38;5;3m[Emargement] [39m[31mÉmargement en mode dégradé : Valkey indisponible, écriture directe en base.[39m
[31m[Nest] 41956  - [39m06/10/2026 16:17:37 [31m  ERROR[39m [38;5;3m[Emargement] [39m[31mÉmargement en mode dégradé : Valkey indisponible, écriture directe en base.[39m
[31m[Nest] 41956  - [39m06/10/2026 16:17:37 [31m  ERROR[39m [38;5;3m[Emargement] [39m[31mÉmargement en mode dégradé : Valkey indisponible, écriture directe en base.[39m
[31m[Nest] 41956  - [39m06/10/2026 16:17:37 [31m  ERROR[39m [38;5;3m[Emargement] [39m[31mÉmargement en mode dégradé : Valkey indisponible, écriture directe en base.[39m
[31m[Nest] 41956  - [39m06/10/2026 16:17:37 [31m  ERROR[39m [38;5;3m[Emargement] [39m[31mÉmargement en mode dégradé : Valkey indisponible, écriture directe en base.[39m
[31m[Nest] 41956  - [39m06/10/2026 16:17:37 [31m  ERROR[39m [38;5;3m[Emargement] [39m[31mÉmargement en mode dégradé : Valkey indisponible, écriture directe en base.[39m
[31m[Nest] 41956  - [39m06/10/2026 16:17:37 [31m  ERROR[39m [38;5;3m[Emargement] [39m[31mÉmargement en mode dégradé : Valkey indisponible, écriture directe en base.[39m
[31m[Nest] 41956  - [39m06/10/2026 16:17:37 [31m  ERROR[39m [38;5;3m[Emargement] [39m[31mÉmargement en mode dégradé : Valkey indisponible, écriture directe en base.[39m
[31m[Nest] 41956  - [39m06/10/2026 16:17:37 [31m  ERROR[39m [38;5;3m[Emargement] [39m[31mÉmargement en mode dégradé : Valkey indisponible, écriture directe en base.[39m
[31m[Nest] 41956  - [39m06/10/2026 16:17:37 [31m  ERROR[39m [38;5;3m[Emargement] [39m[31mÉmargement en mode dégradé : Valkey indisponible, écriture directe en base.[39m
[31m[Nest] 41956  - [39m06/10/2026 16:17:37 [31m  ERROR[39m [38;5;3m[Emargement] [39m[31mÉmargement en mode dégradé : Valkey indisponible, écriture directe en base.[39m
[31m[Nest] 41956  - [39m06/10/2026 16:17:37 [31m  ERROR[39m [38;5;3m[Emargement] [39m[31mÉmargement en mode dégradé : Valkey indisponible, écriture directe en base.[39m
[31m[Nest] 41956  - [39m06/10/2026 16:17:37 [31m  ERROR[39m [38;5;3m[Emargement] [39m[31mÉmargement en mode dégradé : Valkey indisponible, écriture directe en base.[39m
[31m[Nest] 41956  - [39m06/10/2026 16:17:37 [31m  ERROR[39m [38;5;3m[Emargement] [39m[31mÉmargement en mode dégradé : Valkey indisponible, écriture directe en base.[39m
[31m[Nest] 41956  - [39m06/10/2026 16:17:37 [31m  ERROR[39m [38;5;3m[Emargement] [39m[31mÉmargement en mode dégradé : Valkey indisponible, écriture directe en base.[39m
[31m[Nest] 41956  - [39m06/10/2026 16:17:37 [31m  ERROR[39m [38;5;3m[Emargement] [39m[31mÉmargement en mode dégradé : Valkey indisponible, écriture directe en base.[39m
[31m[Nest] 41956  - [39m06/10/2026 16:17:37 [31m  ERROR[39m [38;5;3m[Emargement] [39m[31mÉmargement en mode dégradé : Valkey indisponible, écriture directe en base.[39m
[31m[Nest] 41956  - [39m06/10/2026 16:17:37 [31m  ERROR[39m [38;5;3m[Emargement] [39m[31mÉmargement en mode dégradé : Valkey indisponible, écriture directe en base.[39m
[31m[Nest] 41956  - [39m06/10/2026 16:17:37 [31m  ERROR[39m [38;5;3m[Emargement] [39m[31mÉmargement en mode dégradé : Valkey indisponible, écriture directe en base.[39m
[31m[Nest] 41956  - [39m06/10/2026 16:17:37 [31m  ERROR[39m [38;5;3m[Emargement] [39m[31mÉmargement en mode dégradé : Valkey indisponible, écriture directe en base.[39m
[31m[Nest] 41956  - [39m06/10/2026 16:17:37 [31m  ERROR[39m [38;5;3m[Emargement] [39m[31mÉmargement en mode dégradé : Valkey indisponible, écriture directe en base.[39m
[31m[Nest] 41956  - [39m06/10/2026 16:17:37 [31m  ERROR[39m [38;5;3m[Emargement] [39m[31mÉmargement en mode dégradé : Valkey indisponible, écriture directe en base.[39m
[31m[Nest] 41956  - [39m06/10/2026 16:17:37 [31m  ERROR[39m [38;5;3m[Emargement] [39m[31mÉmargement en mode dégradé : Valkey indisponible, écriture directe en base.[39m
[31m[Nest] 41956  - [39m06/10/2026 16:17:37 [31m  ERROR[39m [38;5;3m[Emargement] [39m[31mÉmargement en mode dégradé : Valkey indisponible, écriture directe en base.[39m
[31m[Nest] 41956  - [39m06/10/2026 16:17:37 [31m  ERROR[39m [38;5;3m[Emargement] [39m[31mÉmargement en mode dégradé : Valkey indisponible, écriture directe en base.[39m
[31m[Nest] 41956  - [39m06/10/2026 16:17:37 [31m  ERROR[39m [38;5;3m[Emargement] [39m[31mÉmargement en mode dégradé : Valkey indisponible, écriture directe en base.[39m
[31m[Nest] 41956  - [39m06/10/2026 16:17:37 [31m  ERROR[39m [38;5;3m[Emargement] [39m[31mÉmargement en mode dégradé : Valkey indisponible, écriture directe en base.[39m
[31m[Nest] 41956  - [39m06/10/2026 16:17:37 [31m  ERROR[39m [38;5;3m[Emargement] [39m[31mÉmargement en mode dégradé : Valkey indisponible, écriture directe en base.[39m
[31m[Nest] 41956  - [39m06/10/2026 16:17:37 [31m  ERROR[39m [38;5;3m[Emargement] [39m[31mÉmargement en mode dégradé : Valkey indisponible, écriture directe en base.[39m
[31m[Nest] 41956  - [39m06/10/2026 16:17:37 [31m  ERROR[39m [38;5;3m[Emargement] [39m[31mÉmargement en mode dégradé : Valkey indisponible, écriture directe en base.[39m
[31m[Nest] 41956  - [39m06/10/2026 16:17:37 [31m  ERROR[39m [38;5;3m[Emargement] [39m[31mÉmargement en mode dégradé : Valkey indisponible, écriture directe en base.[39m
[31m[Nest] 41956  - [39m06/10/2026 16:17:37 [31m  ERROR[39m [38;5;3m[Emargement] [39m[31mÉmargement en mode dégradé : Valkey indisponible, écriture directe en base.[39m
[31m[Nest] 41956  - [39m06/10/2026 16:17:37 [31m  ERROR[39m [38;5;3m[Emargement] [39m[31mÉmargement en mode dégradé : Valkey indisponible, écriture directe en base.[39m
[31m[Nest] 41956  - [39m06/10/2026 16:17:37 [31m  ERROR[39m [38;5;3m[Emargement] [39m[31mÉmargement en mode dégradé : Valkey indisponible, écriture directe en base.[39m
[31m[Nest] 41956  - [39m06/10/2026 16:17:37 [31m  ERROR[39m [38;5;3m[Emargement] [39m[31mÉmargement en mode dégradé : Valkey indisponible, écriture directe en base.[39m
[31m[Nest] 41956  - [39m06/10/2026 16:17:37 [31m  ERROR[39m [38;5;3m[Emargement] [39m[31mÉmargement en mode dégradé : Valkey indisponible, écriture directe en base.[39m
[31m[Nest] 41956  - [39m06/10/2026 16:17:37 [31m  ERROR[39m [38;5;3m[Emargement] [39m[31mÉmargement en mode dégradé : Valkey indisponible, écriture directe en base.[39m
[31m[Nest] 41956  - [39m06/10/2026 16:17:37 [31m  ERROR[39m [38;5;3m[Emargement] [39m[31mÉmargement en mode dégradé : Valkey indisponible, écriture directe en base.[39m
[31m[Nest] 41956  - [39m06/10/2026 16:17:37 [31m  ERROR[39m [38;5;3m[Emargement] [39m[31mÉmargement en mode dégradé : Valkey indisponible, écriture directe en base.[39m
[31m[Nest] 41956  - [39m06/10/2026 16:17:37 [31m  ERROR[39m [38;5;3m[Emargement] [39m[31mÉmargement en mode dégradé : Valkey indisponible, écriture directe en base.[39m
[31m[Nest] 41956  - [39m06/10/2026 16:17:37 [31m  ERROR[39m [38;5;3m[Emargement] [39m[31mÉmargement en mode dégradé : Valkey indisponible, écriture directe en base.[39m
[31m[Nest] 41956  - [39m06/10/2026 16:17:37 [31m  ERROR[39m [38;5;3m[Emargement] [39m[31mÉmargement en mode dégradé : Valkey indisponible, écriture directe en base.[39m
[31m[Nest] 41956  - [39m06/10/2026 16:17:37 [31m  ERROR[39m [38;5;3m[Emargement] [39m[31mÉmargement en mode dégradé : Valkey indisponible, écriture directe en base.[39m
[31m[Nest] 41956  - [39m06/10/2026 16:17:37 [31m  ERROR[39m [38;5;3m[Emargement] [39m[31mÉmargement en mode dégradé : Valkey indisponible, écriture directe en base.[39m
[31m[Nest] 41956  - [39m06/10/2026 16:17:37 [31m  ERROR[39m [38;5;3m[Emargement] [39m[31mÉmargement en mode dégradé : Valkey indisponible, écriture directe en base.[39m
[31m[Nest] 41956  - [39m06/10/2026 16:17:37 [31m  ERROR[39m [38;5;3m[Emargement] [39m[31mÉmargement en mode dégradé : Valkey indisponible, écriture directe en base.[39m
[31m[Nest] 41956  - [39m06/10/2026 16:17:37 [31m  ERROR[39m [38;5;3m[Emargement] [39m[31mÉmargement en mode dégradé : Valkey indisponible, écriture directe en base.[39m
[31m[Nest] 41956  - [39m06/10/2026 16:17:37 [31m  ERROR[39m [38;5;3m[Emargement] [39m[31mÉmargement en mode dégradé : Valkey indisponible, écriture directe en base.[39m
[31m[Nest] 41956  - [39m06/10/2026 16:17:37 [31m  ERROR[39m [38;5;3m[Emargement] [39m[31mÉmargement en mode dégradé : Valkey indisponible, écriture directe en base.[39m
[31m[Nest] 41956  - [39m06/10/2026 16:17:37 [31m  ERROR[39m [38;5;3m[Emargement] [39m[31mÉmargement en mode dégradé : Valkey indisponible, écriture directe en base.[39m
[31m[Nest] 41956  - [39m06/10/2026 16:17:37 [31m  ERROR[39m [38;5;3m[Emargement] [39m[31mÉmargement en mode dégradé : Valkey indisponible, écriture directe en base.[39m
[31m[Nest] 41956  - [39m06/10/2026 16:17:37 [31m  ERROR[39m [38;5;3m[Emargement] [39m[31mÉmargement en mode dégradé : Valkey indisponible, écriture directe en base.[39m
[31m[Nest] 41956  - [39m06/10/2026 16:17:37 [31m  ERROR[39m [38;5;3m[Emargement] [39m[31mÉmargement en mode dégradé : Valkey indisponible, écriture directe en base.[39m
[31m[Nest] 41956  - [39m06/10/2026 16:17:37 [31m  ERROR[39m [38;5;3m[Emargement] [39m[31mÉmargement en mode dégradé : Valkey indisponible, écriture directe en base.[39m
[31m[Nest] 41956  - [39m06/10/2026 16:17:37 [31m  ERROR[39m [38;5;3m[Emargement] [39m[31mÉmargement en mode dégradé : Valkey indisponible, écriture directe en base.[39m
[31m[Nest] 41956  - [39m06/10/2026 16:17:37 [31m  ERROR[39m [38;5;3m[Emargement] [39m[31mÉmargement en mode dégradé : Valkey indisponible, écriture directe en base.[39m
[31m[Nest] 41956  - [39m06/10/2026 16:17:37 [31m  ERROR[39m [38;5;3m[Emargement] [39m[31mÉmargement en mode dégradé : Valkey indisponible, écriture directe en base.[39m
[31m[Nest] 41956  - [39m06/10/2026 16:17:37 [31m  ERROR[39m [38;5;3m[Emargement] [39m[31mÉmargement en mode dégradé : Valkey indisponible, écriture directe en base.[39m
[31m[Nest] 41956  - [39m06/10/2026 16:17:37 [31m  ERROR[39m [38;5;3m[Emargement] [39m[31mÉmargement en mode dégradé : Valkey indisponible, écriture directe en base.[39m
[31m[Nest] 41956  - [39m06/10/2026 16:17:37 [31m  ERROR[39m [38;5;3m[Emargement] [39m[31mÉmargement en mode dégradé : Valkey indisponible, écriture directe en base.[39m
[31m[Nest] 41956  - [39m06/10/2026 16:17:37 [31m  ERROR[39m [38;5;3m[Emargement] [39m[31mÉmargement en mode dégradé : Valkey indisponible, écriture directe en base.[39m
[31m[Nest] 41956  - [39m06/10/2026 16:17:37 [31m  ERROR[39m [38;5;3m[Emargement] [39m[31mÉmargement en mode dégradé : Valkey indisponible, écriture directe en base.[39m
[31m[Nest] 41956  - [39m06/10/2026 16:17:37 [31m  ERROR[39m [38;5;3m[Emargement] [39m[31mÉmargement en mode dégradé : Valkey indisponible, écriture directe en base.[39m
[31m[Nest] 41956  - [39m06/10/2026 16:17:37 [31m  ERROR[39m [38;5;3m[Emargement] [39m[31mÉmargement en mode dégradé : Valkey indisponible, écriture directe en base.[39m
[31m[Nest] 41956  - [39m06/10/2026 16:17:37 [31m  ERROR[39m [38;5;3m[Emargement] [39m[31mÉmargement en mode dégradé : Valkey indisponible, écriture directe en base.[39m
[31m[Nest] 41956  - [39m06/10/2026 16:17:37 [31m  ERROR[39m [38;5;3m[Emargement] [39m[31mÉmargement en mode dégradé : Valkey indisponible, écriture directe en base.[39m
[31m[Nest] 41956  - [39m06/10/2026 16:17:37 [31m  ERROR[39m [38;5;3m[Emargement] [39m[31mÉmargement en mode dégradé : Valkey indisponible, écriture directe en base.[39m
[31m[Nest] 41956  - [39m06/10/2026 16:17:37 [31m  ERROR[39m [38;5;3m[Emargement] [39m[31mÉmargement en mode dégradé : Valkey indisponible, écriture directe en base.[39m
[31m[Nest] 41956  - [39m06/10/2026 16:17:37 [31m  ERROR[39m [38;5;3m[Emargement] [39m[31mÉmargement en mode dégradé : Valkey indisponible, écriture directe en base.[39m
[31m[Nest] 41956  - [39m06/10/2026 16:17:37 [31m  ERROR[39m [38;5;3m[Emargement] [39m[31mÉmargement en mode dégradé : Valkey indisponible, écriture directe en base.[39m
[31m[Nest] 41956  - [39m06/10/2026 16:17:37 [31m  ERROR[39m [38;5;3m[Emargement] [39m[31mÉmargement en mode dégradé : Valkey indisponible, écriture directe en base.[39m
[31m[Nest] 41956  - [39m06/10/2026 16:17:37 [31m  ERROR[39m [38;5;3m[Emargement] [39m[31mÉmargement en mode dégradé : Valkey indisponible, écriture directe en base.[39m
[31m[Nest] 41956  - [39m06/10/2026 16:17:37 [31m  ERROR[39m [38;5;3m[Emargement] [39m[31mÉmargement en mode dégradé : Valkey indisponible, écriture directe en base.[39m
[31m[Nest] 41956  - [39m06/10/2026 16:17:37 [31m  ERROR[39m [38;5;3m[Emargement] [39m[31mÉmargement en mode dégradé : Valkey indisponible, écriture directe en base.[39m
[31m[Nest] 41956  - [39m06/10/2026 16:17:37 [31m  ERROR[39m [38;5;3m[Emargement] [39m[31mÉmargement en mode dégradé : Valkey indisponible, écriture directe en base.[39m
[31m[Nest] 41956  - [39m06/10/2026 16:17:37 [31m  ERROR[39m [38;5;3m[Emargement] [39m[31mÉmargement en mode dégradé : Valkey indisponible, écriture directe en base.[39m
[31m[Nest] 41956  - [39m06/10/2026 16:17:37 [31m  ERROR[39m [38;5;3m[Emargement] [39m[31mÉmargement en mode dégradé : Valkey indisponible, écriture directe en base.[39m
[31m[Nest] 41956  - [39m06/10/2026 16:17:37 [31m  ERROR[39m [38;5;3m[Emargement] [39m[31mÉmargement en mode dégradé : Valkey indisponible, écriture directe en base.[39m
[31m[Nest] 41956  - [39m06/10/2026 16:17:37 [31m  ERROR[39m [38;5;3m[Emargement] [39m[31mÉmargement en mode dégradé : Valkey indisponible, écriture directe en base.[39m
[31m[Nest] 41956  - [39m06/10/2026 16:17:37 [31m  ERROR[39m [38;5;3m[Emargement] [39m[31mÉmargement en mode dégradé : Valkey indisponible, écriture directe en base.[39m
[31m[Nest] 41956  - [39m06/10/2026 16:17:38 [31m  ERROR[39m [38;5;3m[Emargement] [39m[31mÉmargement en mode dégradé : Valkey indisponible, écriture directe en base.[39m
[31m[Nest] 41956  - [39m06/10/2026 16:17:38 [31m  ERROR[39m [38;5;3m[Emargement] [39m[31mÉmargement en mode dégradé : Valkey indisponible, écriture directe en base.[39m
[31m[Nest] 41956  - [39m06/10/2026 16:17:38 [31m  ERROR[39m [38;5;3m[Emargement] [39m[31mÉmargement en mode dégradé : Valkey indisponible, écriture directe en base.[39m
[31m[Nest] 41956  - [39m06/10/2026 16:17:38 [31m  ERROR[39m [38;5;3m[Emargement] [39m[31mÉmargement en mode dégradé : Valkey indisponible, écriture directe en base.[39m
[31m[Nest] 41956  - [39m06/10/2026 16:17:38 [31m  ERROR[39m [38;5;3m[Emargement] [39m[31mÉmargement en mode dégradé : Valkey indisponible, écriture directe en base.[39m
[31m[Nest] 41956  - [39m06/10/2026 16:17:38 [31m  ERROR[39m [38;5;3m[Emargement] [39m[31mÉmargement en mode dégradé : Valkey indisponible, écriture directe en base.[39m
[31m[Nest] 41956  - [39m06/10/2026 16:17:38 [31m  ERROR[39m [38;5;3m[Emargement] [39m[31mÉmargement en mode dégradé : Valkey indisponible, écriture directe en base.[39m
[31m[Nest] 41956  - [39m06/10/2026 16:17:38 [31m  ERROR[39m [38;5;3m[Emargement] [39m[31mÉmargement en mode dégradé : Valkey indisponible, écriture directe en base.[39m
[31m[Nest] 41956  - [39m06/10/2026 16:17:38 [31m  ERROR[39m [38;5;3m[Emargement] [39m[31mÉmargement en mode dégradé : Valkey indisponible, écriture directe en base.[39m
[31m[Nest] 41956  - [39m06/10/2026 16:17:38 [31m  ERROR[39m [38;5;3m[Emargement] [39m[31mÉmargement en mode dégradé : Valkey indisponible, écriture directe en base.[39m
[31m[Nest] 41956  - [39m06/10/2026 16:17:38 [31m  ERROR[39m [38;5;3m[Emargement] [39m[31mÉmargement en mode dégradé : Valkey indisponible, écriture directe en base.[39m
[31m[Nest] 41956  - [39m06/10/2026 16:17:38 [31m  ERROR[39m [38;5;3m[Emargement] [39m[31mÉmargement en mode dégradé : Valkey indisponible, écriture directe en base.[39m
[31m[Nest] 41956  - [39m06/10/2026 16:17:38 [31m  ERROR[39m [38;5;3m[Emargement] [39m[31mÉmargement en mode dégradé : Valkey indisponible, écriture directe en base.[39m
[31m[Nest] 41956  - [39m06/10/2026 16:17:38 [31m  ERROR[39m [38;5;3m[Emargement] [39m[31mÉmargement en mode dégradé : Valkey indisponible, écriture directe en base.[39m
[31m[Nest] 41956  - [39m06/10/2026 16:17:38 [31m  ERROR[39m [38;5;3m[Emargement] [39m[31mÉmargement en mode dégradé : Valkey indisponible, écriture directe en base.[39m
[31m[Nest] 41956  - [39m06/10/2026 16:17:38 [31m  ERROR[39m [38;5;3m[Emargement] [39m[31mÉmargement en mode dégradé : Valkey indisponible, écriture directe en base.[39m
[31m[Nest] 41956  - [39m06/10/2026 16:17:38 [31m  ERROR[39m [38;5;3m[Emargement] [39m[31mÉmargement en mode dégradé : Valkey indisponible, écriture directe en base.[39m
[31m[Nest] 41956  - [39m06/10/2026 16:17:38 [31m  ERROR[39m [38;5;3m[Emargement] [39m[31mÉmargement en mode dégradé : Valkey indisponible, écriture directe en base.[39m
[31m[Nest] 41956  - [39m06/10/2026 16:17:38 [31m  ERROR[39m [38;5;3m[Emargement] [39m[31mÉmargement en mode dégradé : Valkey indisponible, écriture directe en base.[39m
[31m[Nest] 41956  - [39m06/10/2026 16:17:38 [31m  ERROR[39m [38;5;3m[Emargement] [39m[31mÉmargement en mode dégradé : Valkey indisponible, écriture directe en base.[39m
[31m[Nest] 41956  - [39m06/10/2026 16:17:38 [31m  ERROR[39m [38;5;3m[Emargement] [39m[31mÉmargement en mode dégradé : Valkey indisponible, écriture directe en base.[39m
[31m[Nest] 41956  - [39m06/10/2026 16:17:38 [31m  ERROR[39m [38;5;3m[Emargement] [39m[31mÉmargement en mode dégradé : Valkey indisponible, écriture directe en base.[39m
[31m[Nest] 41956  - [39m06/10/2026 16:17:38 [31m  ERROR[39m [38;5;3m[Emargement] [39m[31mÉmargement en mode dégradé : Valkey indisponible, écriture directe en base.[39m
[31m[Nest] 41956  - [39m06/10/2026 16:17:38 [31m  ERROR[39m [38;5;3m[Emargement] [39m[31mÉmargement en mode dégradé : Valkey indisponible, écriture directe en base.[39m
[31m[Nest] 41956  - [39m06/10/2026 16:17:38 [31m  ERROR[39m [38;5;3m[Emargement] [39m[31mÉmargement en mode dégradé : Valkey indisponible, écriture directe en base.[39m
[31m[Nest] 41956  - [39m06/10/2026 16:17:38 [31m  ERROR[39m [38;5;3m[Emargement] [39m[31mÉmargement en mode dégradé : Valkey indisponible, écriture directe en base.[39m
[31m[Nest] 41956  - [39m06/10/2026 16:17:38 [31m  ERROR[39m [38;5;3m[Emargement] [39m[31mÉmargement en mode dégradé : Valkey indisponible, écriture directe en base.[39m
[31m[Nest] 41956  - [39m06/10/2026 16:17:38 [31m  ERROR[39m [38;5;3m[Emargement] [39m[31mÉmargement en mode dégradé : Valkey indisponible, écriture directe en base.[39m
[31m[Nest] 41956  - [39m06/10/2026 16:17:38 [31m  ERROR[39m [38;5;3m[Emargement] [39m[31mÉmargement en mode dégradé : Valkey indisponible, écriture directe en base.[39m
[31m[Nest] 41956  - [39m06/10/2026 16:17:38 [31m  ERROR[39m [38;5;3m[Emargement] [39m[31mÉmargement en mode dégradé : Valkey indisponible, écriture directe en base.[39m
[31m[Nest] 41956  - [39m06/10/2026 16:17:38 [31m  ERROR[39m [38;5;3m[Emargement] [39m[31mÉmargement en mode dégradé : Valkey indisponible, écriture directe en base.[39m
[31m[Nest] 41956  - [39m06/10/2026 16:17:38 [31m  ERROR[39m [38;5;3m[Emargement] [39m[31mÉmargement en mode dégradé : Valkey indisponible, écriture directe en base.[39m
[31m[Nest] 41956  - [39m06/10/2026 16:17:38 [31m  ERROR[39m [38;5;3m[Emargement] [39m[31mÉmargement en mode dégradé : Valkey indisponible, écriture directe en base.[39m
[31m[Nest] 41956  - [39m06/10/2026 16:17:38 [31m  ERROR[39m [38;5;3m[Emargement] [39m[31mÉmargement en mode dégradé : Valkey indisponible, écriture directe en base.[39m
[31m[Nest] 41956  - [39m06/10/2026 16:17:38 [31m  ERROR[39m [38;5;3m[Emargement] [39m[31mÉmargement en mode dégradé : Valkey indisponible, écriture directe en base.[39m
[31m[Nest] 41956  - [39m06/10/2026 16:17:38 [31m  ERROR[39m [38;5;3m[Emargement] [39m[31mÉmargement en mode dégradé : Valkey indisponible, écriture directe en base.[39m
[31m[Nest] 41956  - [39m06/10/2026 16:17:38 [31m  ERROR[39m [38;5;3m[Emargement] [39m[31mÉmargement en mode dégradé : Valkey indisponible, écriture directe en base.[39m
[31m[Nest] 41956  - [39m06/10/2026 16:17:38 [31m  ERROR[39m [38;5;3m[Emargement] [39m[31mÉmargement en mode dégradé : Valkey indisponible, écriture directe en base.[39m
[ioredis] Unhandled error event: AggregateError [ECONNREFUSED]: 
    at internalConnectMultiple (node:net:1194:18)
    at afterConnectMultiple (node:net:1784:7)
[31m[Nest] 41956  - [39m06/10/2026 16:17:38 [31m  ERROR[39m [38;5;3m[Emargement] [39m[31mÉmargement en mode dégradé : Valkey indisponible, écriture directe en base.[39m
[31m[Nest] 41956  - [39m06/10/2026 16:17:38 [31m  ERROR[39m [38;5;3m[Emargement] [39m[31mÉmargement en mode dégradé : Valkey indisponible, écriture directe en base.[39m
[31m[Nest] 41956  - [39m06/10/2026 16:17:38 [31m  ERROR[39m [38;5;3m[Emargement] [39m[31mÉmargement en mode dégradé : Valkey indisponible, écriture directe en base.[39m
[31m[Nest] 41956  - [39m06/10/2026 16:17:38 [31m  ERROR[39m [38;5;3m[Emargement] [39m[31mÉmargement en mode dégradé : Valkey indisponible, écriture directe en base.[39m
[31m[Nest] 41956  - [39m06/10/2026 16:17:38 [31m  ERROR[39m [38;5;3m[Emargement] [39m[31mÉmargement en mode dégradé : Valkey indisponible, écriture directe en base.[39m
[31m[Nest] 41956  - [39m06/10/2026 16:17:38 [31m  ERROR[39m [38;5;3m[Emargement] [39m[31mÉmargement en mode dégradé : Valkey indisponible, écriture directe en base.[39m
[31m[Nest] 41956  - [39m06/10/2026 16:17:38 [31m  ERROR[39m [38;5;3m[Emargement] [39m[31mÉmargement en mode dégradé : Valkey indisponible, écriture directe en base.[39m
[31m[Nest] 41956  - [39m06/10/2026 16:17:38 [31m  ERROR[39m [38;5;3m[Emargement] [39m[31mÉmargement en mode dégradé : Valkey indisponible, écriture directe en base.[39m
[31m[Nest] 41956  - [39m06/10/2026 16:17:38 [31m  ERROR[39m [38;5;3m[Emargement] [39m[31mÉmargement en mode dégradé : Valkey indisponible, écriture directe en base.[39m
[31m[Nest] 41956  - [39m06/10/2026 16:17:38 [31m  ERROR[39m [38;5;3m[Emargement] [39m[31mÉmargement en mode dégradé : Valkey indisponible, écriture directe en base.[39m
[31m[Nest] 41956  - [39m06/10/2026 16:17:38 [31m  ERROR[39m [38;5;3m[Emargement] [39m[31mÉmargement en mode dégradé : Valkey indisponible, écriture directe en base.[39m
[31m[Nest] 41956  - [39m06/10/2026 16:17:38 [31m  ERROR[39m [38;5;3m[Emargement] [39m[31mÉmargement en mode dégradé : Valkey indisponible, écriture directe en base.[39m
[31m[Nest] 41956  - [39m06/10/2026 16:17:38 [31m  ERROR[39m [38;5;3m[Emargement] [39m[31mÉmargement en mode dégradé : Valkey indisponible, écriture directe en base.[39m
[31m[Nest] 41956  - [39m06/10/2026 16:17:38 [31m  ERROR[39m [38;5;3m[Emargement] [39m[31mÉmargement en mode dégradé : Valkey indisponible, écriture directe en base.[39m
[31m[Nest] 41956  - [39m06/10/2026 16:17:38 [31m  ERROR[39m [38;5;3m[Emargement] [39m[31mÉmargement en mode dégradé : Valkey indisponible, écriture directe en base.[39m
[31m[Nest] 41956  - [39m06/10/2026 16:17:38 [31m  ERROR[39m [38;5;3m[Emargement] [39m[31mÉmargement en mode dégradé : Valkey indisponible, écriture directe en base.[39m
[31m[Nest] 41956  - [39m06/10/2026 16:17:38 [31m  ERROR[39m [38;5;3m[Emargement] [39m[31mÉmargement en mode dégradé : Valkey indisponible, écriture directe en base.[39m
[31m[Nest] 41956  - [39m06/10/2026 16:17:38 [31m  ERROR[39m [38;5;3m[Emargement] [39m[31mÉmargement en mode dégradé : Valkey indisponible, écriture directe en base.[39m
[31m[Nest] 41956  - [39m06/10/2026 16:17:38 [31m  ERROR[39m [38;5;3m[Emargement] [39m[31mÉmargement en mode dégradé : Valkey indisponible, écriture directe en base.[39m
[31m[Nest] 41956  - [39m06/10/2026 16:17:38 [31m  ERROR[39m [38;5;3m[Emargement] [39m[31mÉmargement en mode dégradé : Valkey indisponible, écriture directe en base.[39m
[31m[Nest] 41956  - [39m06/10/2026 16:17:38 [31m  ERROR[39m [38;5;3m[Emargement] [39m[31mÉmargement en mode dégradé : Valkey indisponible, écriture directe en base.[39m
[31m[Nest] 41956  - [39m06/10/2026 16:17:38 [31m  ERROR[39m [38;5;3m[Emargement] [39m[31mÉmargement en mode dégradé : Valkey indisponible, écriture directe en base.[39m
[31m[Nest] 41956  - [39m06/10/2026 16:17:38 [31m  ERROR[39m [38;5;3m[Emargement] [39m[31mÉmargement en mode dégradé : Valkey indisponible, écriture directe en base.[39m
[31m[Nest] 41956  - [39m06/10/2026 16:17:38 [31m  ERROR[39m [38;5;3m[Emargement] [39m[31mÉmargement en mode dégradé : Valkey indisponible, écriture directe en base.[39m
[31m[Nest] 41956  - [39m06/10/2026 16:17:38 [31m  ERROR[39m [38;5;3m[Emargement] [39m[31mÉmargement en mode dégradé : Valkey indisponible, écriture directe en base.[39m
[31m[Nest] 41956  - [39m06/10/2026 16:17:38 [31m  ERROR[39m [38;5;3m[Emargement] [39m[31mÉmargement en mode dégradé : Valkey indisponible, écriture directe en base.[39m
[31m[Nest] 41956  - [39m06/10/2026 16:17:38 [31m  ERROR[39m [38;5;3m[Emargement] [39m[31mÉmargement en mode dégradé : Valkey indisponible, écriture directe en base.[39m
[31m[Nest] 41956  - [39m06/10/2026 16:17:38 [31m  ERROR[39m [38;5;3m[Emargement] [39m[31mÉmargement en mode dégradé : Valkey indisponible, écriture directe en base.[39m
[31m[Nest] 41956  - [39m06/10/2026 16:17:38 [31m  ERROR[39m [38;5;3m[Emargement] [39m[31mÉmargement en mode dégradé : Valkey indisponible, écriture directe en base.[39m
[31m[Nest] 41956  - [39m06/10/2026 16:17:38 [31m  ERROR[39m [38;5;3m[Emargement] [39m[31mÉmargement en mode dégradé : Valkey indisponible, écriture directe en base.[39m
[31m[Nest] 41956  - [39m06/10/2026 16:17:38 [31m  ERROR[39m [38;5;3m[Emargement] [39m[31mÉmargement en mode dégradé : Valkey indisponible, écriture directe en base.[39m
[31m[Nest] 41956  - [39m06/10/2026 16:17:38 [31m  ERROR[39m [38;5;3m[Emargement] [39m[31mÉmargement en mode dégradé : Valkey indisponible, écriture directe en base.[39m
[31m[Nest] 41956  - [39m06/10/2026 16:17:38 [31m  ERROR[39m [38;5;3m[Emargement] [39m[31mÉmargement en mode dégradé : Valkey indisponible, écriture directe en base.[39m
[31m[Nest] 41956  - [39m06/10/2026 16:17:38 [31m  ERROR[39m [38;5;3m[Emargement] [39m[31mÉmargement en mode dégradé : Valkey indisponible, écriture directe en base.[39m
[31m[Nest] 41956  - [39m06/10/2026 16:17:38 [31m  ERROR[39m [38;5;3m[Emargement] [39m[31mÉmargement en mode dégradé : Valkey indisponible, écriture directe en base.[39m
[31m[Nest] 41956  - [39m06/10/2026 16:17:38 [31m  ERROR[39m [38;5;3m[Emargement] [39m[31mÉmargement en mode dégradé : Valkey indisponible, écriture directe en base.[39m
[31m[Nest] 41956  - [39m06/10/2026 16:17:38 [31m  ERROR[39m [38;5;3m[Emargement] [39m[31mÉmargement en mode dégradé : Valkey indisponible, écriture directe en base.[39m
[31m[Nest] 41956  - [39m06/10/2026 16:17:38 [31m  ERROR[39m [38;5;3m[Emargement] [39m[31mÉmargement en mode dégradé : Valkey indisponible, écriture directe en base.[39m
[31m[Nest] 41956  - [39m06/10/2026 16:17:38 [31m  ERROR[39m [38;5;3m[Emargement] [39m[31mÉmargement en mode dégradé : Valkey indisponible, écriture directe en base.[39m
[31m[Nest] 41956  - [39m06/10/2026 16:17:38 [31m  ERROR[39m [38;5;3m[Emargement] [39m[31mÉmargement en mode dégradé : Valkey indisponible, écriture directe en base.[39m
[31m[Nest] 41956  - [39m06/10/2026 16:17:38 [31m  ERROR[39m [38;5;3m[Emargement] [39m[31mÉmargement en mode dégradé : Valkey indisponible, écriture directe en base.[39m
[31m[Nest] 41956  - [39m06/10/2026 16:17:38 [31m  ERROR[39m [38;5;3m[Emargement] [39m[31mÉmargement en mode dégradé : Valkey indisponible, écriture directe en base.[39m
[31m[Nest] 41956  - [39m06/10/2026 16:17:38 [31m  ERROR[39m [38;5;3m[Emargement] [39m[31mÉmargement en mode dégradé : Valkey indisponible, écriture directe en base.[39m
[31m[Nest] 41956  - [39m06/10/2026 16:17:38 [31m  ERROR[39m [38;5;3m[Emargement] [39m[31mÉmargement en mode dégradé : Valkey indisponible, écriture directe en base.[39m
[31m[Nest] 41956  - [39m06/10/2026 16:17:38 [31m  ERROR[39m [38;5;3m[Emargement] [39m[31mÉmargement en mode dégradé : Valkey indisponible, écriture directe en base.[39m
[31m[Nest] 41956  - [39m06/10/2026 16:17:38 [31m  ERROR[39m [38;5;3m[Emargement] [39m[31mÉmargement en mode dégradé : Valkey indisponible, écriture directe en base.[39m
[31m[Nest] 41956  - [39m06/10/2026 16:17:39 [31m  ERROR[39m [38;5;3m[Emargement] [39m[31mÉmargement en mode dégradé : Valkey indisponible, écriture directe en base.[39m
[31m[Nest] 41956  - [39m06/10/2026 16:17:39 [31m  ERROR[39m [38;5;3m[Emargement] [39m[31mÉmargement en mode dégradé : Valkey indisponible, écriture directe en base.[39m
[31m[Nest] 41956  - [39m06/10/2026 16:17:39 [31m  ERROR[39m [38;5;3m[Emargement] [39m[31mÉmargement en mode dégradé : Valkey indisponible, écriture directe en base.[39m
[31m[Nest] 41956  - [39m06/10/2026 16:17:39 [31m  ERROR[39m [38;5;3m[Emargement] [39m[31mÉmargement en mode dégradé : Valkey indisponible, écriture directe en base.[39m
[31m[Nest] 41956  - [39m06/10/2026 16:17:39 [31m  ERROR[39m [38;5;3m[Emargement] [39m[31mÉmargement en mode dégradé : Valkey indisponible, écriture directe en base.[39m
[31m[Nest] 41956  - [39m06/10/2026 16:17:39 [31m  ERROR[39m [38;5;3m[Emargement] [39m[31mÉmargement en mode dégradé : Valkey indisponible, écriture directe en base.[39m
[31m[Nest] 41956  - [39m06/10/2026 16:17:39 [31m  ERROR[39m [38;5;3m[Emargement] [39m[31mÉmargement en mode dégradé : Valkey indisponible, écriture directe en base.[39m
[31m[Nest] 41956  - [39m06/10/2026 16:17:39 [31m  ERROR[39m [38;5;3m[Emargement] [39m[31mÉmargement en mode dégradé : Valkey indisponible, écriture directe en base.[39m
[31m[Nest] 41956  - [39m06/10/2026 16:17:39 [31m  ERROR[39m [38;5;3m[Emargement] [39m[31mÉmargement en mode dégradé : Valkey indisponible, écriture directe en base.[39m
[31m[Nest] 41956  - [39m06/10/2026 16:17:39 [31m  ERROR[39m [38;5;3m[Emargement] [39m[31mÉmargement en mode dégradé : Valkey indisponible, écriture directe en base.[39m
[31m[Nest] 41956  - [39m06/10/2026 16:17:39 [31m  ERROR[39m [38;5;3m[Emargement] [39m[31mÉmargement en mode dégradé : Valkey indisponible, écriture directe en base.[39m
[31m[Nest] 41956  - [39m06/10/2026 16:17:39 [31m  ERROR[39m [38;5;3m[Emargement] [39m[31mÉmargement en mode dégradé : Valkey indisponible, écriture directe en base.[39m
[31m[Nest] 41956  - [39m06/10/2026 16:17:39 [31m  ERROR[39m [38;5;3m[Emargement] [39m[31mÉmargement en mode dégradé : Valkey indisponible, écriture directe en base.[39m
[31m[Nest] 41956  - [39m06/10/2026 16:17:39 [31m  ERROR[39m [38;5;3m[Emargement] [39m[31mÉmargement en mode dégradé : Valkey indisponible, écriture directe en base.[39m
[31m[Nest] 41956  - [39m06/10/2026 16:17:39 [31m  ERROR[39m [38;5;3m[Emargement] [39m[31mÉmargement en mode dégradé : Valkey indisponible, écriture directe en base.[39m
[31m[Nest] 41956  - [39m06/10/2026 16:17:39 [31m  ERROR[39m [38;5;3m[Emargement] [39m[31mÉmargement en mode dégradé : Valkey indisponible, écriture directe en base.[39m
[31m[Nest] 41956  - [39m06/10/2026 16:17:39 [31m  ERROR[39m [38;5;3m[Emargement] [39m[31mÉmargement en mode dégradé : Valkey indisponible, écriture directe en base.[39m
[31m[Nest] 41956  - [39m06/10/2026 16:17:39 [31m  ERROR[39m [38;5;3m[Emargement] [39m[31mÉmargement en mode dégradé : Valkey indisponible, écriture directe en base.[39m
[31m[Nest] 41956  - [39m06/10/2026 16:17:39 [31m  ERROR[39m [38;5;3m[Emargement] [39m[31mÉmargement en mode dégradé : Valkey indisponible, écriture directe en base.[39m
[31m[Nest] 41956  - [39m06/10/2026 16:17:39 [31m  ERROR[39m [38;5;3m[Emargement] [39m[31mÉmargement en mode dégradé : Valkey indisponible, écriture directe en base.[39m
[31m[Nest] 41956  - [39m06/10/2026 16:17:39 [31m  ERROR[39m [38;5;3m[Emargement] [39m[31mÉmargement en mode dégradé : Valkey indisponible, écriture directe en base.[39m
[31m[Nest] 41956  - [39m06/10/2026 16:17:39 [31m  ERROR[39m [38;5;3m[Emargement] [39m[31mÉmargement en mode dégradé : Valkey indisponible, écriture directe en base.[39m
[31m[Nest] 41956  - [39m06/10/2026 16:17:39 [31m  ERROR[39m [38;5;3m[Emargement] [39m[31mÉmargement en mode dégradé : Valkey indisponible, écriture directe en base.[39m
[31m[Nest] 41956  - [39m06/10/2026 16:17:39 [31m  ERROR[39m [38;5;3m[Emargement] [39m[31mÉmargement en mode dégradé : Valkey indisponible, écriture directe en base.[39m
[31m[Nest] 41956  - [39m06/10/2026 16:17:39 [31m  ERROR[39m [38;5;3m[Emargement] [39m[31mÉmargement en mode dégradé : Valkey indisponible, écriture directe en base.[39m
[31m[Nest] 41956  - [39m06/10/2026 16:17:39 [31m  ERROR[39m [38;5;3m[Emargement] [39m[31mÉmargement en mode dégradé : Valkey indisponible, écriture directe en base.[39m
[31m[Nest] 41956  - [39m06/10/2026 16:17:39 [31m  ERROR[39m [38;5;3m[Emargement] [39m[31mÉmargement en mode dégradé : Valkey indisponible, écriture directe en base.[39m
[31m[Nest] 41956  - [39m06/10/2026 16:17:39 [31m  ERROR[39m [38;5;3m[Emargement] [39m[31mÉmargement en mode dégradé : Valkey indisponible, écriture directe en base.[39m
[31m[Nest] 41956  - [39m06/10/2026 16:17:39 [31m  ERROR[39m [38;5;3m[Emargement] [39m[31mÉmargement en mode dégradé : Valkey indisponible, écriture directe en base.[39m
[31m[Nest] 41956  - [39m06/10/2026 16:17:39 [31m  ERROR[39m [38;5;3m[Emargement] [39m[31mÉmargement en mode dégradé : Valkey indisponible, écriture directe en base.[39m
[31m[Nest] 41956  - [39m06/10/2026 16:17:39 [31m  ERROR[39m [38;5;3m[Emargement] [39m[31mÉmargement en mode dégradé : Valkey indisponible, écriture directe en base.[39m
[31m[Nest] 41956  - [39m06/10/2026 16:17:39 [31m  ERROR[39m [38;5;3m[Emargement] [39m[31mÉmargement en mode dégradé : Valkey indisponible, écriture directe en base.[39m
[31m[Nest] 41956  - [39m06/10/2026 16:17:39 [31m  ERROR[39m [38;5;3m[Emargement] [39m[31mÉmargement en mode dégradé : Valkey indisponible, écriture directe en base.[39m
[31m[Nest] 41956  - [39m06/10/2026 16:17:39 [31m  ERROR[39m [38;5;3m[Emargement] [39m[31mÉmargement en mode dégradé : Valkey indisponible, écriture directe en base.[39m
[31m[Nest] 41956  - [39m06/10/2026 16:17:39 [31m  ERROR[39m [38;5;3m[Emargement] [39m[31mÉmargement en mode dégradé : Valkey indisponible, écriture directe en base.[39m
[31m[Nest] 41956  - [39m06/10/2026 16:17:39 [31m  ERROR[39m [38;5;3m[Emargement] [39m[31mÉmargement en mode dégradé : Valkey indisponible, écriture directe en base.[39m
[31m[Nest] 41956  - [39m06/10/2026 16:17:39 [31m  ERROR[39m [38;5;3m[Emargement] [39m[31mÉmargement en mode dégradé : Valkey indisponible, écriture directe en base.[39m
[31m[Nest] 41956  - [39m06/10/2026 16:17:39 [31m  ERROR[39m [38;5;3m[Emargement] [39m[31mÉmargement en mode dégradé : Valkey indisponible, écriture directe en base.[39m
[31m[Nest] 41956  - [39m06/10/2026 16:17:39 [31m  ERROR[39m [38;5;3m[Emargement] [39m[31mÉmargement en mode dégradé : Valkey indisponible, écriture directe en base.[39m
[31m[Nest] 41956  - [39m06/10/2026 16:17:39 [31m  ERROR[39m [38;5;3m[Emargement] [39m[31mÉmargement en mode dégradé : Valkey indisponible, écriture directe en base.[39m
[31m[Nest] 41956  - [39m06/10/2026 16:17:39 [31m  ERROR[39m [38;5;3m[Emargement] [39m[31mÉmargement en mode dégradé : Valkey indisponible, écriture directe en base.[39m
[31m[Nest] 41956  - [39m06/10/2026 16:17:39 [31m  ERROR[39m [38;5;3m[Emargement] [39m[31mÉmargement en mode dégradé : Valkey indisponible, écriture directe en base.[39m
[31m[Nest] 41956  - [39m06/10/2026 16:17:39 [31m  ERROR[39m [38;5;3m[Emargement] [39m[31mÉmargement en mode dégradé : Valkey indisponible, écriture directe en base.[39m
[31m[Nest] 41956  - [39m06/10/2026 16:17:39 [31m  ERROR[39m [38;5;3m[Emargement] [39m[31mÉmargement en mode dégradé : Valkey indisponible, écriture directe en base.[39m
[31m[Nest] 41956  - [39m06/10/2026 16:17:39 [31m  ERROR[39m [38;5;3m[Emargement] [39m[31mÉmargement en mode dégradé : Valkey indisponible, écriture directe en base.[39m
[31m[Nest] 41956  - [39m06/10/2026 16:17:39 [31m  ERROR[39m [38;5;3m[Emargement] [39m[31mÉmargement en mode dégradé : Valkey indisponible, écriture directe en base.[39m
[31m[Nest] 41956  - [39m06/10/2026 16:17:39 [31m  ERROR[39m [38;5;3m[Emargement] [39m[31mÉmargement en mode dégradé : Valkey indisponible, écriture directe en base.[39m
[31m[Nest] 41956  - [39m06/10/2026 16:17:39 [31m  ERROR[39m [38;5;3m[Emargement] [39m[31mÉmargement en mode dégradé : Valkey indisponible, écriture directe en base.[39m
[31m[Nest] 41956  - [39m06/10/2026 16:17:39 [31m  ERROR[39m [38;5;3m[Emargement] [39m[31mÉmargement en mode dégradé : Valkey indisponible, écriture directe en base.[39m
[31m[Nest] 41956  - [39m06/10/2026 16:17:39 [31m  ERROR[39m [38;5;3m[Emargement] [39m[31mÉmargement en mode dégradé : Valkey indisponible, écriture directe en base.[39m
[31m[Nest] 41956  - [39m06/10/2026 16:17:39 [31m  ERROR[39m [38;5;3m[Emargement] [39m[31mÉmargement en mode dégradé : Valkey indisponible, écriture directe en base.[39m
[31m[Nest] 41956  - [39m06/10/2026 16:17:39 [31m  ERROR[39m [38;5;3m[Emargement] [39m[31mÉmargement en mode dégradé : Valkey indisponible, écriture directe en base.[39m
[31m[Nest] 41956  - [39m06/10/2026 16:17:39 [31m  ERROR[39m [38;5;3m[Emargement] [39m[31mÉmargement en mode dégradé : Valkey indisponible, écriture directe en base.[39m
[31m[Nest] 41956  - [39m06/10/2026 16:17:39 [31m  ERROR[39m [38;5;3m[Emargement] [39m[31mÉmargement en mode dégradé : Valkey indisponible, écriture directe en base.[39m
[31m[Nest] 41956  - [39m06/10/2026 16:17:39 [31m  ERROR[39m [38;5;3m[Emargement] [39m[31mÉmargement en mode dégradé : Valkey indisponible, écriture directe en base.[39m
[31m[Nest] 41956  - [39m06/10/2026 16:17:39 [31m  ERROR[39m [38;5;3m[Emargement] [39m[31mÉmargement en mode dégradé : Valkey indisponible, écriture directe en base.[39m
[31m[Nest] 41956  - [39m06/10/2026 16:17:39 [31m  ERROR[39m [38;5;3m[Emargement] [39m[31mÉmargement en mode dégradé : Valkey indisponible, écriture directe en base.[39m
[31m[Nest] 41956  - [39m06/10/2026 16:17:39 [31m  ERROR[39m [38;5;3m[Emargement] [39m[31mÉmargement en mode dégradé : Valkey indisponible, écriture directe en base.[39m
[31m[Nest] 41956  - [39m06/10/2026 16:17:39 [31m  ERROR[39m [38;5;3m[Emargement] [39m[31mÉmargement en mode dégradé : Valkey indisponible, écriture directe en base.[39m
[31m[Nest] 41956  - [39m06/10/2026 16:17:39 [31m  ERROR[39m [38;5;3m[Emargement] [39m[31mÉmargement en mode dégradé : Valkey indisponible, écriture directe en base.[39m
[31m[Nest] 41956  - [39m06/10/2026 16:17:39 [31m  ERROR[39m [38;5;3m[Emargement] [39m[31mÉmargement en mode dégradé : Valkey indisponible, écriture directe en base.[39m
[31m[Nest] 41956  - [39m06/10/2026 16:17:39 [31m  ERROR[39m [38;5;3m[Emargement] [39m[31mÉmargement en mode dégradé : Valkey indisponible, écriture directe en base.[39m
[31m[Nest] 41956  - [39m06/10/2026 16:17:39 [31m  ERROR[39m [38;5;3m[Emargement] [39m[31mÉmargement en mode dégradé : Valkey indisponible, écriture directe en base.[39m
[31m[Nest] 41956  - [39m06/10/2026 16:17:39 [31m  ERROR[39m [38;5;3m[Emargement] [39m[31mÉmargement en mode dégradé : Valkey indisponible, écriture directe en base.[39m
[31m[Nest] 41956  - [39m06/10/2026 16:17:39 [31m  ERROR[39m [38;5;3m[Emargement] [39m[31mÉmargement en mode dégradé : Valkey indisponible, écriture directe en base.[39m
[31m[Nest] 41956  - [39m06/10/2026 16:17:39 [31m  ERROR[39m [38;5;3m[Emargement] [39m[31mÉmargement en mode dégradé : Valkey indisponible, écriture directe en base.[39m
[31m[Nest] 41956  - [39m06/10/2026 16:17:39 [31m  ERROR[39m [38;5;3m[Emargement] [39m[31mÉmargement en mode dégradé : Valkey indisponible, écriture directe en base.[39m
[31m[Nest] 41956  - [39m06/10/2026 16:17:39 [31m  ERROR[39m [38;5;3m[Emargement] [39m[31mÉmargement en mode dégradé : Valkey indisponible, écriture directe en base.[39m
[31m[Nest] 41956  - [39m06/10/2026 16:17:39 [31m  ERROR[39m [38;5;3m[Emargement] [39m[31mÉmargement en mode dégradé : Valkey indisponible, écriture directe en base.[39m
[31m[Nest] 41956  - [39m06/10/2026 16:17:39 [31m  ERROR[39m [38;5;3m[Emargement] [39m[31mÉmargement en mode dégradé : Valkey indisponible, écriture directe en base.[39m
[31m[Nest] 41956  - [39m06/10/2026 16:17:39 [31m  ERROR[39m [38;5;3m[Emargement] [39m[31mÉmargement en mode dégradé : Valkey indisponible, écriture directe en base.[39m
[31m[Nest] 41956  - [39m06/10/2026 16:17:39 [31m  ERROR[39m [38;5;3m[Emargement] [39m[31mÉmargement en mode dégradé : Valkey indisponible, écriture directe en base.[39m
[31m[Nest] 41956  - [39m06/10/2026 16:17:39 [31m  ERROR[39m [38;5;3m[Emargement] [39m[31mÉmargement en mode dégradé : Valkey indisponible, écriture directe en base.[39m
[31m[Nest] 41956  - [39m06/10/2026 16:17:39 [31m  ERROR[39m [38;5;3m[Emargement] [39m[31mÉmargement en mode dégradé : Valkey indisponible, écriture directe en base.[39m
[31m[Nest] 41956  - [39m06/10/2026 16:17:39 [31m  ERROR[39m [38;5;3m[Emargement] [39m[31mÉmargement en mode dégradé : Valkey indisponible, écriture directe en base.[39m
[31m[Nest] 41956  - [39m06/10/2026 16:17:39 [31m  ERROR[39m [38;5;3m[Emargement] [39m[31mÉmargement en mode dégradé : Valkey indisponible, écriture directe en base.[39m
[31m[Nest] 41956  - [39m06/10/2026 16:17:39 [31m  ERROR[39m [38;5;3m[Emargement] [39m[31mÉmargement en mode dégradé : Valkey indisponible, écriture directe en base.[39m
[31m[Nest] 41956  - [39m06/10/2026 16:17:39 [31m  ERROR[39m [38;5;3m[Emargement] [39m[31mÉmargement en mode dégradé : Valkey indisponible, écriture directe en base.[39m
[31m[Nest] 41956  - [39m06/10/2026 16:17:39 [31m  ERROR[39m [38;5;3m[Emargement] [39m[31mÉmargement en mode dégradé : Valkey indisponible, écriture directe en base.[39m
[31m[Nest] 41956  - [39m06/10/2026 16:17:39 [31m  ERROR[39m [38;5;3m[Emargement] [39m[31mÉmargement en mode dégradé : Valkey indisponible, écriture directe en base.[39m
[31m[Nest] 41956  - [39m06/10/2026 16:17:39 [31m  ERROR[39m [38;5;3m[Emargement] [39m[31mÉmargement en mode dégradé : Valkey indisponible, écriture directe en base.[39m
[31m[Nest] 41956  - [39m06/10/2026 16:17:39 [31m  ERROR[39m [38;5;3m[Emargement] [39m[31mÉmargement en mode dégradé : Valkey indisponible, écriture directe en base.[39m
[31m[Nest] 41956  - [39m06/10/2026 16:17:39 [31m  ERROR[39m [38;5;3m[Emargement] [39m[31mÉmargement en mode dégradé : Valkey indisponible, écriture directe en base.[39m
[31m[Nest] 41956  - [39m06/10/2026 16:17:39 [31m  ERROR[39m [38;5;3m[Emargement] [39m[31mÉmargement en mode dégradé : Valkey indisponible, écriture directe en base.[39m
[31m[Nest] 41956  - [39m06/10/2026 16:17:39 [31m  ERROR[39m [38;5;3m[Emargement] [39m[31mÉmargement en mode dégradé : Valkey indisponible, écriture directe en base.[39m
[31m[Nest] 41956  - [39m06/10/2026 16:17:39 [31m  ERROR[39m [38;5;3m[Emargement] [39m[31mÉmargement en mode dégradé : Valkey indisponible, écriture directe en base.[39m
[31m[Nest] 41956  - [39m06/10/2026 16:17:39 [31m  ERROR[39m [38;5;3m[Emargement] [39m[31mÉmargement en mode dégradé : Valkey indisponible, écriture directe en base.[39m
[31m[Nest] 41956  - [39m06/10/2026 16:17:39 [31m  ERROR[39m [38;5;3m[Emargement] [39m[31mÉmargement en mode dégradé : Valkey indisponible, écriture directe en base.[39m
[31m[Nest] 41956  - [39m06/10/2026 16:17:39 [31m  ERROR[39m [38;5;3m[Emargement] [39m[31mÉmargement en mode dégradé : Valkey indisponible, écriture directe en base.[39m
[31m[Nest] 41956  - [39m06/10/2026 16:17:39 [31m  ERROR[39m [38;5;3m[Emargement] [39m[31mÉmargement en mode dégradé : Valkey indisponible, écriture directe en base.[39m
[31m[Nest] 41956  - [39m06/10/2026 16:17:39 [31m  ERROR[39m [38;5;3m[Emargement] [39m[31mÉmargement en mode dégradé : Valkey indisponible, écriture directe en base.[39m
[31m[Nest] 41956  - [39m06/10/2026 16:17:39 [31m  ERROR[39m [38;5;3m[Emargement] [39m[31mÉmargement en mode dégradé : Valkey indisponible, écriture directe en base.[39m
[31m[Nest] 41956  - [39m06/10/2026 16:17:39 [31m  ERROR[39m [38;5;3m[Emargement] [39m[31mÉmargement en mode dégradé : Valkey indisponible, écriture directe en base.[39m
[31m[Nest] 41956  - [39m06/10/2026 16:17:39 [31m  ERROR[39m [38;5;3m[Emargement] [39m[31mÉmargement en mode dégradé : Valkey indisponible, écriture directe en base.[39m
[31m[Nest] 41956  - [39m06/10/2026 16:17:39 [31m  ERROR[39m [38;5;3m[Emargement] [39m[31mÉmargement en mode dégradé : Valkey indisponible, écriture directe en base.[39m
[31m[Nest] 41956  - [39m06/10/2026 16:17:39 [31m  ERROR[39m [38;5;3m[Emargement] [39m[31mÉmargement en mode dégradé : Valkey indisponible, écriture directe en base.[39m
[31m[Nest] 41956  - [39m06/10/2026 16:17:39 [31m  ERROR[39m [38;5;3m[Emargement] [39m[31mÉmargement en mode dégradé : Valkey indisponible, écriture directe en base.[39m
[31m[Nest] 41956  - [39m06/10/2026 16:17:39 [31m  ERROR[39m [38;5;3m[Emargement] [39m[31mÉmargement en mode dégradé : Valkey indisponible, écriture directe en base.[39m
[31m[Nest] 41956  - [39m06/10/2026 16:17:40 [31m  ERROR[39m [38;5;3m[Emargement] [39m[31mÉmargement en mode dégradé : Valkey indisponible, écriture directe en base.[39m
[31m[Nest] 41956  - [39m06/10/2026 16:17:40 [31m  ERROR[39m [38;5;3m[Emargement] [39m[31mÉmargement en mode dégradé : Valkey indisponible, écriture directe en base.[39m
[31m[Nest] 41956  - [39m06/10/2026 16:17:40 [31m  ERROR[39m [38;5;3m[Emargement] [39m[31mÉmargement en mode dégradé : Valkey indisponible, écriture directe en base.[39m
[31m[Nest] 41956  - [39m06/10/2026 16:17:40 [31m  ERROR[39m [38;5;3m[Emargement] [39m[31mÉmargement en mode dégradé : Valkey indisponible, écriture directe en base.[39m
[31m[Nest] 41956  - [39m06/10/2026 16:17:40 [31m  ERROR[39m [38;5;3m[Emargement] [39m[31mÉmargement en mode dégradé : Valkey indisponible, écriture directe en base.[39m
[31m[Nest] 41956  - [39m06/10/2026 16:17:40 [31m  ERROR[39m [38;5;3m[Emargement] [39m[31mÉmargement en mode dégradé : Valkey indisponible, écriture directe en base.[39m
[31m[Nest] 41956  - [39m06/10/2026 16:17:40 [31m  ERROR[39m [38;5;3m[Emargement] [39m[31mÉmargement en mode dégradé : Valkey indisponible, écriture directe en base.[39m
[31m[Nest] 41956  - [39m06/10/2026 16:17:40 [31m  ERROR[39m [38;5;3m[Emargement] [39m[31mÉmargement en mode dégradé : Valkey indisponible, écriture directe en base.[39m
[31m[Nest] 41956  - [39m06/10/2026 16:17:40 [31m  ERROR[39m [38;5;3m[Emargement] [39m[31mÉmargement en mode dégradé : Valkey indisponible, écriture directe en base.[39m
[31m[Nest] 41956  - [39m06/10/2026 16:17:40 [31m  ERROR[39m [38;5;3m[Emargement] [39m[31mÉmargement en mode dégradé : Valkey indisponible, écriture directe en base.[39m
[31m[Nest] 41956  - [39m06/10/2026 16:17:40 [31m  ERROR[39m [38;5;3m[Emargement] [39m[31mÉmargement en mode dégradé : Valkey indisponible, écriture directe en base.[39m
[31m[Nest] 41956  - [39m06/10/2026 16:17:40 [31m  ERROR[39m [38;5;3m[Emargement] [39m[31mÉmargement en mode dégradé : Valkey indisponible, écriture directe en base.[39m
[31m[Nest] 41956  - [39m06/10/2026 16:17:40 [31m  ERROR[39m [38;5;3m[Emargement] [39m[31mÉmargement en mode dégradé : Valkey indisponible, écriture directe en base.[39m
[31m[Nest] 41956  - [39m06/10/2026 16:17:40 [31m  ERROR[39m [38;5;3m[Emargement] [39m[31mÉmargement en mode dégradé : Valkey indisponible, écriture directe en base.[39m
[31m[Nest] 41956  - [39m06/10/2026 16:17:40 [31m  ERROR[39m [38;5;3m[Emargement] [39m[31mÉmargement en mode dégradé : Valkey indisponible, écriture directe en base.[39m
[31m[Nest] 41956  - [39m06/10/2026 16:17:40 [31m  ERROR[39m [38;5;3m[Emargement] [39m[31mÉmargement en mode dégradé : Valkey indisponible, écriture directe en base.[39m
[31m[Nest] 41956  - [39m06/10/2026 16:17:40 [31m  ERROR[39m [38;5;3m[Emargement] [39m[31mÉmargement en mode dégradé : Valkey indisponible, écriture directe en base.[39m
[31m[Nest] 41956  - [39m06/10/2026 16:17:40 [31m  ERROR[39m [38;5;3m[Emargement] [39m[31mÉmargement en mode dégradé : Valkey indisponible, écriture directe en base.[39m
[31m[Nest] 41956  - [39m06/10/2026 16:17:40 [31m  ERROR[39m [38;5;3m[Emargement] [39m[31mÉmargement en mode dégradé : Valkey indisponible, écriture directe en base.[39m
[31m[Nest] 41956  - [39m06/10/2026 16:17:40 [31m  ERROR[39m [38;5;3m[Emargement] [39m[31mÉmargement en mode dégradé : Valkey indisponible, écriture directe en base.[39m
[31m[Nest] 41956  - [39m06/10/2026 16:17:40 [31m  ERROR[39m [38;5;3m[Emargement] [39m[31mÉmargement en mode dégradé : Valkey indisponible, écriture directe en base.[39m
[31m[Nest] 41956  - [39m06/10/2026 16:17:40 [31m  ERROR[39m [38;5;3m[Emargement] [39m[31mÉmargement en mode dégradé : Valkey indisponible, écriture directe en base.[39m
[31m[Nest] 41956  - [39m06/10/2026 16:17:40 [31m  ERROR[39m [38;5;3m[Emargement] [39m[31mÉmargement en mode dégradé : Valkey indisponible, écriture directe en base.[39m
[31m[Nest] 41956  - [39m06/10/2026 16:17:40 [31m  ERROR[39m [38;5;3m[Emargement] [39m[31mÉmargement en mode dégradé : Valkey indisponible, écriture directe en base.[39m
[31m[Nest] 41956  - [39m06/10/2026 16:17:40 [31m  ERROR[39m [38;5;3m[Emargement] [39m[31mÉmargement en mode dégradé : Valkey indisponible, écriture directe en base.[39m
[31m[Nest] 41956  - [39m06/10/2026 16:17:40 [31m  ERROR[39m [38;5;3m[Emargement] [39m[31mÉmargement en mode dégradé : Valkey indisponible, écriture directe en base.[39m
[31m[Nest] 41956  - [39m06/10/2026 16:17:40 [31m  ERROR[39m [38;5;3m[Emargement] [39m[31mÉmargement en mode dégradé : Valkey indisponible, écriture directe en base.[39m
[31m[Nest] 41956  - [39m06/10/2026 16:17:40 [31m  ERROR[39m [38;5;3m[Emargement] [39m[31mÉmargement en mode dégradé : Valkey indisponible, écriture directe en base.[39m
[31m[Nest] 41956  - [39m06/10/2026 16:17:40 [31m  ERROR[39m [38;5;3m[Emargement] [39m[31mÉmargement en mode dégradé : Valkey indisponible, écriture directe en base.[39m
[31m[Nest] 41956  - [39m06/10/2026 16:17:40 [31m  ERROR[39m [38;5;3m[Emargement] [39m[31mÉmargement en mode dégradé : Valkey indisponible, écriture directe en base.[39m
[31m[Nest] 41956  - [39m06/10/2026 16:17:40 [31m  ERROR[39m [38;5;3m[Emargement] [39m[31mÉmargement en mode dégradé : Valkey indisponible, écriture directe en base.[39m
[31m[Nest] 41956  - [39m06/10/2026 16:17:40 [31m  ERROR[39m [38;5;3m[Emargement] [39m[31mÉmargement en mode dégradé : Valkey indisponible, écriture directe en base.[39m
[31m[Nest] 41956  - [39m06/10/2026 16:17:40 [31m  ERROR[39m [38;5;3m[Emargement] [39m[31mÉmargement en mode dégradé : Valkey indisponible, écriture directe en base.[39m
[31m[Nest] 41956  - [39m06/10/2026 16:17:40 [31m  ERROR[39m [38;5;3m[Emargement] [39m[31mÉmargement en mode dégradé : Valkey indisponible, écriture directe en base.[39m
[31m[Nest] 41956  - [39m06/10/2026 16:17:40 [31m  ERROR[39m [38;5;3m[Emargement] [39m[31mÉmargement en mode dégradé : Valkey indisponible, écriture directe en base.[39m
[31m[Nest] 41956  - [39m06/10/2026 16:17:40 [31m  ERROR[39m [38;5;3m[Emargement] [39m[31mÉmargement en mode dégradé : Valkey indisponible, écriture directe en base.[39m
[31m[Nest] 41956  - [39m06/10/2026 16:17:40 [31m  ERROR[39m [38;5;3m[Emargement] [39m[31mÉmargement en mode dégradé : Valkey indisponible, écriture directe en base.[39m
[31m[Nest] 41956  - [39m06/10/2026 16:17:40 [31m  ERROR[39m [38;5;3m[Emargement] [39m[31mÉmargement en mode dégradé : Valkey indisponible, écriture directe en base.[39m
[31m[Nest] 41956  - [39m06/10/2026 16:17:40 [31m  ERROR[39m [38;5;3m[Emargement] [39m[31mÉmargement en mode dégradé : Valkey indisponible, écriture directe en base.[39m
[31m[Nest] 41956  - [39m06/10/2026 16:17:40 [31m  ERROR[39m [38;5;3m[Emargement] [39m[31mÉmargement en mode dégradé : Valkey indisponible, écriture directe en base.[39m
[31m[Nest] 41956  - [39m06/10/2026 16:17:40 [31m  ERROR[39m [38;5;3m[Emargement] [39m[31mÉmargement en mode dégradé : Valkey indisponible, écriture directe en base.[39m
[31m[Nest] 41956  - [39m06/10/2026 16:17:40 [31m  ERROR[39m [38;5;3m[Emargement] [39m[31mÉmargement en mode dégradé : Valkey indisponible, écriture directe en base.[39m
[31m[Nest] 41956  - [39m06/10/2026 16:17:40 [31m  ERROR[39m [38;5;3m[Emargement] [39m[31mÉmargement en mode dégradé : Valkey indisponible, écriture directe en base.[39m
[31m[Nest] 41956  - [39m06/10/2026 16:17:40 [31m  ERROR[39m [38;5;3m[Emargement] [39m[31mÉmargement en mode dégradé : Valkey indisponible, écriture directe en base.[39m
[31m[Nest] 41956  - [39m06/10/2026 16:17:40 [31m  ERROR[39m [38;5;3m[Emargement] [39m[31mÉmargement en mode dégradé : Valkey indisponible, écriture directe en base.[39m
[31m[Nest] 41956  - [39m06/10/2026 16:17:40 [31m  ERROR[39m [38;5;3m[Emargement] [39m[31mÉmargement en mode dégradé : Valkey indisponible, écriture directe en base.[39m
[31m[Nest] 41956  - [39m06/10/2026 16:17:40 [31m  ERROR[39m [38;5;3m[Emargement] [39m[31mÉmargement en mode dégradé : Valkey indisponible, écriture directe en base.[39m
[31m[Nest] 41956  - [39m06/10/2026 16:17:40 [31m  ERROR[39m [38;5;3m[Emargement] [39m[31mÉmargement en mode dégradé : Valkey indisponible, écriture directe en base.[39m
[31m[Nest] 41956  - [39m06/10/2026 16:17:40 [31m  ERROR[39m [38;5;3m[Emargement] [39m[31mÉmargement en mode dégradé : Valkey indisponible, écriture directe en base.[39m
[31m[Nest] 41956  - [39m06/10/2026 16:17:40 [31m  ERROR[39m [38;5;3m[Emargement] [39m[31mÉmargement en mode dégradé : Valkey indisponible, écriture directe en base.[39m
[31m[Nest] 41956  - [39m06/10/2026 16:17:40 [31m  ERROR[39m [38;5;3m[Emargement] [39m[31mÉmargement en mode dégradé : Valkey indisponible, écriture directe en base.[39m
[31m[Nest] 41956  - [39m06/10/2026 16:17:40 [31m  ERROR[39m [38;5;3m[Emargement] [39m[31mÉmargement en mode dégradé : Valkey indisponible, écriture directe en base.[39m
[31m[Nest] 41956  - [39m06/10/2026 16:17:40 [31m  ERROR[39m [38;5;3m[Emargement] [39m[31mÉmargement en mode dégradé : Valkey indisponible, écriture directe en base.[39m
[31m[Nest] 41956  - [39m06/10/2026 16:17:40 [31m  ERROR[39m [38;5;3m[Emargement] [39m[31mÉmargement en mode dégradé : Valkey indisponible, écriture directe en base.[39m
[31m[Nest] 41956  - [39m06/10/2026 16:17:40 [31m  ERROR[39m [38;5;3m[Emargement] [39m[31mÉmargement en mode dégradé : Valkey indisponible, écriture directe en base.[39m
[31m[Nest] 41956  - [39m06/10/2026 16:17:40 [31m  ERROR[39m [38;5;3m[Emargement] [39m[31mÉmargement en mode dégradé : Valkey indisponible, écriture directe en base.[39m
[31m[Nest] 41956  - [39m06/10/2026 16:17:40 [31m  ERROR[39m [38;5;3m[Emargement] [39m[31mÉmargement en mode dégradé : Valkey indisponible, écriture directe en base.[39m
[31m[Nest] 41956  - [39m06/10/2026 16:17:40 [31m  ERROR[39m [38;5;3m[Emargement] [39m[31mÉmargement en mode dégradé : Valkey indisponible, écriture directe en base.[39m
[31m[Nest] 41956  - [39m06/10/2026 16:17:40 [31m  ERROR[39m [38;5;3m[Emargement] [39m[31mÉmargement en mode dégradé : Valkey indisponible, écriture directe en base.[39m
[31m[Nest] 41956  - [39m06/10/2026 16:17:40 [31m  ERROR[39m [38;5;3m[Emargement] [39m[31mÉmargement en mode dégradé : Valkey indisponible, écriture directe en base.[39m
[31m[Nest] 41956  - [39m06/10/2026 16:17:40 [31m  ERROR[39m [38;5;3m[Emargement] [39m[31mÉmargement en mode dégradé : Valkey indisponible, écriture directe en base.[39m
[31m[Nest] 41956  - [39m06/10/2026 16:17:40 [31m  ERROR[39m [38;5;3m[Emargement] [39m[31mÉmargement en mode dégradé : Valkey indisponible, écriture directe en base.[39m
[31m[Nest] 41956  - [39m06/10/2026 16:17:40 [31m  ERROR[39m [38;5;3m[Emargement] [39m[31mÉmargement en mode dégradé : Valkey indisponible, écriture directe en base.[39m
[31m[Nest] 41956  - [39m06/10/2026 16:17:40 [31m  ERROR[39m [38;5;3m[Emargement] [39m[31mÉmargement en mode dégradé : Valkey indisponible, écriture directe en base.[39m
[31m[Nest] 41956  - [39m06/10/2026 16:17:40 [31m  ERROR[39m [38;5;3m[Emargement] [39m[31mÉmargement en mode dégradé : Valkey indisponible, écriture directe en base.[39m
[31m[Nest] 41956  - [39m06/10/2026 16:17:40 [31m  ERROR[39m [38;5;3m[Emargement] [39m[31mÉmargement en mode dégradé : Valkey indisponible, écriture directe en base.[39m
[31m[Nest] 41956  - [39m06/10/2026 16:17:40 [31m  ERROR[39m [38;5;3m[Emargement] [39m[31mÉmargement en mode dégradé : Valkey indisponible, écriture directe en base.[39m
[31m[Nest] 41956  - [39m06/10/2026 16:17:40 [31m  ERROR[39m [38;5;3m[Emargement] [39m[31mÉmargement en mode dégradé : Valkey indisponible, écriture directe en base.[39m
[31m[Nest] 41956  - [39m06/10/2026 16:17:40 [31m  ERROR[39m [38;5;3m[Emargement] [39m[31mÉmargement en mode dégradé : Valkey indisponible, écriture directe en base.[39m
[31m[Nest] 41956  - [39m06/10/2026 16:17:40 [31m  ERROR[39m [38;5;3m[Emargement] [39m[31mÉmargement en mode dégradé : Valkey indisponible, écriture directe en base.[39m
[31m[Nest] 41956  - [39m06/10/2026 16:17:40 [31m  ERROR[39m [38;5;3m[Emargement] [39m[31mÉmargement en mode dégradé : Valkey indisponible, écriture directe en base.[39m
[31m[Nest] 41956  - [39m06/10/2026 16:17:40 [31m  ERROR[39m [38;5;3m[Emargement] [39m[31mÉmargement en mode dégradé : Valkey indisponible, écriture directe en base.[39m
[31m[Nest] 41956  - [39m06/10/2026 16:17:40 [31m  ERROR[39m [38;5;3m[Emargement] [39m[31mÉmargement en mode dégradé : Valkey indisponible, écriture directe en base.[39m
[31m[Nest] 41956  - [39m06/10/2026 16:17:40 [31m  ERROR[39m [38;5;3m[Emargement] [39m[31mÉmargement en mode dégradé : Valkey indisponible, écriture directe en base.[39m
[31m[Nest] 41956  - [39m06/10/2026 16:17:40 [31m  ERROR[39m [38;5;3m[Emargement] [39m[31mÉmargement en mode dégradé : Valkey indisponible, écriture directe en base.[39m
[31m[Nest] 41956  - [39m06/10/2026 16:17:40 [31m  ERROR[39m [38;5;3m[Emargement] [39m[31mÉmargement en mode dégradé : Valkey indisponible, écriture directe en base.[39m
[31m[Nest] 41956  - [39m06/10/2026 16:17:40 [31m  ERROR[39m [38;5;3m[Emargement] [39m[31mÉmargement en mode dégradé : Valkey indisponible, écriture directe en base.[39m
[31m[Nest] 41956  - [39m06/10/2026 16:17:40 [31m  ERROR[39m [38;5;3m[Emargement] [39m[31mÉmargement en mode dégradé : Valkey indisponible, écriture directe en base.[39m
[31m[Nest] 41956  - [39m06/10/2026 16:17:40 [31m  ERROR[39m [38;5;3m[Emargement] [39m[31mÉmargement en mode dégradé : Valkey indisponible, écriture directe en base.[39m
[31m[Nest] 41956  - [39m06/10/2026 16:17:40 [31m  ERROR[39m [38;5;3m[Emargement] [39m[31mÉmargement en mode dégradé : Valkey indisponible, écriture directe en base.[39m
[31m[Nest] 41956  - [39m06/10/2026 16:17:40 [31m  ERROR[39m [38;5;3m[Emargement] [39m[31mÉmargement en mode dégradé : Valkey indisponible, écriture directe en base.[39m
[31m[Nest] 41956  - [39m06/10/2026 16:17:40 [31m  ERROR[39m [38;5;3m[Emargement] [39m[31mÉmargement en mode dégradé : Valkey indisponible, écriture directe en base.[39m
[31m[Nest] 41956  - [39m06/10/2026 16:17:40 [31m  ERROR[39m [38;5;3m[Emargement] [39m[31mÉmargement en mode dégradé : Valkey indisponible, écriture directe en base.[39m
[31m[Nest] 41956  - [39m06/10/2026 16:17:40 [31m  ERROR[39m [38;5;3m[Emargement] [39m[31mÉmargement en mode dégradé : Valkey indisponible, écriture directe en base.[39m
[31m[Nest] 41956  - [39m06/10/2026 16:17:40 [31m  ERROR[39m [38;5;3m[Emargement] [39m[31mÉmargement en mode dégradé : Valkey indisponible, écriture directe en base.[39m
[31m[Nest] 41956  - [39m06/10/2026 16:17:40 [31m  ERROR[39m [38;5;3m[Emargement] [39m[31mÉmargement en mode dégradé : Valkey indisponible, écriture directe en base.[39m
[31m[Nest] 41956  - [39m06/10/2026 16:17:40 [31m  ERROR[39m [38;5;3m[Emargement] [39m[31mÉmargement en mode dégradé : Valkey indisponible, écriture directe en base.[39m
[31m[Nest] 41956  - [39m06/10/2026 16:17:40 [31m  ERROR[39m [38;5;3m[Emargement] [39m[31mÉmargement en mode dégradé : Valkey indisponible, écriture directe en base.[39m
[31m[Nest] 41956  - [39m06/10/2026 16:17:40 [31m  ERROR[39m [38;5;3m[Emargement] [39m[31mÉmargement en mode dégradé : Valkey indisponible, écriture directe en base.[39m
[31m[Nest] 41956  - [39m06/10/2026 16:17:40 [31m  ERROR[39m [38;5;3m[Emargement] [39m[31mÉmargement en mode dégradé : Valkey indisponible, écriture directe en base.[39m
[31m[Nest] 41956  - [39m06/10/2026 16:17:40 [31m  ERROR[39m [38;5;3m[Emargement] [39m[31mÉmargement en mode dégradé : Valkey indisponible, écriture directe en base.[39m
[31m[Nest] 41956  - [39m06/10/2026 16:17:40 [31m  ERROR[39m [38;5;3m[Emargement] [39m[31mÉmargement en mode dégradé : Valkey indisponible, écriture directe en base.[39m
[31m[Nest] 41956  - [39m06/10/2026 16:17:40 [31m  ERROR[39m [38;5;3m[Emargement] [39m[31mÉmargement en mode dégradé : Valkey indisponible, écriture directe en base.[39m
[31m[Nest] 41956  - [39m06/10/2026 16:17:40 [31m  ERROR[39m [38;5;3m[Emargement] [39m[31mÉmargement en mode dégradé : Valkey indisponible, écriture directe en base.[39m
[31m[Nest] 41956  - [39m06/10/2026 16:17:40 [31m  ERROR[39m [38;5;3m[Emargement] [39m[31mÉmargement en mode dégradé : Valkey indisponible, écriture directe en base.[39m
[31m[Nest] 41956  - [39m06/10/2026 16:17:40 [31m  ERROR[39m [38;5;3m[Emargement] [39m[31mÉmargement en mode dégradé : Valkey indisponible, écriture directe en base.[39m
[31m[Nest] 41956  - [39m06/10/2026 16:17:40 [31m  ERROR[39m [38;5;3m[Emargement] [39m[31mÉmargement en mode dégradé : Valkey indisponible, écriture directe en base.[39m
[31m[Nest] 41956  - [39m06/10/2026 16:17:40 [31m  ERROR[39m [38;5;3m[Emargement] [39m[31mÉmargement en mode dégradé : Valkey indisponible, écriture directe en base.[39m
[31m[Nest] 41956  - [39m06/10/2026 16:17:40 [31m  ERROR[39m [38;5;3m[Emargement] [39m[31mÉmargement en mode dégradé : Valkey indisponible, écriture directe en base.[39m
[31m[Nest] 41956  - [39m06/10/2026 16:17:40 [31m  ERROR[39m [38;5;3m[Emargement] [39m[31mÉmargement en mode dégradé : Valkey indisponible, écriture directe en base.[39m
[31m[Nest] 41956  - [39m06/10/2026 16:17:40 [31m  ERROR[39m [38;5;3m[Emargement] [39m[31mÉmargement en mode dégradé : Valkey indisponible, écriture directe en base.[39m
[31m[Nest] 41956  - [39m06/10/2026 16:17:40 [31m  ERROR[39m [38;5;3m[Emargement] [39m[31mÉmargement en mode dégradé : Valkey indisponible, écriture directe en base.[39m
[31m[Nest] 41956  - [39m06/10/2026 16:17:40 [31m  ERROR[39m [38;5;3m[Emargement] [39m[31mÉmargement en mode dégradé : Valkey indisponible, écriture directe en base.[39m
[31m[Nest] 41956  - [39m06/10/2026 16:17:40 [31m  ERROR[39m [38;5;3m[Emargement] [39m[31mÉmargement en mode dégradé : Valkey indisponible, écriture directe en base.[39m
[31m[Nest] 41956  - [39m06/10/2026 16:17:41 [31m  ERROR[39m [38;5;3m[Emargement] [39m[31mÉmargement en mode dégradé : Valkey indisponible, écriture directe en base.[39m
[31m[Nest] 41956  - [39m06/10/2026 16:17:41 [31m  ERROR[39m [38;5;3m[Emargement] [39m[31mÉmargement en mode dégradé : Valkey indisponible, écriture directe en base.[39m
[31m[Nest] 41956  - [39m06/10/2026 16:17:41 [31m  ERROR[39m [38;5;3m[Emargement] [39m[31mÉmargement en mode dégradé : Valkey indisponible, écriture directe en base.[39m
[31m[Nest] 41956  - [39m06/10/2026 16:17:41 [31m  ERROR[39m [38;5;3m[Emargement] [39m[31mÉmargement en mode dégradé : Valkey indisponible, écriture directe en base.[39m
[31m[Nest] 41956  - [39m06/10/2026 16:17:41 [31m  ERROR[39m [38;5;3m[Emargement] [39m[31mÉmargement en mode dégradé : Valkey indisponible, écriture directe en base.[39m
[31m[Nest] 41956  - [39m06/10/2026 16:17:41 [31m  ERROR[39m [38;5;3m[Emargement] [39m[31mÉmargement en mode dégradé : Valkey indisponible, écriture directe en base.[39m
[31m[Nest] 41956  - [39m06/10/2026 16:17:41 [31m  ERROR[39m [38;5;3m[Emargement] [39m[31mÉmargement en mode dégradé : Valkey indisponible, écriture directe en base.[39m
[31m[Nest] 41956  - [39m06/10/2026 16:17:41 [31m  ERROR[39m [38;5;3m[Emargement] [39m[31mÉmargement en mode dégradé : Valkey indisponible, écriture directe en base.[39m
[31m[Nest] 41956  - [39m06/10/2026 16:17:41 [31m  ERROR[39m [38;5;3m[Emargement] [39m[31mÉmargement en mode dégradé : Valkey indisponible, écriture directe en base.[39m
[31m[Nest] 41956  - [39m06/10/2026 16:17:41 [31m  ERROR[39m [38;5;3m[Emargement] [39m[31mÉmargement en mode dégradé : Valkey indisponible, écriture directe en base.[39m
[31m[Nest] 41956  - [39m06/10/2026 16:17:41 [31m  ERROR[39m [38;5;3m[Emargement] [39m[31mÉmargement en mode dégradé : Valkey indisponible, écriture directe en base.[39m
[31m[Nest] 41956  - [39m06/10/2026 16:17:41 [31m  ERROR[39m [38;5;3m[Emargement] [39m[31mÉmargement en mode dégradé : Valkey indisponible, écriture directe en base.[39m
[31m[Nest] 41956  - [39m06/10/2026 16:17:41 [31m  ERROR[39m [38;5;3m[Emargement] [39m[31mÉmargement en mode dégradé : Valkey indisponible, écriture directe en base.[39m
[31m[Nest] 41956  - [39m06/10/2026 16:17:41 [31m  ERROR[39m [38;5;3m[Emargement] [39m[31mÉmargement en mode dégradé : Valkey indisponible, écriture directe en base.[39m
[31m[Nest] 41956  - [39m06/10/2026 16:17:41 [31m  ERROR[39m [38;5;3m[Emargement] [39m[31mÉmargement en mode dégradé : Valkey indisponible, écriture directe en base.[39m
[31m[Nest] 41956  - [39m06/10/2026 16:17:41 [31m  ERROR[39m [38;5;3m[Emargement] [39m[31mÉmargement en mode dégradé : Valkey indisponible, écriture directe en base.[39m
[31m[Nest] 41956  - [39m06/10/2026 16:17:41 [31m  ERROR[39m [38;5;3m[Emargement] [39m[31mÉmargement en mode dégradé : Valkey indisponible, écriture directe en base.[39m
[31m[Nest] 41956  - [39m06/10/2026 16:17:41 [31m  ERROR[39m [38;5;3m[Emargement] [39m[31mÉmargement en mode dégradé : Valkey indisponible, écriture directe en base.[39m
[31m[Nest] 41956  - [39m06/10/2026 16:17:41 [31m  ERROR[39m [38;5;3m[Emargement] [39m[31mÉmargement en mode dégradé : Valkey indisponible, écriture directe en base.[39m
[31m[Nest] 41956  - [39m06/10/2026 16:17:41 [31m  ERROR[39m [38;5;3m[Emargement] [39m[31mÉmargement en mode dégradé : Valkey indisponible, écriture directe en base.[39m
[31m[Nest] 41956  - [39m06/10/2026 16:17:41 [31m  ERROR[39m [38;5;3m[Emargement] [39m[31mÉmargement en mode dégradé : Valkey indisponible, écriture directe en base.[39m
[31m[Nest] 41956  - [39m06/10/2026 16:17:41 [31m  ERROR[39m [38;5;3m[Emargement] [39m[31mÉmargement en mode dégradé : Valkey indisponible, écriture directe en base.[39m
[31m[Nest] 41956  - [39m06/10/2026 16:17:41 [31m  ERROR[39m [38;5;3m[Emargement] [39m[31mÉmargement en mode dégradé : Valkey indisponible, écriture directe en base.[39m
[31m[Nest] 41956  - [39m06/10/2026 16:17:41 [31m  ERROR[39m [38;5;3m[Emargement] [39m[31mÉmargement en mode dégradé : Valkey indisponible, écriture directe en base.[39m
[31m[Nest] 41956  - [39m06/10/2026 16:17:41 [31m  ERROR[39m [38;5;3m[Emargement] [39m[31mÉmargement en mode dégradé : Valkey indisponible, écriture directe en base.[39m
[31m[Nest] 41956  - [39m06/10/2026 16:17:41 [31m  ERROR[39m [38;5;3m[Emargement] [39m[31mÉmargement en mode dégradé : Valkey indisponible, écriture directe en base.[39m
[31m[Nest] 41956  - [39m06/10/2026 16:17:41 [31m  ERROR[39m [38;5;3m[Emargement] [39m[31mÉmargement en mode dégradé : Valkey indisponible, écriture directe en base.[39m
[31m[Nest] 41956  - [39m06/10/2026 16:17:41 [31m  ERROR[39m [38;5;3m[Emargement] [39m[31mÉmargement en mode dégradé : Valkey indisponible, écriture directe en base.[39m
[31m[Nest] 41956  - [39m06/10/2026 16:17:41 [31m  ERROR[39m [38;5;3m[Emargement] [39m[31mÉmargement en mode dégradé : Valkey indisponible, écriture directe en base.[39m
[31m[Nest] 41956  - [39m06/10/2026 16:17:41 [31m  ERROR[39m [38;5;3m[Emargement] [39m[31mÉmargement en mode dégradé : Valkey indisponible, écriture directe en base.[39m
[31m[Nest] 41956  - [39m06/10/2026 16:17:41 [31m  ERROR[39m [38;5;3m[Emargement] [39m[31mÉmargement en mode dégradé : Valkey indisponible, écriture directe en base.[39m
[31m[Nest] 41956  - [39m06/10/2026 16:17:41 [31m  ERROR[39m [38;5;3m[Emargement] [39m[31mÉmargement en mode dégradé : Valkey indisponible, écriture directe en base.[39m
[31m[Nest] 41956  - [39m06/10/2026 16:17:41 [31m  ERROR[39m [38;5;3m[Emargement] [39m[31mÉmargement en mode dégradé : Valkey indisponible, écriture directe en base.[39m
[31m[Nest] 41956  - [39m06/10/2026 16:17:41 [31m  ERROR[39m [38;5;3m[Emargement] [39m[31mÉmargement en mode dégradé : Valkey indisponible, écriture directe en base.[39m
[31m[Nest] 41956  - [39m06/10/2026 16:17:41 [31m  ERROR[39m [38;5;3m[Emargement] [39m[31mÉmargement en mode dégradé : Valkey indisponible, écriture directe en base.[39m
[31m[Nest] 41956  - [39m06/10/2026 16:17:41 [31m  ERROR[39m [38;5;3m[Emargement] [39m[31mÉmargement en mode dégradé : Valkey indisponible, écriture directe en base.[39m
[31m[Nest] 41956  - [39m06/10/2026 16:17:41 [31m  ERROR[39m [38;5;3m[Emargement] [39m[31mÉmargement en mode dégradé : Valkey indisponible, écriture directe en base.[39m
[31m[Nest] 41956  - [39m06/10/2026 16:17:41 [31m  ERROR[39m [38;5;3m[Emargement] [39m[31mÉmargement en mode dégradé : Valkey indisponible, écriture directe en base.[39m
[31m[Nest] 41956  - [39m06/10/2026 16:17:41 [31m  ERROR[39m [38;5;3m[Emargement] [39m[31mÉmargement en mode dégradé : Valkey indisponible, écriture directe en base.[39m
[31m[Nest] 41956  - [39m06/10/2026 16:17:41 [31m  ERROR[39m [38;5;3m[Emargement] [39m[31mÉmargement en mode dégradé : Valkey indisponible, écriture directe en base.[39m
[31m[Nest] 41956  - [39m06/10/2026 16:17:41 [31m  ERROR[39m [38;5;3m[Emargement] [39m[31mÉmargement en mode dégradé : Valkey indisponible, écriture directe en base.[39m
[31m[Nest] 41956  - [39m06/10/2026 16:17:41 [31m  ERROR[39m [38;5;3m[Emargement] [39m[31mÉmargement en mode dégradé : Valkey indisponible, écriture directe en base.[39m
[31m[Nest] 41956  - [39m06/10/2026 16:17:41 [31m  ERROR[39m [38;5;3m[Emargement] [39m[31mÉmargement en mode dégradé : Valkey indisponible, écriture directe en base.[39m
[31m[Nest] 41956  - [39m06/10/2026 16:17:41 [31m  ERROR[39m [38;5;3m[Emargement] [39m[31mÉmargement en mode dégradé : Valkey indisponible, écriture directe en base.[39m
[31m[Nest] 41956  - [39m06/10/2026 16:17:41 [31m  ERROR[39m [38;5;3m[Emargement] [39m[31mÉmargement en mode dégradé : Valkey indisponible, écriture directe en base.[39m
[31m[Nest] 41956  - [39m06/10/2026 16:17:41 [31m  ERROR[39m [38;5;3m[Emargement] [39m[31mÉmargement en mode dégradé : Valkey indisponible, écriture directe en base.[39m
[31m[Nest] 41956  - [39m06/10/2026 16:17:41 [31m  ERROR[39m [38;5;3m[Emargement] [39m[31mÉmargement en mode dégradé : Valkey indisponible, écriture directe en base.[39m
[31m[Nest] 41956  - [39m06/10/2026 16:17:41 [31m  ERROR[39m [38;5;3m[Emargement] [39m[31mÉmargement en mode dégradé : Valkey indisponible, écriture directe en base.[39m
[31m[Nest] 41956  - [39m06/10/2026 16:17:41 [31m  ERROR[39m [38;5;3m[Emargement] [39m[31mÉmargement en mode dégradé : Valkey indisponible, écriture directe en base.[39m
[31m[Nest] 41956  - [39m06/10/2026 16:17:41 [31m  ERROR[39m [38;5;3m[Emargement] [39m[31mÉmargement en mode dégradé : Valkey indisponible, écriture directe en base.[39m
[31m[Nest] 41956  - [39m06/10/2026 16:17:41 [31m  ERROR[39m [38;5;3m[Emargement] [39m[31mÉmargement en mode dégradé : Valkey indisponible, écriture directe en base.[39m
[31m[Nest] 41956  - [39m06/10/2026 16:17:41 [31m  ERROR[39m [38;5;3m[Emargement] [39m[31mÉmargement en mode dégradé : Valkey indisponible, écriture directe en base.[39m
[31m[Nest] 41956  - [39m06/10/2026 16:17:41 [31m  ERROR[39m [38;5;3m[Emargement] [39m[31mÉmargement en mode dégradé : Valkey indisponible, écriture directe en base.[39m
[31m[Nest] 41956  - [39m06/10/2026 16:17:41 [31m  ERROR[39m [38;5;3m[Emargement] [39m[31mÉmargement en mode dégradé : Valkey indisponible, écriture directe en base.[39m
[31m[Nest] 41956  - [39m06/10/2026 16:17:41 [31m  ERROR[39m [38;5;3m[Emargement] [39m[31mÉmargement en mode dégradé : Valkey indisponible, écriture directe en base.[39m
[31m[Nest] 41956  - [39m06/10/2026 16:17:41 [31m  ERROR[39m [38;5;3m[Emargement] [39m[31mÉmargement en mode dégradé : Valkey indisponible, écriture directe en base.[39m
[31m[Nest] 41956  - [39m06/10/2026 16:17:41 [31m  ERROR[39m [38;5;3m[Emargement] [39m[31mÉmargement en mode dégradé : Valkey indisponible, écriture directe en base.[39m
[31m[Nest] 41956  - [39m06/10/2026 16:17:41 [31m  ERROR[39m [38;5;3m[Emargement] [39m[31mÉmargement en mode dégradé : Valkey indisponible, écriture directe en base.[39m
[31m[Nest] 41956  - [39m06/10/2026 16:17:41 [31m  ERROR[39m [38;5;3m[Emargement] [39m[31mÉmargement en mode dégradé : Valkey indisponible, écriture directe en base.[39m
[31m[Nest] 41956  - [39m06/10/2026 16:17:41 [31m  ERROR[39m [38;5;3m[Emargement] [39m[31mÉmargement en mode dégradé : Valkey indisponible, écriture directe en base.[39m
[31m[Nest] 41956  - [39m06/10/2026 16:17:41 [31m  ERROR[39m [38;5;3m[Emargement] [39m[31mÉmargement en mode dégradé : Valkey indisponible, écriture directe en base.[39m
[31m[Nest] 41956  - [39m06/10/2026 16:17:41 [31m  ERROR[39m [38;5;3m[Emargement] [39m[31mÉmargement en mode dégradé : Valkey indisponible, écriture directe en base.[39m
[31m[Nest] 41956  - [39m06/10/2026 16:17:41 [31m  ERROR[39m [38;5;3m[Emargement] [39m[31mÉmargement en mode dégradé : Valkey indisponible, écriture directe en base.[39m
[31m[Nest] 41956  - [39m06/10/2026 16:17:41 [31m  ERROR[39m [38;5;3m[Emargement] [39m[31mÉmargement en mode dégradé : Valkey indisponible, écriture directe en base.[39m
[31m[Nest] 41956  - [39m06/10/2026 16:17:41 [31m  ERROR[39m [38;5;3m[Emargement] [39m[31mÉmargement en mode dégradé : Valkey indisponible, écriture directe en base.[39m
[31m[Nest] 41956  - [39m06/10/2026 16:17:41 [31m  ERROR[39m [38;5;3m[Emargement] [39m[31mÉmargement en mode dégradé : Valkey indisponible, écriture directe en base.[39m
[31m[Nest] 41956  - [39m06/10/2026 16:17:41 [31m  ERROR[39m [38;5;3m[Emargement] [39m[31mÉmargement en mode dégradé : Valkey indisponible, écriture directe en base.[39m
[31m[Nest] 41956  - [39m06/10/2026 16:17:41 [31m  ERROR[39m [38;5;3m[Emargement] [39m[31mÉmargement en mode dégradé : Valkey indisponible, écriture directe en base.[39m
[31m[Nest] 41956  - [39m06/10/2026 16:17:41 [31m  ERROR[39m [38;5;3m[Emargement] [39m[31mÉmargement en mode dégradé : Valkey indisponible, écriture directe en base.[39m
[31m[Nest] 41956  - [39m06/10/2026 16:17:41 [31m  ERROR[39m [38;5;3m[Emargement] [39m[31mÉmargement en mode dégradé : Valkey indisponible, écriture directe en base.[39m
[31m[Nest] 41956  - [39m06/10/2026 16:17:41 [31m  ERROR[39m [38;5;3m[Emargement] [39m[31mÉmargement en mode dégradé : Valkey indisponible, écriture directe en base.[39m
[31m[Nest] 41956  - [39m06/10/2026 16:17:41 [31m  ERROR[39m [38;5;3m[Emargement] [39m[31mÉmargement en mode dégradé : Valkey indisponible, écriture directe en base.[39m
[31m[Nest] 41956  - [39m06/10/2026 16:17:41 [31m  ERROR[39m [38;5;3m[Emargement] [39m[31mÉmargement en mode dégradé : Valkey indisponible, écriture directe en base.[39m
[31m[Nest] 41956  - [39m06/10/2026 16:17:41 [31m  ERROR[39m [38;5;3m[Emargement] [39m[31mÉmargement en mode dégradé : Valkey indisponible, écriture directe en base.[39m
[31m[Nest] 41956  - [39m06/10/2026 16:17:41 [31m  ERROR[39m [38;5;3m[Emargement] [39m[31mÉmargement en mode dégradé : Valkey indisponible, écriture directe en base.[39m
[31m[Nest] 41956  - [39m06/10/2026 16:17:42 [31m  ERROR[39m [38;5;3m[Emargement] [39m[31mÉmargement en mode dégradé : Valkey indisponible, écriture directe en base.[39m
[31m[Nest] 41956  - [39m06/10/2026 16:17:42 [31m  ERROR[39m [38;5;3m[Emargement] [39m[31mÉmargement en mode dégradé : Valkey indisponible, écriture directe en base.[39m
[31m[Nest] 41956  - [39m06/10/2026 16:17:42 [31m  ERROR[39m [38;5;3m[Emargement] [39m[31mÉmargement en mode dégradé : Valkey indisponible, écriture directe en base.[39m
[31m[Nest] 41956  - [39m06/10/2026 16:17:42 [31m  ERROR[39m [38;5;3m[Emargement] [39m[31mÉmargement en mode dégradé : Valkey indisponible, écriture directe en base.[39m
[31m[Nest] 41956  - [39m06/10/2026 16:17:42 [31m  ERROR[39m [38;5;3m[Emargement] [39m[31mÉmargement en mode dégradé : Valkey indisponible, écriture directe en base.[39m
[31m[Nest] 41956  - [39m06/10/2026 16:17:42 [31m  ERROR[39m [38;5;3m[Emargement] [39m[31mÉmargement en mode dégradé : Valkey indisponible, écriture directe en base.[39m
[31m[Nest] 41956  - [39m06/10/2026 16:17:42 [31m  ERROR[39m [38;5;3m[Emargement] [39m[31mÉmargement en mode dégradé : Valkey indisponible, écriture directe en base.[39m
[31m[Nest] 41956  - [39m06/10/2026 16:17:42 [31m  ERROR[39m [38;5;3m[Emargement] [39m[31mÉmargement en mode dégradé : Valkey indisponible, écriture directe en base.[39m
[31m[Nest] 41956  - [39m06/10/2026 16:17:42 [31m  ERROR[39m [38;5;3m[Emargement] [39m[31mÉmargement en mode dégradé : Valkey indisponible, écriture directe en base.[39m
[31m[Nest] 41956  - [39m06/10/2026 16:17:42 [31m  ERROR[39m [38;5;3m[Emargement] [39m[31mÉmargement en mode dégradé : Valkey indisponible, écriture directe en base.[39m
[31m[Nest] 41956  - [39m06/10/2026 16:17:42 [31m  ERROR[39m [38;5;3m[Emargement] [39m[31mÉmargement en mode dégradé : Valkey indisponible, écriture directe en base.[39m
[31m[Nest] 41956  - [39m06/10/2026 16:17:42 [31m  ERROR[39m [38;5;3m[Emargement] [39m[31mÉmargement en mode dégradé : Valkey indisponible, écriture directe en base.[39m
[31m[Nest] 41956  - [39m06/10/2026 16:17:42 [31m  ERROR[39m [38;5;3m[Emargement] [39m[31mÉmargement en mode dégradé : Valkey indisponible, écriture directe en base.[39m
[31m[Nest] 41956  - [39m06/10/2026 16:17:42 [31m  ERROR[39m [38;5;3m[Emargement] [39m[31mÉmargement en mode dégradé : Valkey indisponible, écriture directe en base.[39m
[31m[Nest] 41956  - [39m06/10/2026 16:17:42 [31m  ERROR[39m [38;5;3m[Emargement] [39m[31mÉmargement en mode dégradé : Valkey indisponible, écriture directe en base.[39m
[31m[Nest] 41956  - [39m06/10/2026 16:17:42 [31m  ERROR[39m [38;5;3m[Emargement] [39m[31mÉmargement en mode dégradé : Valkey indisponible, écriture directe en base.[39m
[31m[Nest] 41956  - [39m06/10/2026 16:17:42 [31m  ERROR[39m [38;5;3m[Emargement] [39m[31mÉmargement en mode dégradé : Valkey indisponible, écriture directe en base.[39m
[31m[Nest] 41956  - [39m06/10/2026 16:17:42 [31m  ERROR[39m [38;5;3m[Emargement] [39m[31mÉmargement en mode dégradé : Valkey indisponible, écriture directe en base.[39m
[31m[Nest] 41956  - [39m06/10/2026 16:17:42 [31m  ERROR[39m [38;5;3m[Emargement] [39m[31mÉmargement en mode dégradé : Valkey indisponible, écriture directe en base.[39m
[31m[Nest] 41956  - [39m06/10/2026 16:17:42 [31m  ERROR[39m [38;5;3m[Emargement] [39m[31mÉmargement en mode dégradé : Valkey indisponible, écriture directe en base.[39m
[31m[Nest] 41956  - [39m06/10/2026 16:17:42 [31m  ERROR[39m [38;5;3m[Emargement] [39m[31mÉmargement en mode dégradé : Valkey indisponible, écriture directe en base.[39m
[31m[Nest] 41956  - [39m06/10/2026 16:17:42 [31m  ERROR[39m [38;5;3m[Emargement] [39m[31mÉmargement en mode dégradé : Valkey indisponible, écriture directe en base.[39m
[31m[Nest] 41956  - [39m06/10/2026 16:17:42 [31m  ERROR[39m [38;5;3m[Emargement] [39m[31mÉmargement en mode dégradé : Valkey indisponible, écriture directe en base.[39m
[31m[Nest] 41956  - [39m06/10/2026 16:17:42 [31m  ERROR[39m [38;5;3m[Emargement] [39m[31mÉmargement en mode dégradé : Valkey indisponible, écriture directe en base.[39m
[31m[Nest] 41956  - [39m06/10/2026 16:17:42 [31m  ERROR[39m [38;5;3m[Emargement] [39m[31mÉmargement en mode dégradé : Valkey indisponible, écriture directe en base.[39m
[31m[Nest] 41956  - [39m06/10/2026 16:17:42 [31m  ERROR[39m [38;5;3m[Emargement] [39m[31mÉmargement en mode dégradé : Valkey indisponible, écriture directe en base.[39m
[31m[Nest] 41956  - [39m06/10/2026 16:17:42 [31m  ERROR[39m [38;5;3m[Emargement] [39m[31mÉmargement en mode dégradé : Valkey indisponible, écriture directe en base.[39m
[31m[Nest] 41956  - [39m06/10/2026 16:17:42 [31m  ERROR[39m [38;5;3m[Emargement] [39m[31mÉmargement en mode dégradé : Valkey indisponible, écriture directe en base.[39m
[31m[Nest] 41956  - [39m06/10/2026 16:17:42 [31m  ERROR[39m [38;5;3m[Emargement] [39m[31mÉmargement en mode dégradé : Valkey indisponible, écriture directe en base.[39m
[31m[Nest] 41956  - [39m06/10/2026 16:17:42 [31m  ERROR[39m [38;5;3m[Emargement] [39m[31mÉmargement en mode dégradé : Valkey indisponible, écriture directe en base.[39m
[31m[Nest] 41956  - [39m06/10/2026 16:17:42 [31m  ERROR[39m [38;5;3m[Emargement] [39m[31mÉmargement en mode dégradé : Valkey indisponible, écriture directe en base.[39m
[31m[Nest] 41956  - [39m06/10/2026 16:17:42 [31m  ERROR[39m [38;5;3m[Emargement] [39m[31mÉmargement en mode dégradé : Valkey indisponible, écriture directe en base.[39m
[31m[Nest] 41956  - [39m06/10/2026 16:17:42 [31m  ERROR[39m [38;5;3m[Emargement] [39m[31mÉmargement en mode dégradé : Valkey indisponible, écriture directe en base.[39m
[31m[Nest] 41956  - [39m06/10/2026 16:17:42 [31m  ERROR[39m [38;5;3m[Emargement] [39m[31mÉmargement en mode dégradé : Valkey indisponible, écriture directe en base.[39m
[31m[Nest] 41956  - [39m06/10/2026 16:17:42 [31m  ERROR[39m [38;5;3m[Emargement] [39m[31mÉmargement en mode dégradé : Valkey indisponible, écriture directe en base.[39m
[31m[Nest] 41956  - [39m06/10/2026 16:17:42 [31m  ERROR[39m [38;5;3m[Emargement] [39m[31mÉmargement en mode dégradé : Valkey indisponible, écriture directe en base.[39m
[31m[Nest] 41956  - [39m06/10/2026 16:17:42 [31m  ERROR[39m [38;5;3m[Emargement] [39m[31mÉmargement en mode dégradé : Valkey indisponible, écriture directe en base.[39m
[31m[Nest] 41956  - [39m06/10/2026 16:17:42 [31m  ERROR[39m [38;5;3m[Emargement] [39m[31mÉmargement en mode dégradé : Valkey indisponible, écriture directe en base.[39m
[31m[Nest] 41956  - [39m06/10/2026 16:17:42 [31m  ERROR[39m [38;5;3m[Emargement] [39m[31mÉmargement en mode dégradé : Valkey indisponible, écriture directe en base.[39m
[31m[Nest] 41956  - [39m06/10/2026 16:17:42 [31m  ERROR[39m [38;5;3m[Emargement] [39m[31mÉmargement en mode dégradé : Valkey indisponible, écriture directe en base.[39m
[31m[Nest] 41956  - [39m06/10/2026 16:17:42 [31m  ERROR[39m [38;5;3m[Emargement] [39m[31mÉmargement en mode dégradé : Valkey indisponible, écriture directe en base.[39m
[31m[Nest] 41956  - [39m06/10/2026 16:17:42 [31m  ERROR[39m [38;5;3m[Emargement] [39m[31mÉmargement en mode dégradé : Valkey indisponible, écriture directe en base.[39m
[31m[Nest] 41956  - [39m06/10/2026 16:17:42 [31m  ERROR[39m [38;5;3m[Emargement] [39m[31mÉmargement en mode dégradé : Valkey indisponible, écriture directe en base.[39m
[31m[Nest] 41956  - [39m06/10/2026 16:17:42 [31m  ERROR[39m [38;5;3m[Emargement] [39m[31mÉmargement en mode dégradé : Valkey indisponible, écriture directe en base.[39m
[31m[Nest] 41956  - [39m06/10/2026 16:17:42 [31m  ERROR[39m [38;5;3m[Emargement] [39m[31mÉmargement en mode dégradé : Valkey indisponible, écriture directe en base.[39m
[31m[Nest] 41956  - [39m06/10/2026 16:17:42 [31m  ERROR[39m [38;5;3m[Emargement] [39m[31mÉmargement en mode dégradé : Valkey indisponible, écriture directe en base.[39m
[31m[Nest] 41956  - [39m06/10/2026 16:17:42 [31m  ERROR[39m [38;5;3m[Emargement] [39m[31mÉmargement en mode dégradé : Valkey indisponible, écriture directe en base.[39m
[31m[Nest] 41956  - [39m06/10/2026 16:17:42 [31m  ERROR[39m [38;5;3m[Emargement] [39m[31mÉmargement en mode dégradé : Valkey indisponible, écriture directe en base.[39m
[31m[Nest] 41956  - [39m06/10/2026 16:17:42 [31m  ERROR[39m [38;5;3m[Emargement] [39m[31mÉmargement en mode dégradé : Valkey indisponible, écriture directe en base.[39m
[31m[Nest] 41956  - [39m06/10/2026 16:17:42 [31m  ERROR[39m [38;5;3m[Emargement] [39m[31mÉmargement en mode dégradé : Valkey indisponible, écriture directe en base.[39m
[31m[Nest] 41956  - [39m06/10/2026 16:17:42 [31m  ERROR[39m [38;5;3m[Emargement] [39m[31mÉmargement en mode dégradé : Valkey indisponible, écriture directe en base.[39m
[31m[Nest] 41956  - [39m06/10/2026 16:17:42 [31m  ERROR[39m [38;5;3m[Emargement] [39m[31mÉmargement en mode dégradé : Valkey indisponible, écriture directe en base.[39m
[31m[Nest] 41956  - [39m06/10/2026 16:17:42 [31m  ERROR[39m [38;5;3m[Emargement] [39m[31mÉmargement en mode dégradé : Valkey indisponible, écriture directe en base.[39m
[31m[Nest] 41956  - [39m06/10/2026 16:17:42 [31m  ERROR[39m [38;5;3m[Emargement] [39m[31mÉmargement en mode dégradé : Valkey indisponible, écriture directe en base.[39m
[31m[Nest] 41956  - [39m06/10/2026 16:17:42 [31m  ERROR[39m [38;5;3m[Emargement] [39m[31mÉmargement en mode dégradé : Valkey indisponible, écriture directe en base.[39m
[31m[Nest] 41956  - [39m06/10/2026 16:17:42 [31m  ERROR[39m [38;5;3m[Emargement] [39m[31mÉmargement en mode dégradé : Valkey indisponible, écriture directe en base.[39m
[31m[Nest] 41956  - [39m06/10/2026 16:17:42 [31m  ERROR[39m [38;5;3m[Emargement] [39m[31mÉmargement en mode dégradé : Valkey indisponible, écriture directe en base.[39m
[31m[Nest] 41956  - [39m06/10/2026 16:17:42 [31m  ERROR[39m [38;5;3m[Emargement] [39m[31mÉmargement en mode dégradé : Valkey indisponible, écriture directe en base.[39m
[31m[Nest] 41956  - [39m06/10/2026 16:17:42 [31m  ERROR[39m [38;5;3m[Emargement] [39m[31mÉmargement en mode dégradé : Valkey indisponible, écriture directe en base.[39m
[31m[Nest] 41956  - [39m06/10/2026 16:17:42 [31m  ERROR[39m [38;5;3m[Emargement] [39m[31mÉmargement en mode dégradé : Valkey indisponible, écriture directe en base.[39m
[31m[Nest] 41956  - [39m06/10/2026 16:17:42 [31m  ERROR[39m [38;5;3m[Emargement] [39m[31mÉmargement en mode dégradé : Valkey indisponible, écriture directe en base.[39m
[31m[Nest] 41956  - [39m06/10/2026 16:17:42 [31m  ERROR[39m [38;5;3m[Emargement] [39m[31mÉmargement en mode dégradé : Valkey indisponible, écriture directe en base.[39m
[31m[Nest] 41956  - [39m06/10/2026 16:17:42 [31m  ERROR[39m [38;5;3m[Emargement] [39m[31mÉmargement en mode dégradé : Valkey indisponible, écriture directe en base.[39m
[31m[Nest] 41956  - [39m06/10/2026 16:17:42 [31m  ERROR[39m [38;5;3m[Emargement] [39m[31mÉmargement en mode dégradé : Valkey indisponible, écriture directe en base.[39m
[31m[Nest] 41956  - [39m06/10/2026 16:17:42 [31m  ERROR[39m [38;5;3m[Emargement] [39m[31mÉmargement en mode dégradé : Valkey indisponible, écriture directe en base.[39m
[31m[Nest] 41956  - [39m06/10/2026 16:17:42 [31m  ERROR[39m [38;5;3m[Emargement] [39m[31mÉmargement en mode dégradé : Valkey indisponible, écriture directe en base.[39m
[31m[Nest] 41956  - [39m06/10/2026 16:17:42 [31m  ERROR[39m [38;5;3m[Emargement] [39m[31mÉmargement en mode dégradé : Valkey indisponible, écriture directe en base.[39m
[31m[Nest] 41956  - [39m06/10/2026 16:17:42 [31m  ERROR[39m [38;5;3m[Emargement] [39m[31mÉmargement en mode dégradé : Valkey indisponible, écriture directe en base.[39m
[31m[Nest] 41956  - [39m06/10/2026 16:17:42 [31m  ERROR[39m [38;5;3m[Emargement] [39m[31mÉmargement en mode dégradé : Valkey indisponible, écriture directe en base.[39m
[31m[Nest] 41956  - [39m06/10/2026 16:17:42 [31m  ERROR[39m [38;5;3m[Emargement] [39m[31mÉmargement en mode dégradé : Valkey indisponible, écriture directe en base.[39m
[31m[Nest] 41956  - [39m06/10/2026 16:17:42 [31m  ERROR[39m [38;5;3m[Emargement] [39m[31mÉmargement en mode dégradé : Valkey indisponible, écriture directe en base.[39m
[31m[Nest] 41956  - [39m06/10/2026 16:17:42 [31m  ERROR[39m [38;5;3m[Emargement] [39m[31mÉmargement en mode dégradé : Valkey indisponible, écriture directe en base.[39m
[31m[Nest] 41956  - [39m06/10/2026 16:17:42 [31m  ERROR[39m [38;5;3m[Emargement] [39m[31mÉmargement en mode dégradé : Valkey indisponible, écriture directe en base.[39m
[31m[Nest] 41956  - [39m06/10/2026 16:17:42 [31m  ERROR[39m [38;5;3m[Emargement] [39m[31mÉmargement en mode dégradé : Valkey indisponible, écriture directe en base.[39m
[31m[Nest] 41956  - [39m06/10/2026 16:17:42 [31m  ERROR[39m [38;5;3m[Emargement] [39m[31mÉmargement en mode dégradé : Valkey indisponible, écriture directe en base.[39m
[31m[Nest] 41956  - [39m06/10/2026 16:17:42 [31m  ERROR[39m [38;5;3m[Emargement] [39m[31mÉmargement en mode dégradé : Valkey indisponible, écriture directe en base.[39m
[31m[Nest] 41956  - [39m06/10/2026 16:17:42 [31m  ERROR[39m [38;5;3m[Emargement] [39m[31mÉmargement en mode dégradé : Valkey indisponible, écriture directe en base.[39m
[31m[Nest] 41956  - [39m06/10/2026 16:17:42 [31m  ERROR[39m [38;5;3m[Emargement] [39m[31mÉmargement en mode dégradé : Valkey indisponible, écriture directe en base.[39m
[31m[Nest] 41956  - [39m06/10/2026 16:17:42 [31m  ERROR[39m [38;5;3m[Emargement] [39m[31mÉmargement en mode dégradé : Valkey indisponible, écriture directe en base.[39m
[31m[Nest] 41956  - [39m06/10/2026 16:17:43 [31m  ERROR[39m [38;5;3m[Emargement] [39m[31mÉmargement en mode dégradé : Valkey indisponible, écriture directe en base.[39m
[31m[Nest] 41956  - [39m06/10/2026 16:17:43 [31m  ERROR[39m [38;5;3m[Emargement] [39m[31mÉmargement en mode dégradé : Valkey indisponible, écriture directe en base.[39m
[31m[Nest] 41956  - [39m06/10/2026 16:17:43 [31m  ERROR[39m [38;5;3m[Emargement] [39m[31mÉmargement en mode dégradé : Valkey indisponible, écriture directe en base.[39m
[31m[Nest] 41956  - [39m06/10/2026 16:17:43 [31m  ERROR[39m [38;5;3m[Emargement] [39m[31mÉmargement en mode dégradé : Valkey indisponible, écriture directe en base.[39m
[31m[Nest] 41956  - [39m06/10/2026 16:17:43 [31m  ERROR[39m [38;5;3m[Emargement] [39m[31mÉmargement en mode dégradé : Valkey indisponible, écriture directe en base.[39m
[31m[Nest] 41956  - [39m06/10/2026 16:17:43 [31m  ERROR[39m [38;5;3m[Emargement] [39m[31mÉmargement en mode dégradé : Valkey indisponible, écriture directe en base.[39m
[31m[Nest] 41956  - [39m06/10/2026 16:17:43 [31m  ERROR[39m [38;5;3m[Emargement] [39m[31mÉmargement en mode dégradé : Valkey indisponible, écriture directe en base.[39m
[31m[Nest] 41956  - [39m06/10/2026 16:17:43 [31m  ERROR[39m [38;5;3m[Emargement] [39m[31mÉmargement en mode dégradé : Valkey indisponible, écriture directe en base.[39m
[31m[Nest] 41956  - [39m06/10/2026 16:17:43 [31m  ERROR[39m [38;5;3m[Emargement] [39m[31mÉmargement en mode dégradé : Valkey indisponible, écriture directe en base.[39m
[31m[Nest] 41956  - [39m06/10/2026 16:17:43 [31m  ERROR[39m [38;5;3m[Emargement] [39m[31mÉmargement en mode dégradé : Valkey indisponible, écriture directe en base.[39m
[31m[Nest] 41956  - [39m06/10/2026 16:17:43 [31m  ERROR[39m [38;5;3m[Emargement] [39m[31mÉmargement en mode dégradé : Valkey indisponible, écriture directe en base.[39m
[31m[Nest] 41956  - [39m06/10/2026 16:17:43 [31m  ERROR[39m [38;5;3m[Emargement] [39m[31mÉmargement en mode dégradé : Valkey indisponible, écriture directe en base.[39m
[31m[Nest] 41956  - [39m06/10/2026 16:17:43 [31m  ERROR[39m [38;5;3m[Emargement] [39m[31mÉmargement en mode dégradé : Valkey indisponible, écriture directe en base.[39m
[31m[Nest] 41956  - [39m06/10/2026 16:17:43 [31m  ERROR[39m [38;5;3m[Emargement] [39m[31mÉmargement en mode dégradé : Valkey indisponible, écriture directe en base.[39m
[31m[Nest] 41956  - [39m06/10/2026 16:17:43 [31m  ERROR[39m [38;5;3m[Emargement] [39m[31mÉmargement en mode dégradé : Valkey indisponible, écriture directe en base.[39m
[31m[Nest] 41956  - [39m06/10/2026 16:17:43 [31m  ERROR[39m [38;5;3m[Emargement] [39m[31mÉmargement en mode dégradé : Valkey indisponible, écriture directe en base.[39m
[31m[Nest] 41956  - [39m06/10/2026 16:17:43 [31m  ERROR[39m [38;5;3m[Emargement] [39m[31mÉmargement en mode dégradé : Valkey indisponible, écriture directe en base.[39m
[31m[Nest] 41956  - [39m06/10/2026 16:17:43 [31m  ERROR[39m [38;5;3m[Emargement] [39m[31mÉmargement en mode dégradé : Valkey indisponible, écriture directe en base.[39m
[31m[Nest] 41956  - [39m06/10/2026 16:17:43 [31m  ERROR[39m [38;5;3m[Emargement] [39m[31mÉmargement en mode dégradé : Valkey indisponible, écriture directe en base.[39m
[31m[Nest] 41956  - [39m06/10/2026 16:17:43 [31m  ERROR[39m [38;5;3m[Emargement] [39m[31mÉmargement en mode dégradé : Valkey indisponible, écriture directe en base.[39m
[31m[Nest] 41956  - [39m06/10/2026 16:17:43 [31m  ERROR[39m [38;5;3m[Emargement] [39m[31mÉmargement en mode dégradé : Valkey indisponible, écriture directe en base.[39m
[31m[Nest] 41956  - [39m06/10/2026 16:17:43 [31m  ERROR[39m [38;5;3m[Emargement] [39m[31mÉmargement en mode dégradé : Valkey indisponible, écriture directe en base.[39m
[31m[Nest] 41956  - [39m06/10/2026 16:17:43 [31m  ERROR[39m [38;5;3m[Emargement] [39m[31mÉmargement en mode dégradé : Valkey indisponible, écriture directe en base.[39m
[31m[Nest] 41956  - [39m06/10/2026 16:17:43 [31m  ERROR[39m [38;5;3m[Emargement] [39m[31mÉmargement en mode dégradé : Valkey indisponible, écriture directe en base.[39m
[31m[Nest] 41956  - [39m06/10/2026 16:17:43 [31m  ERROR[39m [38;5;3m[Emargement] [39m[31mÉmargement en mode dégradé : Valkey indisponible, écriture directe en base.[39m
[31m[Nest] 41956  - [39m06/10/2026 16:17:43 [31m  ERROR[39m [38;5;3m[Emargement] [39m[31mÉmargement en mode dégradé : Valkey indisponible, écriture directe en base.[39m
[31m[Nest] 41956  - [39m06/10/2026 16:17:43 [31m  ERROR[39m [38;5;3m[Emargement] [39m[31mÉmargement en mode dégradé : Valkey indisponible, écriture directe en base.[39m
[31m[Nest] 41956  - [39m06/10/2026 16:17:43 [31m  ERROR[39m [38;5;3m[Emargement] [39m[31mÉmargement en mode dégradé : Valkey indisponible, écriture directe en base.[39m
[31m[Nest] 41956  - [39m06/10/2026 16:17:43 [31m  ERROR[39m [38;5;3m[Emargement] [39m[31mÉmargement en mode dégradé : Valkey indisponible, écriture directe en base.[39m
[31m[Nest] 41956  - [39m06/10/2026 16:17:43 [31m  ERROR[39m [38;5;3m[Emargement] [39m[31mÉmargement en mode dégradé : Valkey indisponible, écriture directe en base.[39m
[31m[Nest] 41956  - [39m06/10/2026 16:17:43 [31m  ERROR[39m [38;5;3m[Emargement] [39m[31mÉmargement en mode dégradé : Valkey indisponible, écriture directe en base.[39m
[31m[Nest] 41956  - [39m06/10/2026 16:17:43 [31m  ERROR[39m [38;5;3m[Emargement] [39m[31mÉmargement en mode dégradé : Valkey indisponible, écriture directe en base.[39m
[31m[Nest] 41956  - [39m06/10/2026 16:17:43 [31m  ERROR[39m [38;5;3m[Emargement] [39m[31mÉmargement en mode dégradé : Valkey indisponible, écriture directe en base.[39m
[31m[Nest] 41956  - [39m06/10/2026 16:17:43 [31m  ERROR[39m [38;5;3m[Emargement] [39m[31mÉmargement en mode dégradé : Valkey indisponible, écriture directe en base.[39m
[31m[Nest] 41956  - [39m06/10/2026 16:17:43 [31m  ERROR[39m [38;5;3m[Emargement] [39m[31mÉmargement en mode dégradé : Valkey indisponible, écriture directe en base.[39m
[31m[Nest] 41956  - [39m06/10/2026 16:17:43 [31m  ERROR[39m [38;5;3m[Emargement] [39m[31mÉmargement en mode dégradé : Valkey indisponible, écriture directe en base.[39m
[31m[Nest] 41956  - [39m06/10/2026 16:17:43 [31m  ERROR[39m [38;5;3m[Emargement] [39m[31mÉmargement en mode dégradé : Valkey indisponible, écriture directe en base.[39m
[31m[Nest] 41956  - [39m06/10/2026 16:17:43 [31m  ERROR[39m [38;5;3m[Emargement] [39m[31mÉmargement en mode dégradé : Valkey indisponible, écriture directe en base.[39m
[31m[Nest] 41956  - [39m06/10/2026 16:17:43 [31m  ERROR[39m [38;5;3m[Emargement] [39m[31mÉmargement en mode dégradé : Valkey indisponible, écriture directe en base.[39m
[31m[Nest] 41956  - [39m06/10/2026 16:17:43 [31m  ERROR[39m [38;5;3m[Emargement] [39m[31mÉmargement en mode dégradé : Valkey indisponible, écriture directe en base.[39m
[31m[Nest] 41956  - [39m06/10/2026 16:17:43 [31m  ERROR[39m [38;5;3m[Emargement] [39m[31mÉmargement en mode dégradé : Valkey indisponible, écriture directe en base.[39m
[31m[Nest] 41956  - [39m06/10/2026 16:17:43 [31m  ERROR[39m [38;5;3m[Emargement] [39m[31mÉmargement en mode dégradé : Valkey indisponible, écriture directe en base.[39m
[31m[Nest] 41956  - [39m06/10/2026 16:17:43 [31m  ERROR[39m [38;5;3m[Emargement] [39m[31mÉmargement en mode dégradé : Valkey indisponible, écriture directe en base.[39m
[31m[Nest] 41956  - [39m06/10/2026 16:17:43 [31m  ERROR[39m [38;5;3m[Emargement] [39m[31mÉmargement en mode dégradé : Valkey indisponible, écriture directe en base.[39m
[31m[Nest] 41956  - [39m06/10/2026 16:17:43 [31m  ERROR[39m [38;5;3m[Emargement] [39m[31mÉmargement en mode dégradé : Valkey indisponible, écriture directe en base.[39m
[31m[Nest] 41956  - [39m06/10/2026 16:17:43 [31m  ERROR[39m [38;5;3m[Emargement] [39m[31mÉmargement en mode dégradé : Valkey indisponible, écriture directe en base.[39m
[31m[Nest] 41956  - [39m06/10/2026 16:17:43 [31m  ERROR[39m [38;5;3m[Emargement] [39m[31mÉmargement en mode dégradé : Valkey indisponible, écriture directe en base.[39m
[31m[Nest] 41956  - [39m06/10/2026 16:17:43 [31m  ERROR[39m [38;5;3m[Emargement] [39m[31mÉmargement en mode dégradé : Valkey indisponible, écriture directe en base.[39m
[31m[Nest] 41956  - [39m06/10/2026 16:17:43 [31m  ERROR[39m [38;5;3m[Emargement] [39m[31mÉmargement en mode dégradé : Valkey indisponible, écriture directe en base.[39m
[31m[Nest] 41956  - [39m06/10/2026 16:17:43 [31m  ERROR[39m [38;5;3m[Emargement] [39m[31mÉmargement en mode dégradé : Valkey indisponible, écriture directe en base.[39m
[ioredis] Unhandled error event: AggregateError [ECONNREFUSED]: 
    at internalConnectMultiple (node:net:1194:18)
    at afterConnectMultiple (node:net:1784:7)
[31m[Nest] 41956  - [39m06/10/2026 16:17:43 [31m  ERROR[39m [38;5;3m[Emargement] [39m[31mÉmargement en mode dégradé : Valkey indisponible, écriture directe en base.[39m
[31m[Nest] 41956  - [39m06/10/2026 16:17:43 [31m  ERROR[39m [38;5;3m[Emargement] [39m[31mÉmargement en mode dégradé : Valkey indisponible, écriture directe en base.[39m
[31m[Nest] 41956  - [39m06/10/2026 16:17:43 [31m  ERROR[39m [38;5;3m[Emargement] [39m[31mÉmargement en mode dégradé : Valkey indisponible, écriture directe en base.[39m
[31m[Nest] 41956  - [39m06/10/2026 16:17:43 [31m  ERROR[39m [38;5;3m[Emargement] [39m[31mÉmargement en mode dégradé : Valkey indisponible, écriture directe en base.[39m
[31m[Nest] 41956  - [39m06/10/2026 16:17:43 [31m  ERROR[39m [38;5;3m[Emargement] [39m[31mÉmargement en mode dégradé : Valkey indisponible, écriture directe en base.[39m
[31m[Nest] 41956  - [39m06/10/2026 16:17:43 [31m  ERROR[39m [38;5;3m[Emargement] [39m[31mÉmargement en mode dégradé : Valkey indisponible, écriture directe en base.[39m
[31m[Nest] 41956  - [39m06/10/2026 16:17:43 [31m  ERROR[39m [38;5;3m[Emargement] [39m[31mÉmargement en mode dégradé : Valkey indisponible, écriture directe en base.[39m
[31m[Nest] 41956  - [39m06/10/2026 16:17:43 [31m  ERROR[39m [38;5;3m[Emargement] [39m[31mÉmargement en mode dégradé : Valkey indisponible, écriture directe en base.[39m
[31m[Nest] 41956  - [39m06/10/2026 16:17:43 [31m  ERROR[39m [38;5;3m[Emargement] [39m[31mÉmargement en mode dégradé : Valkey indisponible, écriture directe en base.[39m
[31m[Nest] 41956  - [39m06/10/2026 16:17:43 [31m  ERROR[39m [38;5;3m[Emargement] [39m[31mÉmargement en mode dégradé : Valkey indisponible, écriture directe en base.[39m
[31m[Nest] 41956  - [39m06/10/2026 16:17:43 [31m  ERROR[39m [38;5;3m[Emargement] [39m[31mÉmargement en mode dégradé : Valkey indisponible, écriture directe en base.[39m
[31m[Nest] 41956  - [39m06/10/2026 16:17:43 [31m  ERROR[39m [38;5;3m[Emargement] [39m[31mÉmargement en mode dégradé : Valkey indisponible, écriture directe en base.[39m
[31m[Nest] 41956  - [39m06/10/2026 16:17:43 [31m  ERROR[39m [38;5;3m[Emargement] [39m[31mÉmargement en mode dégradé : Valkey indisponible, écriture directe en base.[39m
[31m[Nest] 41956  - [39m06/10/2026 16:17:43 [31m  ERROR[39m [38;5;3m[Emargement] [39m[31mÉmargement en mode dégradé : Valkey indisponible, écriture directe en base.[39m
[31m[Nest] 41956  - [39m06/10/2026 16:17:43 [31m  ERROR[39m [38;5;3m[Emargement] [39m[31mÉmargement en mode dégradé : Valkey indisponible, écriture directe en base.[39m
[31m[Nest] 41956  - [39m06/10/2026 16:17:43 [31m  ERROR[39m [38;5;3m[Emargement] [39m[31mÉmargement en mode dégradé : Valkey indisponible, écriture directe en base.[39m
[31m[Nest] 41956  - [39m06/10/2026 16:17:43 [31m  ERROR[39m [38;5;3m[Emargement] [39m[31mÉmargement en mode dégradé : Valkey indisponible, écriture directe en base.[39m
[31m[Nest] 41956  - [39m06/10/2026 16:17:43 [31m  ERROR[39m [38;5;3m[Emargement] [39m[31mÉmargement en mode dégradé : Valkey indisponible, écriture directe en base.[39m
[31m[Nest] 41956  - [39m06/10/2026 16:17:43 [31m  ERROR[39m [38;5;3m[Emargement] [39m[31mÉmargement en mode dégradé : Valkey indisponible, écriture directe en base.[39m
[31m[Nest] 41956  - [39m06/10/2026 16:17:43 [31m  ERROR[39m [38;5;3m[Emargement] [39m[31mÉmargement en mode dégradé : Valkey indisponible, écriture directe en base.[39m
[31m[Nest] 41956  - [39m06/10/2026 16:17:43 [31m  ERROR[39m [38;5;3m[Emargement] [39m[31mÉmargement en mode dégradé : Valkey indisponible, écriture directe en base.[39m
[31m[Nest] 41956  - [39m06/10/2026 16:17:43 [31m  ERROR[39m [38;5;3m[Emargement] [39m[31mÉmargement en mode dégradé : Valkey indisponible, écriture directe en base.[39m
[31m[Nest] 41956  - [39m06/10/2026 16:17:43 [31m  ERROR[39m [38;5;3m[Emargement] [39m[31mÉmargement en mode dégradé : Valkey indisponible, écriture directe en base.[39m
[31m[Nest] 41956  - [39m06/10/2026 16:17:43 [31m  ERROR[39m [38;5;3m[Emargement] [39m[31mÉmargement en mode dégradé : Valkey indisponible, écriture directe en base.[39m
[31m[Nest] 41956  - [39m06/10/2026 16:17:43 [31m  ERROR[39m [38;5;3m[Emargement] [39m[31mÉmargement en mode dégradé : Valkey indisponible, écriture directe en base.[39m
[31m[Nest] 41956  - [39m06/10/2026 16:17:43 [31m  ERROR[39m [38;5;3m[Emargement] [39m[31mÉmargement en mode dégradé : Valkey indisponible, écriture directe en base.[39m
[31m[Nest] 41956  - [39m06/10/2026 16:17:44 [31m  ERROR[39m [38;5;3m[Emargement] [39m[31mÉmargement en mode dégradé : Valkey indisponible, écriture directe en base.[39m
[31m[Nest] 41956  - [39m06/10/2026 16:17:44 [31m  ERROR[39m [38;5;3m[Emargement] [39m[31mÉmargement en mode dégradé : Valkey indisponible, écriture directe en base.[39m
[31m[Nest] 41956  - [39m06/10/2026 16:17:44 [31m  ERROR[39m [38;5;3m[Emargement] [39m[31mÉmargement en mode dégradé : Valkey indisponible, écriture directe en base.[39m
[31m[Nest] 41956  - [39m06/10/2026 16:17:44 [31m  ERROR[39m [38;5;3m[Emargement] [39m[31mÉmargement en mode dégradé : Valkey indisponible, écriture directe en base.[39m
[31m[Nest] 41956  - [39m06/10/2026 16:17:44 [31m  ERROR[39m [38;5;3m[Emargement] [39m[31mÉmargement en mode dégradé : Valkey indisponible, écriture directe en base.[39m
[31m[Nest] 41956  - [39m06/10/2026 16:17:44 [31m  ERROR[39m [38;5;3m[Emargement] [39m[31mÉmargement en mode dégradé : Valkey indisponible, écriture directe en base.[39m
[31m[Nest] 41956  - [39m06/10/2026 16:17:44 [31m  ERROR[39m [38;5;3m[Emargement] [39m[31mÉmargement en mode dégradé : Valkey indisponible, écriture directe en base.[39m
[31m[Nest] 41956  - [39m06/10/2026 16:17:44 [31m  ERROR[39m [38;5;3m[Emargement] [39m[31mÉmargement en mode dégradé : Valkey indisponible, écriture directe en base.[39m
[31m[Nest] 41956  - [39m06/10/2026 16:17:44 [31m  ERROR[39m [38;5;3m[Emargement] [39m[31mÉmargement en mode dégradé : Valkey indisponible, écriture directe en base.[39m
[31m[Nest] 41956  - [39m06/10/2026 16:17:44 [31m  ERROR[39m [38;5;3m[Emargement] [39m[31mÉmargement en mode dégradé : Valkey indisponible, écriture directe en base.[39m
[31m[Nest] 41956  - [39m06/10/2026 16:17:44 [31m  ERROR[39m [38;5;3m[Emargement] [39m[31mÉmargement en mode dégradé : Valkey indisponible, écriture directe en base.[39m
[31m[Nest] 41956  - [39m06/10/2026 16:17:44 [31m  ERROR[39m [38;5;3m[Emargement] [39m[31mÉmargement en mode dégradé : Valkey indisponible, écriture directe en base.[39m
[31m[Nest] 41956  - [39m06/10/2026 16:17:44 [31m  ERROR[39m [38;5;3m[Emargement] [39m[31mÉmargement en mode dégradé : Valkey indisponible, écriture directe en base.[39m
[31m[Nest] 41956  - [39m06/10/2026 16:17:44 [31m  ERROR[39m [38;5;3m[Emargement] [39m[31mÉmargement en mode dégradé : Valkey indisponible, écriture directe en base.[39m
[31m[Nest] 41956  - [39m06/10/2026 16:17:44 [31m  ERROR[39m [38;5;3m[Emargement] [39m[31mÉmargement en mode dégradé : Valkey indisponible, écriture directe en base.[39m
[31m[Nest] 41956  - [39m06/10/2026 16:17:44 [31m  ERROR[39m [38;5;3m[Emargement] [39m[31mÉmargement en mode dégradé : Valkey indisponible, écriture directe en base.[39m
[31m[Nest] 41956  - [39m06/10/2026 16:17:44 [31m  ERROR[39m [38;5;3m[Emargement] [39m[31mÉmargement en mode dégradé : Valkey indisponible, écriture directe en base.[39m
[31m[Nest] 41956  - [39m06/10/2026 16:17:44 [31m  ERROR[39m [38;5;3m[Emargement] [39m[31mÉmargement en mode dégradé : Valkey indisponible, écriture directe en base.[39m
[31m[Nest] 41956  - [39m06/10/2026 16:17:44 [31m  ERROR[39m [38;5;3m[Emargement] [39m[31mÉmargement en mode dégradé : Valkey indisponible, écriture directe en base.[39m
[31m[Nest] 41956  - [39m06/10/2026 16:17:44 [31m  ERROR[39m [38;5;3m[Emargement] [39m[31mÉmargement en mode dégradé : Valkey indisponible, écriture directe en base.[39m
[31m[Nest] 41956  - [39m06/10/2026 16:17:44 [31m  ERROR[39m [38;5;3m[Emargement] [39m[31mÉmargement en mode dégradé : Valkey indisponible, écriture directe en base.[39m
[31m[Nest] 41956  - [39m06/10/2026 16:17:44 [31m  ERROR[39m [38;5;3m[Emargement] [39m[31mÉmargement en mode dégradé : Valkey indisponible, écriture directe en base.[39m
[31m[Nest] 41956  - [39m06/10/2026 16:17:44 [31m  ERROR[39m [38;5;3m[Emargement] [39m[31mÉmargement en mode dégradé : Valkey indisponible, écriture directe en base.[39m
[31m[Nest] 41956  - [39m06/10/2026 16:17:44 [31m  ERROR[39m [38;5;3m[Emargement] [39m[31mÉmargement en mode dégradé : Valkey indisponible, écriture directe en base.[39m
[31m[Nest] 41956  - [39m06/10/2026 16:17:44 [31m  ERROR[39m [38;5;3m[Emargement] [39m[31mÉmargement en mode dégradé : Valkey indisponible, écriture directe en base.[39m
[31m[Nest] 41956  - [39m06/10/2026 16:17:44 [31m  ERROR[39m [38;5;3m[Emargement] [39m[31mÉmargement en mode dégradé : Valkey indisponible, écriture directe en base.[39m
[31m[Nest] 41956  - [39m06/10/2026 16:17:44 [31m  ERROR[39m [38;5;3m[Emargement] [39m[31mÉmargement en mode dégradé : Valkey indisponible, écriture directe en base.[39m
[31m[Nest] 41956  - [39m06/10/2026 16:17:44 [31m  ERROR[39m [38;5;3m[Emargement] [39m[31mÉmargement en mode dégradé : Valkey indisponible, écriture directe en base.[39m
[31m[Nest] 41956  - [39m06/10/2026 16:17:44 [31m  ERROR[39m [38;5;3m[Emargement] [39m[31mÉmargement en mode dégradé : Valkey indisponible, écriture directe en base.[39m
[31m[Nest] 41956  - [39m06/10/2026 16:17:44 [31m  ERROR[39m [38;5;3m[Emargement] [39m[31mÉmargement en mode dégradé : Valkey indisponible, écriture directe en base.[39m
[31m[Nest] 41956  - [39m06/10/2026 16:17:44 [31m  ERROR[39m [38;5;3m[Emargement] [39m[31mÉmargement en mode dégradé : Valkey indisponible, écriture directe en base.[39m
[31m[Nest] 41956  - [39m06/10/2026 16:17:44 [31m  ERROR[39m [38;5;3m[Emargement] [39m[31mÉmargement en mode dégradé : Valkey indisponible, écriture directe en base.[39m
[31m[Nest] 41956  - [39m06/10/2026 16:17:44 [31m  ERROR[39m [38;5;3m[Emargement] [39m[31mÉmargement en mode dégradé : Valkey indisponible, écriture directe en base.[39m
[31m[Nest] 41956  - [39m06/10/2026 16:17:44 [31m  ERROR[39m [38;5;3m[Emargement] [39m[31mÉmargement en mode dégradé : Valkey indisponible, écriture directe en base.[39m
[31m[Nest] 41956  - [39m06/10/2026 16:17:44 [31m  ERROR[39m [38;5;3m[Emargement] [39m[31mÉmargement en mode dégradé : Valkey indisponible, écriture directe en base.[39m
[31m[Nest] 41956  - [39m06/10/2026 16:17:44 [31m  ERROR[39m [38;5;3m[Emargement] [39m[31mÉmargement en mode dégradé : Valkey indisponible, écriture directe en base.[39m
[31m[Nest] 41956  - [39m06/10/2026 16:17:44 [31m  ERROR[39m [38;5;3m[Emargement] [39m[31mÉmargement en mode dégradé : Valkey indisponible, écriture directe en base.[39m
[31m[Nest] 41956  - [39m06/10/2026 16:17:44 [31m  ERROR[39m [38;5;3m[Emargement] [39m[31mÉmargement en mode dégradé : Valkey indisponible, écriture directe en base.[39m
[31m[Nest] 41956  - [39m06/10/2026 16:17:44 [31m  ERROR[39m [38;5;3m[Emargement] [39m[31mÉmargement en mode dégradé : Valkey indisponible, écriture directe en base.[39m
[31m[Nest] 41956  - [39m06/10/2026 16:17:44 [31m  ERROR[39m [38;5;3m[Emargement] [39m[31mÉmargement en mode dégradé : Valkey indisponible, écriture directe en base.[39m
[31m[Nest] 41956  - [39m06/10/2026 16:17:44 [31m  ERROR[39m [38;5;3m[Emargement] [39m[31mÉmargement en mode dégradé : Valkey indisponible, écriture directe en base.[39m
[31m[Nest] 41956  - [39m06/10/2026 16:17:44 [31m  ERROR[39m [38;5;3m[Emargement] [39m[31mÉmargement en mode dégradé : Valkey indisponible, écriture directe en base.[39m
[31m[Nest] 41956  - [39m06/10/2026 16:17:44 [31m  ERROR[39m [38;5;3m[Emargement] [39m[31mÉmargement en mode dégradé : Valkey indisponible, écriture directe en base.[39m
[31m[Nest] 41956  - [39m06/10/2026 16:17:44 [31m  ERROR[39m [38;5;3m[Emargement] [39m[31mÉmargement en mode dégradé : Valkey indisponible, écriture directe en base.[39m
[31m[Nest] 41956  - [39m06/10/2026 16:17:44 [31m  ERROR[39m [38;5;3m[Emargement] [39m[31mÉmargement en mode dégradé : Valkey indisponible, écriture directe en base.[39m
[31m[Nest] 41956  - [39m06/10/2026 16:17:44 [31m  ERROR[39m [38;5;3m[Emargement] [39m[31mÉmargement en mode dégradé : Valkey indisponible, écriture directe en base.[39m
[31m[Nest] 41956  - [39m06/10/2026 16:17:44 [31m  ERROR[39m [38;5;3m[Emargement] [39m[31mÉmargement en mode dégradé : Valkey indisponible, écriture directe en base.[39m
[31m[Nest] 41956  - [39m06/10/2026 16:17:44 [31m  ERROR[39m [38;5;3m[Emargement] [39m[31mÉmargement en mode dégradé : Valkey indisponible, écriture directe en base.[39m
[31m[Nest] 41956  - [39m06/10/2026 16:17:44 [31m  ERROR[39m [38;5;3m[Emargement] [39m[31mÉmargement en mode dégradé : Valkey indisponible, écriture directe en base.[39m
[31m[Nest] 41956  - [39m06/10/2026 16:17:44 [31m  ERROR[39m [38;5;3m[Emargement] [39m[31mÉmargement en mode dégradé : Valkey indisponible, écriture directe en base.[39m
[31m[Nest] 41956  - [39m06/10/2026 16:17:44 [31m  ERROR[39m [38;5;3m[Emargement] [39m[31mÉmargement en mode dégradé : Valkey indisponible, écriture directe en base.[39m
[31m[Nest] 41956  - [39m06/10/2026 16:17:44 [31m  ERROR[39m [38;5;3m[Emargement] [39m[31mÉmargement en mode dégradé : Valkey indisponible, écriture directe en base.[39m
[31m[Nest] 41956  - [39m06/10/2026 16:17:44 [31m  ERROR[39m [38;5;3m[Emargement] [39m[31mÉmargement en mode dégradé : Valkey indisponible, écriture directe en base.[39m
[31m[Nest] 41956  - [39m06/10/2026 16:17:44 [31m  ERROR[39m [38;5;3m[Emargement] [39m[31mÉmargement en mode dégradé : Valkey indisponible, écriture directe en base.[39m
[31m[Nest] 41956  - [39m06/10/2026 16:17:44 [31m  ERROR[39m [38;5;3m[Emargement] [39m[31mÉmargement en mode dégradé : Valkey indisponible, écriture directe en base.[39m
[31m[Nest] 41956  - [39m06/10/2026 16:17:44 [31m  ERROR[39m [38;5;3m[Emargement] [39m[31mÉmargement en mode dégradé : Valkey indisponible, écriture directe en base.[39m
[31m[Nest] 41956  - [39m06/10/2026 16:17:44 [31m  ERROR[39m [38;5;3m[Emargement] [39m[31mÉmargement en mode dégradé : Valkey indisponible, écriture directe en base.[39m
[31m[Nest] 41956  - [39m06/10/2026 16:17:44 [31m  ERROR[39m [38;5;3m[Emargement] [39m[31mÉmargement en mode dégradé : Valkey indisponible, écriture directe en base.[39m
[31m[Nest] 41956  - [39m06/10/2026 16:17:44 [31m  ERROR[39m [38;5;3m[Emargement] [39m[31mÉmargement en mode dégradé : Valkey indisponible, écriture directe en base.[39m
[31m[Nest] 41956  - [39m06/10/2026 16:17:44 [31m  ERROR[39m [38;5;3m[Emargement] [39m[31mÉmargement en mode dégradé : Valkey indisponible, écriture directe en base.[39m
[31m[Nest] 41956  - [39m06/10/2026 16:17:44 [31m  ERROR[39m [38;5;3m[Emargement] [39m[31mÉmargement en mode dégradé : Valkey indisponible, écriture directe en base.[39m
[31m[Nest] 41956  - [39m06/10/2026 16:17:44 [31m  ERROR[39m [38;5;3m[Emargement] [39m[31mÉmargement en mode dégradé : Valkey indisponible, écriture directe en base.[39m
[31m[Nest] 41956  - [39m06/10/2026 16:17:44 [31m  ERROR[39m [38;5;3m[Emargement] [39m[31mÉmargement en mode dégradé : Valkey indisponible, écriture directe en base.[39m
[31m[Nest] 41956  - [39m06/10/2026 16:17:44 [31m  ERROR[39m [38;5;3m[Emargement] [39m[31mÉmargement en mode dégradé : Valkey indisponible, écriture directe en base.[39m
[31m[Nest] 41956  - [39m06/10/2026 16:17:44 [31m  ERROR[39m [38;5;3m[Emargement] [39m[31mÉmargement en mode dégradé : Valkey indisponible, écriture directe en base.[39m
[31m[Nest] 41956  - [39m06/10/2026 16:17:44 [31m  ERROR[39m [38;5;3m[Emargement] [39m[31mÉmargement en mode dégradé : Valkey indisponible, écriture directe en base.[39m
[31m[Nest] 41956  - [39m06/10/2026 16:17:44 [31m  ERROR[39m [38;5;3m[Emargement] [39m[31mÉmargement en mode dégradé : Valkey indisponible, écriture directe en base.[39m
[31m[Nest] 41956  - [39m06/10/2026 16:17:44 [31m  ERROR[39m [38;5;3m[Emargement] [39m[31mÉmargement en mode dégradé : Valkey indisponible, écriture directe en base.[39m
[31m[Nest] 41956  - [39m06/10/2026 16:17:44 [31m  ERROR[39m [38;5;3m[Emargement] [39m[31mÉmargement en mode dégradé : Valkey indisponible, écriture directe en base.[39m
[31m[Nest] 41956  - [39m06/10/2026 16:17:44 [31m  ERROR[39m [38;5;3m[Emargement] [39m[31mÉmargement en mode dégradé : Valkey indisponible, écriture directe en base.[39m
[31m[Nest] 41956  - [39m06/10/2026 16:17:44 [31m  ERROR[39m [38;5;3m[Emargement] [39m[31mÉmargement en mode dégradé : Valkey indisponible, écriture directe en base.[39m
[31m[Nest] 41956  - [39m06/10/2026 16:17:44 [31m  ERROR[39m [38;5;3m[Emargement] [39m[31mÉmargement en mode dégradé : Valkey indisponible, écriture directe en base.[39m
[31m[Nest] 41956  - [39m06/10/2026 16:17:44 [31m  ERROR[39m [38;5;3m[Emargement] [39m[31mÉmargement en mode dégradé : Valkey indisponible, écriture directe en base.[39m
[31m[Nest] 41956  - [39m06/10/2026 16:17:44 [31m  ERROR[39m [38;5;3m[Emargement] [39m[31mÉmargement en mode dégradé : Valkey indisponible, écriture directe en base.[39m
[31m[Nest] 41956  - [39m06/10/2026 16:17:44 [31m  ERROR[39m [38;5;3m[Emargement] [39m[31mÉmargement en mode dégradé : Valkey indisponible, écriture directe en base.[39m
[31m[Nest] 41956  - [39m06/10/2026 16:17:44 [31m  ERROR[39m [38;5;3m[Emargement] [39m[31mÉmargement en mode dégradé : Valkey indisponible, écriture directe en base.[39m
[31m[Nest] 41956  - [39m06/10/2026 16:17:44 [31m  ERROR[39m [38;5;3m[Emargement] [39m[31mÉmargement en mode dégradé : Valkey indisponible, écriture directe en base.[39m
[31m[Nest] 41956  - [39m06/10/2026 16:17:44 [31m  ERROR[39m [38;5;3m[Emargement] [39m[31mÉmargement en mode dégradé : Valkey indisponible, écriture directe en base.[39m
[31m[Nest] 41956  - [39m06/10/2026 16:17:44 [31m  ERROR[39m [38;5;3m[Emargement] [39m[31mÉmargement en mode dégradé : Valkey indisponible, écriture directe en base.[39m
[31m[Nest] 41956  - [39m06/10/2026 16:17:44 [31m  ERROR[39m [38;5;3m[Emargement] [39m[31mÉmargement en mode dégradé : Valkey indisponible, écriture directe en base.[39m
[31m[Nest] 41956  - [39m06/10/2026 16:17:44 [31m  ERROR[39m [38;5;3m[Emargement] [39m[31mÉmargement en mode dégradé : Valkey indisponible, écriture directe en base.[39m
[31m[Nest] 41956  - [39m06/10/2026 16:17:44 [31m  ERROR[39m [38;5;3m[Emargement] [39m[31mÉmargement en mode dégradé : Valkey indisponible, écriture directe en base.[39m
[31m[Nest] 41956  - [39m06/10/2026 16:17:44 [31m  ERROR[39m [38;5;3m[Emargement] [39m[31mÉmargement en mode dégradé : Valkey indisponible, écriture directe en base.[39m
[31m[Nest] 41956  - [39m06/10/2026 16:17:44 [31m  ERROR[39m [38;5;3m[Emargement] [39m[31mÉmargement en mode dégradé : Valkey indisponible, écriture directe en base.[39m
[31m[Nest] 41956  - [39m06/10/2026 16:17:44 [31m  ERROR[39m [38;5;3m[Emargement] [39m[31mÉmargement en mode dégradé : Valkey indisponible, écriture directe en base.[39m
[31m[Nest] 41956  - [39m06/10/2026 16:17:44 [31m  ERROR[39m [38;5;3m[Emargement] [39m[31mÉmargement en mode dégradé : Valkey indisponible, écriture directe en base.[39m
[31m[Nest] 41956  - [39m06/10/2026 16:17:44 [31m  ERROR[39m [38;5;3m[Emargement] [39m[31mÉmargement en mode dégradé : Valkey indisponible, écriture directe en base.[39m
[31m[Nest] 41956  - [39m06/10/2026 16:17:44 [31m  ERROR[39m [38;5;3m[Emargement] [39m[31mÉmargement en mode dégradé : Valkey indisponible, écriture directe en base.[39m
[31m[Nest] 41956  - [39m06/10/2026 16:17:44 [31m  ERROR[39m [38;5;3m[Emargement] [39m[31mÉmargement en mode dégradé : Valkey indisponible, écriture directe en base.[39m
[31m[Nest] 41956  - [39m06/10/2026 16:17:44 [31m  ERROR[39m [38;5;3m[Emargement] [39m[31mÉmargement en mode dégradé : Valkey indisponible, écriture directe en base.[39m
[31m[Nest] 41956  - [39m06/10/2026 16:17:44 [31m  ERROR[39m [38;5;3m[Emargement] [39m[31mÉmargement en mode dégradé : Valkey indisponible, écriture directe en base.[39m
[31m[Nest] 41956  - [39m06/10/2026 16:17:44 [31m  ERROR[39m [38;5;3m[Emargement] [39m[31mÉmargement en mode dégradé : Valkey indisponible, écriture directe en base.[39m
[31m[Nest] 41956  - [39m06/10/2026 16:17:44 [31m  ERROR[39m [38;5;3m[Emargement] [39m[31mÉmargement en mode dégradé : Valkey indisponible, écriture directe en base.[39m
[31m[Nest] 41956  - [39m06/10/2026 16:17:44 [31m  ERROR[39m [38;5;3m[Emargement] [39m[31mÉmargement en mode dégradé : Valkey indisponible, écriture directe en base.[39m
[31m[Nest] 41956  - [39m06/10/2026 16:17:44 [31m  ERROR[39m [38;5;3m[Emargement] [39m[31mÉmargement en mode dégradé : Valkey indisponible, écriture directe en base.[39m
[31m[Nest] 41956  - [39m06/10/2026 16:17:44 [31m  ERROR[39m [38;5;3m[Emargement] [39m[31mÉmargement en mode dégradé : Valkey indisponible, écriture directe en base.[39m
[31m[Nest] 41956  - [39m06/10/2026 16:17:44 [31m  ERROR[39m [38;5;3m[Emargement] [39m[31mÉmargement en mode dégradé : Valkey indisponible, écriture directe en base.[39m
[31m[Nest] 41956  - [39m06/10/2026 16:17:44 [31m  ERROR[39m [38;5;3m[Emargement] [39m[31mÉmargement en mode dégradé : Valkey indisponible, écriture directe en base.[39m
[31m[Nest] 41956  - [39m06/10/2026 16:17:44 [31m  ERROR[39m [38;5;3m[Emargement] [39m[31mÉmargement en mode dégradé : Valkey indisponible, écriture directe en base.[39m
[31m[Nest] 41956  - [39m06/10/2026 16:17:44 [31m  ERROR[39m [38;5;3m[Emargement] [39m[31mÉmargement en mode dégradé : Valkey indisponible, écriture directe en base.[39m
[31m[Nest] 41956  - [39m06/10/2026 16:17:44 [31m  ERROR[39m [38;5;3m[Emargement] [39m[31mÉmargement en mode dégradé : Valkey indisponible, écriture directe en base.[39m
[31m[Nest] 41956  - [39m06/10/2026 16:17:44 [31m  ERROR[39m [38;5;3m[Emargement] [39m[31mÉmargement en mode dégradé : Valkey indisponible, écriture directe en base.[39m
[31m[Nest] 41956  - [39m06/10/2026 16:17:44 [31m  ERROR[39m [38;5;3m[Emargement] [39m[31mÉmargement en mode dégradé : Valkey indisponible, écriture directe en base.[39m
[31m[Nest] 41956  - [39m06/10/2026 16:17:44 [31m  ERROR[39m [38;5;3m[Emargement] [39m[31mÉmargement en mode dégradé : Valkey indisponible, écriture directe en base.[39m
[31m[Nest] 41956  - [39m06/10/2026 16:17:44 [31m  ERROR[39m [38;5;3m[Emargement] [39m[31mÉmargement en mode dégradé : Valkey indisponible, écriture directe en base.[39m
[31m[Nest] 41956  - [39m06/10/2026 16:17:44 [31m  ERROR[39m [38;5;3m[Emargement] [39m[31mÉmargement en mode dégradé : Valkey indisponible, écriture directe en base.[39m
[31m[Nest] 41956  - [39m06/10/2026 16:17:44 [31m  ERROR[39m [38;5;3m[Emargement] [39m[31mÉmargement en mode dégradé : Valkey indisponible, écriture directe en base.[39m
[31m[Nest] 41956  - [39m06/10/2026 16:17:44 [31m  ERROR[39m [38;5;3m[Emargement] [39m[31mÉmargement en mode dégradé : Valkey indisponible, écriture directe en base.[39m
[31m[Nest] 41956  - [39m06/10/2026 16:17:44 [31m  ERROR[39m [38;5;3m[Emargement] [39m[31mÉmargement en mode dégradé : Valkey indisponible, écriture directe en base.[39m
[31m[Nest] 41956  - [39m06/10/2026 16:17:44 [31m  ERROR[39m [38;5;3m[Emargement] [39m[31mÉmargement en mode dégradé : Valkey indisponible, écriture directe en base.[39m
[31m[Nest] 41956  - [39m06/10/2026 16:17:44 [31m  ERROR[39m [38;5;3m[Emargement] [39m[31mÉmargement en mode dégradé : Valkey indisponible, écriture directe en base.[39m
[31m[Nest] 41956  - [39m06/10/2026 16:17:44 [31m  ERROR[39m [38;5;3m[Emargement] [39m[31mÉmargement en mode dégradé : Valkey indisponible, écriture directe en base.[39m
[31m[Nest] 41956  - [39m06/10/2026 16:17:44 [31m  ERROR[39m [38;5;3m[Emargement] [39m[31mÉmargement en mode dégradé : Valkey indisponible, écriture directe en base.[39m
[31m[Nest] 41956  - [39m06/10/2026 16:17:44 [31m  ERROR[39m [38;5;3m[Emargement] [39m[31mÉmargement en mode dégradé : Valkey indisponible, écriture directe en base.[39m
[31m[Nest] 41956  - [39m06/10/2026 16:17:45 [31m  ERROR[39m [38;5;3m[Emargement] [39m[31mÉmargement en mode dégradé : Valkey indisponible, écriture directe en base.[39m
[31m[Nest] 41956  - [39m06/10/2026 16:17:45 [31m  ERROR[39m [38;5;3m[Emargement] [39m[31mÉmargement en mode dégradé : Valkey indisponible, écriture directe en base.[39m
[31m[Nest] 41956  - [39m06/10/2026 16:17:45 [31m  ERROR[39m [38;5;3m[Emargement] [39m[31mÉmargement en mode dégradé : Valkey indisponible, écriture directe en base.[39m
[31m[Nest] 41956  - [39m06/10/2026 16:17:45 [31m  ERROR[39m [38;5;3m[Emargement] [39m[31mÉmargement en mode dégradé : Valkey indisponible, écriture directe en base.[39m
[31m[Nest] 41956  - [39m06/10/2026 16:17:45 [31m  ERROR[39m [38;5;3m[Emargement] [39m[31mÉmargement en mode dégradé : Valkey indisponible, écriture directe en base.[39m
[31m[Nest] 41956  - [39m06/10/2026 16:17:45 [31m  ERROR[39m [38;5;3m[Emargement] [39m[31mÉmargement en mode dégradé : Valkey indisponible, écriture directe en base.[39m
[31m[Nest] 41956  - [39m06/10/2026 16:17:45 [31m  ERROR[39m [38;5;3m[Emargement] [39m[31mÉmargement en mode dégradé : Valkey indisponible, écriture directe en base.[39m
[31m[Nest] 41956  - [39m06/10/2026 16:17:45 [31m  ERROR[39m [38;5;3m[Emargement] [39m[31mÉmargement en mode dégradé : Valkey indisponible, écriture directe en base.[39m
[31m[Nest] 41956  - [39m06/10/2026 16:17:45 [31m  ERROR[39m [38;5;3m[Emargement] [39m[31mÉmargement en mode dégradé : Valkey indisponible, écriture directe en base.[39m
[31m[Nest] 41956  - [39m06/10/2026 16:17:45 [31m  ERROR[39m [38;5;3m[Emargement] [39m[31mÉmargement en mode dégradé : Valkey indisponible, écriture directe en base.[39m
[31m[Nest] 41956  - [39m06/10/2026 16:17:45 [31m  ERROR[39m [38;5;3m[Emargement] [39m[31mÉmargement en mode dégradé : Valkey indisponible, écriture directe en base.[39m
[31m[Nest] 41956  - [39m06/10/2026 16:17:45 [31m  ERROR[39m [38;5;3m[Emargement] [39m[31mÉmargement en mode dégradé : Valkey indisponible, écriture directe en base.[39m
[31m[Nest] 41956  - [39m06/10/2026 16:17:45 [31m  ERROR[39m [38;5;3m[Emargement] [39m[31mÉmargement en mode dégradé : Valkey indisponible, écriture directe en base.[39m
[31m[Nest] 41956  - [39m06/10/2026 16:17:45 [31m  ERROR[39m [38;5;3m[Emargement] [39m[31mÉmargement en mode dégradé : Valkey indisponible, écriture directe en base.[39m
[31m[Nest] 41956  - [39m06/10/2026 16:17:45 [31m  ERROR[39m [38;5;3m[Emargement] [39m[31mÉmargement en mode dégradé : Valkey indisponible, écriture directe en base.[39m
[31m[Nest] 41956  - [39m06/10/2026 16:17:45 [31m  ERROR[39m [38;5;3m[Emargement] [39m[31mÉmargement en mode dégradé : Valkey indisponible, écriture directe en base.[39m
[31m[Nest] 41956  - [39m06/10/2026 16:17:45 [31m  ERROR[39m [38;5;3m[Emargement] [39m[31mÉmargement en mode dégradé : Valkey indisponible, écriture directe en base.[39m
[31m[Nest] 41956  - [39m06/10/2026 16:17:45 [31m  ERROR[39m [38;5;3m[Emargement] [39m[31mÉmargement en mode dégradé : Valkey indisponible, écriture directe en base.[39m
[31m[Nest] 41956  - [39m06/10/2026 16:17:45 [31m  ERROR[39m [38;5;3m[Emargement] [39m[31mÉmargement en mode dégradé : Valkey indisponible, écriture directe en base.[39m
[31m[Nest] 41956  - [39m06/10/2026 16:17:45 [31m  ERROR[39m [38;5;3m[Emargement] [39m[31mÉmargement en mode dégradé : Valkey indisponible, écriture directe en base.[39m
[31m[Nest] 41956  - [39m06/10/2026 16:17:45 [31m  ERROR[39m [38;5;3m[Emargement] [39m[31mÉmargement en mode dégradé : Valkey indisponible, écriture directe en base.[39m
[31m[Nest] 41956  - [39m06/10/2026 16:17:45 [31m  ERROR[39m [38;5;3m[Emargement] [39m[31mÉmargement en mode dégradé : Valkey indisponible, écriture directe en base.[39m
[31m[Nest] 41956  - [39m06/10/2026 16:17:45 [31m  ERROR[39m [38;5;3m[Emargement] [39m[31mÉmargement en mode dégradé : Valkey indisponible, écriture directe en base.[39m
[31m[Nest] 41956  - [39m06/10/2026 16:17:45 [31m  ERROR[39m [38;5;3m[Emargement] [39m[31mÉmargement en mode dégradé : Valkey indisponible, écriture directe en base.[39m
[31m[Nest] 41956  - [39m06/10/2026 16:17:45 [31m  ERROR[39m [38;5;3m[Emargement] [39m[31mÉmargement en mode dégradé : Valkey indisponible, écriture directe en base.[39m
[31m[Nest] 41956  - [39m06/10/2026 16:17:45 [31m  ERROR[39m [38;5;3m[Emargement] [39m[31mÉmargement en mode dégradé : Valkey indisponible, écriture directe en base.[39m
[31m[Nest] 41956  - [39m06/10/2026 16:17:45 [31m  ERROR[39m [38;5;3m[Emargement] [39m[31mÉmargement en mode dégradé : Valkey indisponible, écriture directe en base.[39m
[31m[Nest] 41956  - [39m06/10/2026 16:17:45 [31m  ERROR[39m [38;5;3m[Emargement] [39m[31mÉmargement en mode dégradé : Valkey indisponible, écriture directe en base.[39m
[31m[Nest] 41956  - [39m06/10/2026 16:17:45 [31m  ERROR[39m [38;5;3m[Emargement] [39m[31mÉmargement en mode dégradé : Valkey indisponible, écriture directe en base.[39m
[31m[Nest] 41956  - [39m06/10/2026 16:17:45 [31m  ERROR[39m [38;5;3m[Emargement] [39m[31mÉmargement en mode dégradé : Valkey indisponible, écriture directe en base.[39m
[31m[Nest] 41956  - [39m06/10/2026 16:17:45 [31m  ERROR[39m [38;5;3m[Emargement] [39m[31mÉmargement en mode dégradé : Valkey indisponible, écriture directe en base.[39m
[31m[Nest] 41956  - [39m06/10/2026 16:17:45 [31m  ERROR[39m [38;5;3m[Emargement] [39m[31mÉmargement en mode dégradé : Valkey indisponible, écriture directe en base.[39m
[31m[Nest] 41956  - [39m06/10/2026 16:17:45 [31m  ERROR[39m [38;5;3m[Emargement] [39m[31mÉmargement en mode dégradé : Valkey indisponible, écriture directe en base.[39m
[31m[Nest] 41956  - [39m06/10/2026 16:17:45 [31m  ERROR[39m [38;5;3m[Emargement] [39m[31mÉmargement en mode dégradé : Valkey indisponible, écriture directe en base.[39m
[31m[Nest] 41956  - [39m06/10/2026 16:17:45 [31m  ERROR[39m [38;5;3m[Emargement] [39m[31mÉmargement en mode dégradé : Valkey indisponible, écriture directe en base.[39m
[31m[Nest] 41956  - [39m06/10/2026 16:17:45 [31m  ERROR[39m [38;5;3m[Emargement] [39m[31mÉmargement en mode dégradé : Valkey indisponible, écriture directe en base.[39m
[31m[Nest] 41956  - [39m06/10/2026 16:17:45 [31m  ERROR[39m [38;5;3m[Emargement] [39m[31mÉmargement en mode dégradé : Valkey indisponible, écriture directe en base.[39m
[31m[Nest] 41956  - [39m06/10/2026 16:17:45 [31m  ERROR[39m [38;5;3m[Emargement] [39m[31mÉmargement en mode dégradé : Valkey indisponible, écriture directe en base.[39m
[31m[Nest] 41956  - [39m06/10/2026 16:17:45 [31m  ERROR[39m [38;5;3m[Emargement] [39m[31mÉmargement en mode dégradé : Valkey indisponible, écriture directe en base.[39m
[31m[Nest] 41956  - [39m06/10/2026 16:17:45 [31m  ERROR[39m [38;5;3m[Emargement] [39m[31mÉmargement en mode dégradé : Valkey indisponible, écriture directe en base.[39m
[31m[Nest] 41956  - [39m06/10/2026 16:17:45 [31m  ERROR[39m [38;5;3m[Emargement] [39m[31mÉmargement en mode dégradé : Valkey indisponible, écriture directe en base.[39m
[31m[Nest] 41956  - [39m06/10/2026 16:17:45 [31m  ERROR[39m [38;5;3m[Emargement] [39m[31mÉmargement en mode dégradé : Valkey indisponible, écriture directe en base.[39m
[31m[Nest] 41956  - [39m06/10/2026 16:17:45 [31m  ERROR[39m [38;5;3m[Emargement] [39m[31mÉmargement en mode dégradé : Valkey indisponible, écriture directe en base.[39m
[31m[Nest] 41956  - [39m06/10/2026 16:17:45 [31m  ERROR[39m [38;5;3m[Emargement] [39m[31mÉmargement en mode dégradé : Valkey indisponible, écriture directe en base.[39m
[31m[Nest] 41956  - [39m06/10/2026 16:17:45 [31m  ERROR[39m [38;5;3m[Emargement] [39m[31mÉmargement en mode dégradé : Valkey indisponible, écriture directe en base.[39m
[31m[Nest] 41956  - [39m06/10/2026 16:17:45 [31m  ERROR[39m [38;5;3m[Emargement] [39m[31mÉmargement en mode dégradé : Valkey indisponible, écriture directe en base.[39m
[31m[Nest] 41956  - [39m06/10/2026 16:17:45 [31m  ERROR[39m [38;5;3m[Emargement] [39m[31mÉmargement en mode dégradé : Valkey indisponible, écriture directe en base.[39m
[31m[Nest] 41956  - [39m06/10/2026 16:17:45 [31m  ERROR[39m [38;5;3m[Emargement] [39m[31mÉmargement en mode dégradé : Valkey indisponible, écriture directe en base.[39m
[31m[Nest] 41956  - [39m06/10/2026 16:17:45 [31m  ERROR[39m [38;5;3m[Emargement] [39m[31mÉmargement en mode dégradé : Valkey indisponible, écriture directe en base.[39m
[31m[Nest] 41956  - [39m06/10/2026 16:17:45 [31m  ERROR[39m [38;5;3m[Emargement] [39m[31mÉmargement en mode dégradé : Valkey indisponible, écriture directe en base.[39m
[31m[Nest] 41956  - [39m06/10/2026 16:17:45 [31m  ERROR[39m [38;5;3m[Emargement] [39m[31mÉmargement en mode dégradé : Valkey indisponible, écriture directe en base.[39m
[31m[Nest] 41956  - [39m06/10/2026 16:17:45 [31m  ERROR[39m [38;5;3m[Emargement] [39m[31mÉmargement en mode dégradé : Valkey indisponible, écriture directe en base.[39m
[31m[Nest] 41956  - [39m06/10/2026 16:17:45 [31m  ERROR[39m [38;5;3m[Emargement] [39m[31mÉmargement en mode dégradé : Valkey indisponible, écriture directe en base.[39m
[31m[Nest] 41956  - [39m06/10/2026 16:17:45 [31m  ERROR[39m [38;5;3m[Emargement] [39m[31mÉmargement en mode dégradé : Valkey indisponible, écriture directe en base.[39m
[31m[Nest] 41956  - [39m06/10/2026 16:17:45 [31m  ERROR[39m [38;5;3m[Emargement] [39m[31mÉmargement en mode dégradé : Valkey indisponible, écriture directe en base.[39m
[31m[Nest] 41956  - [39m06/10/2026 16:17:45 [31m  ERROR[39m [38;5;3m[Emargement] [39m[31mÉmargement en mode dégradé : Valkey indisponible, écriture directe en base.[39m
[31m[Nest] 41956  - [39m06/10/2026 16:17:45 [31m  ERROR[39m [38;5;3m[Emargement] [39m[31mÉmargement en mode dégradé : Valkey indisponible, écriture directe en base.[39m
[31m[Nest] 41956  - [39m06/10/2026 16:17:45 [31m  ERROR[39m [38;5;3m[Emargement] [39m[31mÉmargement en mode dégradé : Valkey indisponible, écriture directe en base.[39m
[31m[Nest] 41956  - [39m06/10/2026 16:17:45 [31m  ERROR[39m [38;5;3m[Emargement] [39m[31mÉmargement en mode dégradé : Valkey indisponible, écriture directe en base.[39m
[31m[Nest] 41956  - [39m06/10/2026 16:17:45 [31m  ERROR[39m [38;5;3m[Emargement] [39m[31mÉmargement en mode dégradé : Valkey indisponible, écriture directe en base.[39m
[31m[Nest] 41956  - [39m06/10/2026 16:17:45 [31m  ERROR[39m [38;5;3m[Emargement] [39m[31mÉmargement en mode dégradé : Valkey indisponible, écriture directe en base.[39m
[31m[Nest] 41956  - [39m06/10/2026 16:17:45 [31m  ERROR[39m [38;5;3m[Emargement] [39m[31mÉmargement en mode dégradé : Valkey indisponible, écriture directe en base.[39m
[31m[Nest] 41956  - [39m06/10/2026 16:17:45 [31m  ERROR[39m [38;5;3m[Emargement] [39m[31mÉmargement en mode dégradé : Valkey indisponible, écriture directe en base.[39m
[31m[Nest] 41956  - [39m06/10/2026 16:17:45 [31m  ERROR[39m [38;5;3m[Emargement] [39m[31mÉmargement en mode dégradé : Valkey indisponible, écriture directe en base.[39m
[31m[Nest] 41956  - [39m06/10/2026 16:17:45 [31m  ERROR[39m [38;5;3m[Emargement] [39m[31mÉmargement en mode dégradé : Valkey indisponible, écriture directe en base.[39m
[31m[Nest] 41956  - [39m06/10/2026 16:17:45 [31m  ERROR[39m [38;5;3m[Emargement] [39m[31mÉmargement en mode dégradé : Valkey indisponible, écriture directe en base.[39m
[31m[Nest] 41956  - [39m06/10/2026 16:17:45 [31m  ERROR[39m [38;5;3m[Emargement] [39m[31mÉmargement en mode dégradé : Valkey indisponible, écriture directe en base.[39m
[31m[Nest] 41956  - [39m06/10/2026 16:17:45 [31m  ERROR[39m [38;5;3m[Emargement] [39m[31mÉmargement en mode dégradé : Valkey indisponible, écriture directe en base.[39m
[31m[Nest] 41956  - [39m06/10/2026 16:17:45 [31m  ERROR[39m [38;5;3m[Emargement] [39m[31mÉmargement en mode dégradé : Valkey indisponible, écriture directe en base.[39m
[31m[Nest] 41956  - [39m06/10/2026 16:17:45 [31m  ERROR[39m [38;5;3m[Emargement] [39m[31mÉmargement en mode dégradé : Valkey indisponible, écriture directe en base.[39m
[31m[Nest] 41956  - [39m06/10/2026 16:17:45 [31m  ERROR[39m [38;5;3m[Emargement] [39m[31mÉmargement en mode dégradé : Valkey indisponible, écriture directe en base.[39m
[31m[Nest] 41956  - [39m06/10/2026 16:17:45 [31m  ERROR[39m [38;5;3m[Emargement] [39m[31mÉmargement en mode dégradé : Valkey indisponible, écriture directe en base.[39m
[31m[Nest] 41956  - [39m06/10/2026 16:17:45 [31m  ERROR[39m [38;5;3m[Emargement] [39m[31mÉmargement en mode dégradé : Valkey indisponible, écriture directe en base.[39m
[31m[Nest] 41956  - [39m06/10/2026 16:17:45 [31m  ERROR[39m [38;5;3m[Emargement] [39m[31mÉmargement en mode dégradé : Valkey indisponible, écriture directe en base.[39m
[31m[Nest] 41956  - [39m06/10/2026 16:17:45 [31m  ERROR[39m [38;5;3m[Emargement] [39m[31mÉmargement en mode dégradé : Valkey indisponible, écriture directe en base.[39m
[31m[Nest] 41956  - [39m06/10/2026 16:17:45 [31m  ERROR[39m [38;5;3m[Emargement] [39m[31mÉmargement en mode dégradé : Valkey indisponible, écriture directe en base.[39m
[31m[Nest] 41956  - [39m06/10/2026 16:17:45 [31m  ERROR[39m [38;5;3m[Emargement] [39m[31mÉmargement en mode dégradé : Valkey indisponible, écriture directe en base.[39m
[31m[Nest] 41956  - [39m06/10/2026 16:17:45 [31m  ERROR[39m [38;5;3m[Emargement] [39m[31mÉmargement en mode dégradé : Valkey indisponible, écriture directe en base.[39m
[31m[Nest] 41956  - [39m06/10/2026 16:17:45 [31m  ERROR[39m [38;5;3m[Emargement] [39m[31mÉmargement en mode dégradé : Valkey indisponible, écriture directe en base.[39m
[31m[Nest] 41956  - [39m06/10/2026 16:17:45 [31m  ERROR[39m [38;5;3m[Emargement] [39m[31mÉmargement en mode dégradé : Valkey indisponible, écriture directe en base.[39m
[31m[Nest] 41956  - [39m06/10/2026 16:17:45 [31m  ERROR[39m [38;5;3m[Emargement] [39m[31mÉmargement en mode dégradé : Valkey indisponible, écriture directe en base.[39m
[31m[Nest] 41956  - [39m06/10/2026 16:17:45 [31m  ERROR[39m [38;5;3m[Emargement] [39m[31mÉmargement en mode dégradé : Valkey indisponible, écriture directe en base.[39m
[31m[Nest] 41956  - [39m06/10/2026 16:17:45 [31m  ERROR[39m [38;5;3m[Emargement] [39m[31mÉmargement en mode dégradé : Valkey indisponible, écriture directe en base.[39m
[31m[Nest] 41956  - [39m06/10/2026 16:17:45 [31m  ERROR[39m [38;5;3m[Emargement] [39m[31mÉmargement en mode dégradé : Valkey indisponible, écriture directe en base.[39m
[31m[Nest] 41956  - [39m06/10/2026 16:17:45 [31m  ERROR[39m [38;5;3m[Emargement] [39m[31mÉmargement en mode dégradé : Valkey indisponible, écriture directe en base.[39m
[31m[Nest] 41956  - [39m06/10/2026 16:17:45 [31m  ERROR[39m [38;5;3m[Emargement] [39m[31mÉmargement en mode dégradé : Valkey indisponible, écriture directe en base.[39m
[31m[Nest] 41956  - [39m06/10/2026 16:17:45 [31m  ERROR[39m [38;5;3m[Emargement] [39m[31mÉmargement en mode dégradé : Valkey indisponible, écriture directe en base.[39m
[31m[Nest] 41956  - [39m06/10/2026 16:17:45 [31m  ERROR[39m [38;5;3m[Emargement] [39m[31mÉmargement en mode dégradé : Valkey indisponible, écriture directe en base.[39m
[31m[Nest] 41956  - [39m06/10/2026 16:17:45 [31m  ERROR[39m [38;5;3m[Emargement] [39m[31mÉmargement en mode dégradé : Valkey indisponible, écriture directe en base.[39m
[31m[Nest] 41956  - [39m06/10/2026 16:17:45 [31m  ERROR[39m [38;5;3m[Emargement] [39m[31mÉmargement en mode dégradé : Valkey indisponible, écriture directe en base.[39m
[31m[Nest] 41956  - [39m06/10/2026 16:17:45 [31m  ERROR[39m [38;5;3m[Emargement] [39m[31mÉmargement en mode dégradé : Valkey indisponible, écriture directe en base.[39m
[31m[Nest] 41956  - [39m06/10/2026 16:17:45 [31m  ERROR[39m [38;5;3m[Emargement] [39m[31mÉmargement en mode dégradé : Valkey indisponible, écriture directe en base.[39m
[31m[Nest] 41956  - [39m06/10/2026 16:17:45 [31m  ERROR[39m [38;5;3m[Emargement] [39m[31mÉmargement en mode dégradé : Valkey indisponible, écriture directe en base.[39m
[31m[Nest] 41956  - [39m06/10/2026 16:17:45 [31m  ERROR[39m [38;5;3m[Emargement] [39m[31mÉmargement en mode dégradé : Valkey indisponible, écriture directe en base.[39m
[31m[Nest] 41956  - [39m06/10/2026 16:17:45 [31m  ERROR[39m [38;5;3m[Emargement] [39m[31mÉmargement en mode dégradé : Valkey indisponible, écriture directe en base.[39m
[31m[Nest] 41956  - [39m06/10/2026 16:17:45 [31m  ERROR[39m [38;5;3m[Emargement] [39m[31mÉmargement en mode dégradé : Valkey indisponible, écriture directe en base.[39m
[31m[Nest] 41956  - [39m06/10/2026 16:17:45 [31m  ERROR[39m [38;5;3m[Emargement] [39m[31mÉmargement en mode dégradé : Valkey indisponible, écriture directe en base.[39m
[31m[Nest] 41956  - [39m06/10/2026 16:17:45 [31m  ERROR[39m [38;5;3m[Emargement] [39m[31mÉmargement en mode dégradé : Valkey indisponible, écriture directe en base.[39m
[31m[Nest] 41956  - [39m06/10/2026 16:17:45 [31m  ERROR[39m [38;5;3m[Emargement] [39m[31mÉmargement en mode dégradé : Valkey indisponible, écriture directe en base.[39m
[31m[Nest] 41956  - [39m06/10/2026 16:17:45 [31m  ERROR[39m [38;5;3m[Emargement] [39m[31mÉmargement en mode dégradé : Valkey indisponible, écriture directe en base.[39m
[31m[Nest] 41956  - [39m06/10/2026 16:17:45 [31m  ERROR[39m [38;5;3m[Emargement] [39m[31mÉmargement en mode dégradé : Valkey indisponible, écriture directe en base.[39m
[31m[Nest] 41956  - [39m06/10/2026 16:17:45 [31m  ERROR[39m [38;5;3m[Emargement] [39m[31mÉmargement en mode dégradé : Valkey indisponible, écriture directe en base.[39m
[31m[Nest] 41956  - [39m06/10/2026 16:17:45 [31m  ERROR[39m [38;5;3m[Emargement] [39m[31mÉmargement en mode dégradé : Valkey indisponible, écriture directe en base.[39m
[31m[Nest] 41956  - [39m06/10/2026 16:17:45 [31m  ERROR[39m [38;5;3m[Emargement] [39m[31mÉmargement en mode dégradé : Valkey indisponible, écriture directe en base.[39m
[31m[Nest] 41956  - [39m06/10/2026 16:17:45 [31m  ERROR[39m [38;5;3m[Emargement] [39m[31mÉmargement en mode dégradé : Valkey indisponible, écriture directe en base.[39m
[31m[Nest] 41956  - [39m06/10/2026 16:17:45 [31m  ERROR[39m [38;5;3m[Emargement] [39m[31mÉmargement en mode dégradé : Valkey indisponible, écriture directe en base.[39m
[31m[Nest] 41956  - [39m06/10/2026 16:17:45 [31m  ERROR[39m [38;5;3m[Emargement] [39m[31mÉmargement en mode dégradé : Valkey indisponible, écriture directe en base.[39m
[31m[Nest] 41956  - [39m06/10/2026 16:17:45 [31m  ERROR[39m [38;5;3m[Emargement] [39m[31mÉmargement en mode dégradé : Valkey indisponible, écriture directe en base.[39m
[31m[Nest] 41956  - [39m06/10/2026 16:17:45 [31m  ERROR[39m [38;5;3m[Emargement] [39m[31mÉmargement en mode dégradé : Valkey indisponible, écriture directe en base.[39m
[31m[Nest] 41956  - [39m06/10/2026 16:17:45 [31m  ERROR[39m [38;5;3m[Emargement] [39m[31mÉmargement en mode dégradé : Valkey indisponible, écriture directe en base.[39m
[31m[Nest] 41956  - [39m06/10/2026 16:17:45 [31m  ERROR[39m [38;5;3m[Emargement] [39m[31mÉmargement en mode dégradé : Valkey indisponible, écriture directe en base.[39m
[31m[Nest] 41956  - [39m06/10/2026 16:17:45 [31m  ERROR[39m [38;5;3m[Emargement] [39m[31mÉmargement en mode dégradé : Valkey indisponible, écriture directe en base.[39m
[31m[Nest] 41956  - [39m06/10/2026 16:17:46 [31m  ERROR[39m [38;5;3m[Emargement] [39m[31mÉmargement en mode dégradé : Valkey indisponible, écriture directe en base.[39m
[31m[Nest] 41956  - [39m06/10/2026 16:17:46 [31m  ERROR[39m [38;5;3m[Emargement] [39m[31mÉmargement en mode dégradé : Valkey indisponible, écriture directe en base.[39m
[31m[Nest] 41956  - [39m06/10/2026 16:17:46 [31m  ERROR[39m [38;5;3m[Emargement] [39m[31mÉmargement en mode dégradé : Valkey indisponible, écriture directe en base.[39m
[31m[Nest] 41956  - [39m06/10/2026 16:17:46 [31m  ERROR[39m [38;5;3m[Emargement] [39m[31mÉmargement en mode dégradé : Valkey indisponible, écriture directe en base.[39m
[31m[Nest] 41956  - [39m06/10/2026 16:17:46 [31m  ERROR[39m [38;5;3m[Emargement] [39m[31mÉmargement en mode dégradé : Valkey indisponible, écriture directe en base.[39m
[31m[Nest] 41956  - [39m06/10/2026 16:17:46 [31m  ERROR[39m [38;5;3m[Emargement] [39m[31mÉmargement en mode dégradé : Valkey indisponible, écriture directe en base.[39m
[31m[Nest] 41956  - [39m06/10/2026 16:17:46 [31m  ERROR[39m [38;5;3m[Emargement] [39m[31mÉmargement en mode dégradé : Valkey indisponible, écriture directe en base.[39m
[31m[Nest] 41956  - [39m06/10/2026 16:17:46 [31m  ERROR[39m [38;5;3m[Emargement] [39m[31mÉmargement en mode dégradé : Valkey indisponible, écriture directe en base.[39m
[31m[Nest] 41956  - [39m06/10/2026 16:17:46 [31m  ERROR[39m [38;5;3m[Emargement] [39m[31mÉmargement en mode dégradé : Valkey indisponible, écriture directe en base.[39m
[31m[Nest] 41956  - [39m06/10/2026 16:17:46 [31m  ERROR[39m [38;5;3m[Emargement] [39m[31mÉmargement en mode dégradé : Valkey indisponible, écriture directe en base.[39m
[31m[Nest] 41956  - [39m06/10/2026 16:17:46 [31m  ERROR[39m [38;5;3m[Emargement] [39m[31mÉmargement en mode dégradé : Valkey indisponible, écriture directe en base.[39m
[31m[Nest] 41956  - [39m06/10/2026 16:17:46 [31m  ERROR[39m [38;5;3m[Emargement] [39m[31mÉmargement en mode dégradé : Valkey indisponible, écriture directe en base.[39m
[31m[Nest] 41956  - [39m06/10/2026 16:17:46 [31m  ERROR[39m [38;5;3m[Emargement] [39m[31mÉmargement en mode dégradé : Valkey indisponible, écriture directe en base.[39m
[31m[Nest] 41956  - [39m06/10/2026 16:17:46 [31m  ERROR[39m [38;5;3m[Emargement] [39m[31mÉmargement en mode dégradé : Valkey indisponible, écriture directe en base.[39m
[31m[Nest] 41956  - [39m06/10/2026 16:17:46 [31m  ERROR[39m [38;5;3m[Emargement] [39m[31mÉmargement en mode dégradé : Valkey indisponible, écriture directe en base.[39m
[31m[Nest] 41956  - [39m06/10/2026 16:17:46 [31m  ERROR[39m [38;5;3m[Emargement] [39m[31mÉmargement en mode dégradé : Valkey indisponible, écriture directe en base.[39m
[31m[Nest] 41956  - [39m06/10/2026 16:17:46 [31m  ERROR[39m [38;5;3m[Emargement] [39m[31mÉmargement en mode dégradé : Valkey indisponible, écriture directe en base.[39m
[31m[Nest] 41956  - [39m06/10/2026 16:17:46 [31m  ERROR[39m [38;5;3m[Emargement] [39m[31mÉmargement en mode dégradé : Valkey indisponible, écriture directe en base.[39m
[31m[Nest] 41956  - [39m06/10/2026 16:17:46 [31m  ERROR[39m [38;5;3m[Emargement] [39m[31mÉmargement en mode dégradé : Valkey indisponible, écriture directe en base.[39m
[31m[Nest] 41956  - [39m06/10/2026 16:17:46 [31m  ERROR[39m [38;5;3m[Emargement] [39m[31mÉmargement en mode dégradé : Valkey indisponible, écriture directe en base.[39m
[31m[Nest] 41956  - [39m06/10/2026 16:17:46 [31m  ERROR[39m [38;5;3m[Emargement] [39m[31mÉmargement en mode dégradé : Valkey indisponible, écriture directe en base.[39m
[31m[Nest] 41956  - [39m06/10/2026 16:17:46 [31m  ERROR[39m [38;5;3m[Emargement] [39m[31mÉmargement en mode dégradé : Valkey indisponible, écriture directe en base.[39m
[31m[Nest] 41956  - [39m06/10/2026 16:17:46 [31m  ERROR[39m [38;5;3m[Emargement] [39m[31mÉmargement en mode dégradé : Valkey indisponible, écriture directe en base.[39m
[31m[Nest] 41956  - [39m06/10/2026 16:17:46 [31m  ERROR[39m [38;5;3m[Emargement] [39m[31mÉmargement en mode dégradé : Valkey indisponible, écriture directe en base.[39m
[31m[Nest] 41956  - [39m06/10/2026 16:17:46 [31m  ERROR[39m [38;5;3m[Emargement] [39m[31mÉmargement en mode dégradé : Valkey indisponible, écriture directe en base.[39m
[31m[Nest] 41956  - [39m06/10/2026 16:17:46 [31m  ERROR[39m [38;5;3m[Emargement] [39m[31mÉmargement en mode dégradé : Valkey indisponible, écriture directe en base.[39m
[31m[Nest] 41956  - [39m06/10/2026 16:17:46 [31m  ERROR[39m [38;5;3m[Emargement] [39m[31mÉmargement en mode dégradé : Valkey indisponible, écriture directe en base.[39m
[31m[Nest] 41956  - [39m06/10/2026 16:17:46 [31m  ERROR[39m [38;5;3m[Emargement] [39m[31mÉmargement en mode dégradé : Valkey indisponible, écriture directe en base.[39m
[31m[Nest] 41956  - [39m06/10/2026 16:17:46 [31m  ERROR[39m [38;5;3m[Emargement] [39m[31mÉmargement en mode dégradé : Valkey indisponible, écriture directe en base.[39m
[31m[Nest] 41956  - [39m06/10/2026 16:17:46 [31m  ERROR[39m [38;5;3m[Emargement] [39m[31mÉmargement en mode dégradé : Valkey indisponible, écriture directe en base.[39m
[31m[Nest] 41956  - [39m06/10/2026 16:17:46 [31m  ERROR[39m [38;5;3m[Emargement] [39m[31mÉmargement en mode dégradé : Valkey indisponible, écriture directe en base.[39m
[31m[Nest] 41956  - [39m06/10/2026 16:17:46 [31m  ERROR[39m [38;5;3m[Emargement] [39m[31mÉmargement en mode dégradé : Valkey indisponible, écriture directe en base.[39m
[31m[Nest] 41956  - [39m06/10/2026 16:17:46 [31m  ERROR[39m [38;5;3m[Emargement] [39m[31mÉmargement en mode dégradé : Valkey indisponible, écriture directe en base.[39m
[31m[Nest] 41956  - [39m06/10/2026 16:17:46 [31m  ERROR[39m [38;5;3m[Emargement] [39m[31mÉmargement en mode dégradé : Valkey indisponible, écriture directe en base.[39m
[31m[Nest] 41956  - [39m06/10/2026 16:17:46 [31m  ERROR[39m [38;5;3m[Emargement] [39m[31mÉmargement en mode dégradé : Valkey indisponible, écriture directe en base.[39m
[31m[Nest] 41956  - [39m06/10/2026 16:17:46 [31m  ERROR[39m [38;5;3m[Emargement] [39m[31mÉmargement en mode dégradé : Valkey indisponible, écriture directe en base.[39m
[31m[Nest] 41956  - [39m06/10/2026 16:17:46 [31m  ERROR[39m [38;5;3m[Emargement] [39m[31mÉmargement en mode dégradé : Valkey indisponible, écriture directe en base.[39m
[31m[Nest] 41956  - [39m06/10/2026 16:17:46 [31m  ERROR[39m [38;5;3m[Emargement] [39m[31mÉmargement en mode dégradé : Valkey indisponible, écriture directe en base.[39m
[31m[Nest] 41956  - [39m06/10/2026 16:17:46 [31m  ERROR[39m [38;5;3m[Emargement] [39m[31mÉmargement en mode dégradé : Valkey indisponible, écriture directe en base.[39m
[31m[Nest] 41956  - [39m06/10/2026 16:17:46 [31m  ERROR[39m [38;5;3m[Emargement] [39m[31mÉmargement en mode dégradé : Valkey indisponible, écriture directe en base.[39m
[31m[Nest] 41956  - [39m06/10/2026 16:17:46 [31m  ERROR[39m [38;5;3m[Emargement] [39m[31mÉmargement en mode dégradé : Valkey indisponible, écriture directe en base.[39m
[31m[Nest] 41956  - [39m06/10/2026 16:17:46 [31m  ERROR[39m [38;5;3m[Emargement] [39m[31mÉmargement en mode dégradé : Valkey indisponible, écriture directe en base.[39m
[31m[Nest] 41956  - [39m06/10/2026 16:17:46 [31m  ERROR[39m [38;5;3m[Emargement] [39m[31mÉmargement en mode dégradé : Valkey indisponible, écriture directe en base.[39m
[31m[Nest] 41956  - [39m06/10/2026 16:17:46 [31m  ERROR[39m [38;5;3m[Emargement] [39m[31mÉmargement en mode dégradé : Valkey indisponible, écriture directe en base.[39m
[31m[Nest] 41956  - [39m06/10/2026 16:17:46 [31m  ERROR[39m [38;5;3m[Emargement] [39m[31mÉmargement en mode dégradé : Valkey indisponible, écriture directe en base.[39m
[31m[Nest] 41956  - [39m06/10/2026 16:17:46 [31m  ERROR[39m [38;5;3m[Emargement] [39m[31mÉmargement en mode dégradé : Valkey indisponible, écriture directe en base.[39m
[31m[Nest] 41956  - [39m06/10/2026 16:17:46 [31m  ERROR[39m [38;5;3m[Emargement] [39m[31mÉmargement en mode dégradé : Valkey indisponible, écriture directe en base.[39m
[31m[Nest] 41956  - [39m06/10/2026 16:17:46 [31m  ERROR[39m [38;5;3m[Emargement] [39m[31mÉmargement en mode dégradé : Valkey indisponible, écriture directe en base.[39m
[31m[Nest] 41956  - [39m06/10/2026 16:17:46 [31m  ERROR[39m [38;5;3m[Emargement] [39m[31mÉmargement en mode dégradé : Valkey indisponible, écriture directe en base.[39m
[31m[Nest] 41956  - [39m06/10/2026 16:17:46 [31m  ERROR[39m [38;5;3m[Emargement] [39m[31mÉmargement en mode dégradé : Valkey indisponible, écriture directe en base.[39m
[31m[Nest] 41956  - [39m06/10/2026 16:17:46 [31m  ERROR[39m [38;5;3m[Emargement] [39m[31mÉmargement en mode dégradé : Valkey indisponible, écriture directe en base.[39m
[31m[Nest] 41956  - [39m06/10/2026 16:17:46 [31m  ERROR[39m [38;5;3m[Emargement] [39m[31mÉmargement en mode dégradé : Valkey indisponible, écriture directe en base.[39m
[31m[Nest] 41956  - [39m06/10/2026 16:17:46 [31m  ERROR[39m [38;5;3m[Emargement] [39m[31mÉmargement en mode dégradé : Valkey indisponible, écriture directe en base.[39m
[31m[Nest] 41956  - [39m06/10/2026 16:17:46 [31m  ERROR[39m [38;5;3m[Emargement] [39m[31mÉmargement en mode dégradé : Valkey indisponible, écriture directe en base.[39m
[31m[Nest] 41956  - [39m06/10/2026 16:17:46 [31m  ERROR[39m [38;5;3m[Emargement] [39m[31mÉmargement en mode dégradé : Valkey indisponible, écriture directe en base.[39m
[31m[Nest] 41956  - [39m06/10/2026 16:17:46 [31m  ERROR[39m [38;5;3m[Emargement] [39m[31mÉmargement en mode dégradé : Valkey indisponible, écriture directe en base.[39m
[31m[Nest] 41956  - [39m06/10/2026 16:17:46 [31m  ERROR[39m [38;5;3m[Emargement] [39m[31mÉmargement en mode dégradé : Valkey indisponible, écriture directe en base.[39m
[31m[Nest] 41956  - [39m06/10/2026 16:17:46 [31m  ERROR[39m [38;5;3m[Emargement] [39m[31mÉmargement en mode dégradé : Valkey indisponible, écriture directe en base.[39m
[31m[Nest] 41956  - [39m06/10/2026 16:17:46 [31m  ERROR[39m [38;5;3m[Emargement] [39m[31mÉmargement en mode dégradé : Valkey indisponible, écriture directe en base.[39m
[31m[Nest] 41956  - [39m06/10/2026 16:17:46 [31m  ERROR[39m [38;5;3m[Emargement] [39m[31mÉmargement en mode dégradé : Valkey indisponible, écriture directe en base.[39m
[31m[Nest] 41956  - [39m06/10/2026 16:17:46 [31m  ERROR[39m [38;5;3m[Emargement] [39m[31mÉmargement en mode dégradé : Valkey indisponible, écriture directe en base.[39m
[31m[Nest] 41956  - [39m06/10/2026 16:17:46 [31m  ERROR[39m [38;5;3m[Emargement] [39m[31mÉmargement en mode dégradé : Valkey indisponible, écriture directe en base.[39m
[31m[Nest] 41956  - [39m06/10/2026 16:17:46 [31m  ERROR[39m [38;5;3m[Emargement] [39m[31mÉmargement en mode dégradé : Valkey indisponible, écriture directe en base.[39m
[31m[Nest] 41956  - [39m06/10/2026 16:17:46 [31m  ERROR[39m [38;5;3m[Emargement] [39m[31mÉmargement en mode dégradé : Valkey indisponible, écriture directe en base.[39m
[31m[Nest] 41956  - [39m06/10/2026 16:17:46 [31m  ERROR[39m [38;5;3m[Emargement] [39m[31mÉmargement en mode dégradé : Valkey indisponible, écriture directe en base.[39m
[31m[Nest] 41956  - [39m06/10/2026 16:17:46 [31m  ERROR[39m [38;5;3m[Emargement] [39m[31mÉmargement en mode dégradé : Valkey indisponible, écriture directe en base.[39m
[31m[Nest] 41956  - [39m06/10/2026 16:17:46 [31m  ERROR[39m [38;5;3m[Emargement] [39m[31mÉmargement en mode dégradé : Valkey indisponible, écriture directe en base.[39m
[31m[Nest] 41956  - [39m06/10/2026 16:17:46 [31m  ERROR[39m [38;5;3m[Emargement] [39m[31mÉmargement en mode dégradé : Valkey indisponible, écriture directe en base.[39m
[31m[Nest] 41956  - [39m06/10/2026 16:17:46 [31m  ERROR[39m [38;5;3m[Emargement] [39m[31mÉmargement en mode dégradé : Valkey indisponible, écriture directe en base.[39m
[31m[Nest] 41956  - [39m06/10/2026 16:17:46 [31m  ERROR[39m [38;5;3m[Emargement] [39m[31mÉmargement en mode dégradé : Valkey indisponible, écriture directe en base.[39m
[31m[Nest] 41956  - [39m06/10/2026 16:17:46 [31m  ERROR[39m [38;5;3m[Emargement] [39m[31mÉmargement en mode dégradé : Valkey indisponible, écriture directe en base.[39m
[31m[Nest] 41956  - [39m06/10/2026 16:17:46 [31m  ERROR[39m [38;5;3m[Emargement] [39m[31mÉmargement en mode dégradé : Valkey indisponible, écriture directe en base.[39m
[31m[Nest] 41956  - [39m06/10/2026 16:17:46 [31m  ERROR[39m [38;5;3m[Emargement] [39m[31mÉmargement en mode dégradé : Valkey indisponible, écriture directe en base.[39m
[31m[Nest] 41956  - [39m06/10/2026 16:17:46 [31m  ERROR[39m [38;5;3m[Emargement] [39m[31mÉmargement en mode dégradé : Valkey indisponible, écriture directe en base.[39m
[31m[Nest] 41956  - [39m06/10/2026 16:17:46 [31m  ERROR[39m [38;5;3m[Emargement] [39m[31mÉmargement en mode dégradé : Valkey indisponible, écriture directe en base.[39m
[31m[Nest] 41956  - [39m06/10/2026 16:17:46 [31m  ERROR[39m [38;5;3m[Emargement] [39m[31mÉmargement en mode dégradé : Valkey indisponible, écriture directe en base.[39m
[31m[Nest] 41956  - [39m06/10/2026 16:17:46 [31m  ERROR[39m [38;5;3m[Emargement] [39m[31mÉmargement en mode dégradé : Valkey indisponible, écriture directe en base.[39m
[31m[Nest] 41956  - [39m06/10/2026 16:17:46 [31m  ERROR[39m [38;5;3m[Emargement] [39m[31mÉmargement en mode dégradé : Valkey indisponible, écriture directe en base.[39m
[31m[Nest] 41956  - [39m06/10/2026 16:17:46 [31m  ERROR[39m [38;5;3m[Emargement] [39m[31mÉmargement en mode dégradé : Valkey indisponible, écriture directe en base.[39m
[31m[Nest] 41956  - [39m06/10/2026 16:17:46 [31m  ERROR[39m [38;5;3m[Emargement] [39m[31mÉmargement en mode dégradé : Valkey indisponible, écriture directe en base.[39m
[31m[Nest] 41956  - [39m06/10/2026 16:17:46 [31m  ERROR[39m [38;5;3m[Emargement] [39m[31mÉmargement en mode dégradé : Valkey indisponible, écriture directe en base.[39m
[31m[Nest] 41956  - [39m06/10/2026 16:17:46 [31m  ERROR[39m [38;5;3m[Emargement] [39m[31mÉmargement en mode dégradé : Valkey indisponible, écriture directe en base.[39m
[31m[Nest] 41956  - [39m06/10/2026 16:17:46 [31m  ERROR[39m [38;5;3m[Emargement] [39m[31mÉmargement en mode dégradé : Valkey indisponible, écriture directe en base.[39m
[31m[Nest] 41956  - [39m06/10/2026 16:17:46 [31m  ERROR[39m [38;5;3m[Emargement] [39m[31mÉmargement en mode dégradé : Valkey indisponible, écriture directe en base.[39m
[31m[Nest] 41956  - [39m06/10/2026 16:17:47 [31m  ERROR[39m [38;5;3m[Emargement] [39m[31mÉmargement en mode dégradé : Valkey indisponible, écriture directe en base.[39m
[31m[Nest] 41956  - [39m06/10/2026 16:17:47 [31m  ERROR[39m [38;5;3m[Emargement] [39m[31mÉmargement en mode dégradé : Valkey indisponible, écriture directe en base.[39m
[31m[Nest] 41956  - [39m06/10/2026 16:17:47 [31m  ERROR[39m [38;5;3m[Emargement] [39m[31mÉmargement en mode dégradé : Valkey indisponible, écriture directe en base.[39m
[31m[Nest] 41956  - [39m06/10/2026 16:17:47 [31m  ERROR[39m [38;5;3m[Emargement] [39m[31mÉmargement en mode dégradé : Valkey indisponible, écriture directe en base.[39m
[31m[Nest] 41956  - [39m06/10/2026 16:17:47 [31m  ERROR[39m [38;5;3m[Emargement] [39m[31mÉmargement en mode dégradé : Valkey indisponible, écriture directe en base.[39m
[31m[Nest] 41956  - [39m06/10/2026 16:17:47 [31m  ERROR[39m [38;5;3m[Emargement] [39m[31mÉmargement en mode dégradé : Valkey indisponible, écriture directe en base.[39m
[31m[Nest] 41956  - [39m06/10/2026 16:17:47 [31m  ERROR[39m [38;5;3m[Emargement] [39m[31mÉmargement en mode dégradé : Valkey indisponible, écriture directe en base.[39m
[31m[Nest] 41956  - [39m06/10/2026 16:17:47 [31m  ERROR[39m [38;5;3m[Emargement] [39m[31mÉmargement en mode dégradé : Valkey indisponible, écriture directe en base.[39m
[31m[Nest] 41956  - [39m06/10/2026 16:17:47 [31m  ERROR[39m [38;5;3m[Emargement] [39m[31mÉmargement en mode dégradé : Valkey indisponible, écriture directe en base.[39m
[31m[Nest] 41956  - [39m06/10/2026 16:17:47 [31m  ERROR[39m [38;5;3m[Emargement] [39m[31mÉmargement en mode dégradé : Valkey indisponible, écriture directe en base.[39m
[31m[Nest] 41956  - [39m06/10/2026 16:17:47 [31m  ERROR[39m [38;5;3m[Emargement] [39m[31mÉmargement en mode dégradé : Valkey indisponible, écriture directe en base.[39m
[31m[Nest] 41956  - [39m06/10/2026 16:17:47 [31m  ERROR[39m [38;5;3m[Emargement] [39m[31mÉmargement en mode dégradé : Valkey indisponible, écriture directe en base.[39m
[31m[Nest] 41956  - [39m06/10/2026 16:17:47 [31m  ERROR[39m [38;5;3m[Emargement] [39m[31mÉmargement en mode dégradé : Valkey indisponible, écriture directe en base.[39m
[31m[Nest] 41956  - [39m06/10/2026 16:17:47 [31m  ERROR[39m [38;5;3m[Emargement] [39m[31mÉmargement en mode dégradé : Valkey indisponible, écriture directe en base.[39m
[31m[Nest] 41956  - [39m06/10/2026 16:17:47 [31m  ERROR[39m [38;5;3m[Emargement] [39m[31mÉmargement en mode dégradé : Valkey indisponible, écriture directe en base.[39m
[31m[Nest] 41956  - [39m06/10/2026 16:17:47 [31m  ERROR[39m [38;5;3m[Emargement] [39m[31mÉmargement en mode dégradé : Valkey indisponible, écriture directe en base.[39m
[31m[Nest] 41956  - [39m06/10/2026 16:17:47 [31m  ERROR[39m [38;5;3m[Emargement] [39m[31mÉmargement en mode dégradé : Valkey indisponible, écriture directe en base.[39m
[31m[Nest] 41956  - [39m06/10/2026 16:17:47 [31m  ERROR[39m [38;5;3m[Emargement] [39m[31mÉmargement en mode dégradé : Valkey indisponible, écriture directe en base.[39m
[31m[Nest] 41956  - [39m06/10/2026 16:17:47 [31m  ERROR[39m [38;5;3m[Emargement] [39m[31mÉmargement en mode dégradé : Valkey indisponible, écriture directe en base.[39m
[31m[Nest] 41956  - [39m06/10/2026 16:17:47 [31m  ERROR[39m [38;5;3m[Emargement] [39m[31mÉmargement en mode dégradé : Valkey indisponible, écriture directe en base.[39m
[31m[Nest] 41956  - [39m06/10/2026 16:17:47 [31m  ERROR[39m [38;5;3m[Emargement] [39m[31mÉmargement en mode dégradé : Valkey indisponible, écriture directe en base.[39m
[31m[Nest] 41956  - [39m06/10/2026 16:17:47 [31m  ERROR[39m [38;5;3m[Emargement] [39m[31mÉmargement en mode dégradé : Valkey indisponible, écriture directe en base.[39m
[ioredis] Unhandled error event: AggregateError [ECONNREFUSED]: 
    at internalConnectMultiple (node:net:1194:18)
    at afterConnectMultiple (node:net:1784:7)
[31m[Nest] 41956  - [39m06/10/2026 16:17:48 [31m  ERROR[39m [38;5;3m[Emargement] [39m[31mÉmargement en mode dégradé : Valkey indisponible, écriture directe en base.[39m
[31m[Nest] 41956  - [39m06/10/2026 16:17:48 [31m  ERROR[39m [38;5;3m[Emargement] [39m[31mÉmargement en mode dégradé : Valkey indisponible, écriture directe en base.[39m
[31m[Nest] 41956  - [39m06/10/2026 16:17:48 [31m  ERROR[39m [38;5;3m[Emargement] [39m[31mÉmargement en mode dégradé : Valkey indisponible, écriture directe en base.[39m
[31m[Nest] 41956  - [39m06/10/2026 16:17:48 [31m  ERROR[39m [38;5;3m[Emargement] [39m[31mÉmargement en mode dégradé : Valkey indisponible, écriture directe en base.[39m
[31m[Nest] 41956  - [39m06/10/2026 16:17:48 [31m  ERROR[39m [38;5;3m[Emargement] [39m[31mÉmargement en mode dégradé : Valkey indisponible, écriture directe en base.[39m
[31m[Nest] 41956  - [39m06/10/2026 16:17:48 [31m  ERROR[39m [38;5;3m[Emargement] [39m[31mÉmargement en mode dégradé : Valkey indisponible, écriture directe en base.[39m
[31m[Nest] 41956  - [39m06/10/2026 16:17:48 [31m  ERROR[39m [38;5;3m[Emargement] [39m[31mÉmargement en mode dégradé : Valkey indisponible, écriture directe en base.[39m
[31m[Nest] 41956  - [39m06/10/2026 16:17:50 [31m  ERROR[39m [38;5;3m[Emargement] [39m[31mÉmargement en mode dégradé : Valkey indisponible, écriture directe en base.[39m
[31m[Nest] 41956  - [39m06/10/2026 16:17:50 [31m  ERROR[39m [38;5;3m[Emargement] [39m[31mÉmargement en mode dégradé : Valkey indisponible, écriture directe en base.[39m
[31m[Nest] 41956  - [39m06/10/2026 16:17:50 [31m  ERROR[39m [38;5;3m[Emargement] [39m[31mÉmargement en mode dégradé : Valkey indisponible, écriture directe en base.[39m
[31m[Nest] 41956  - [39m06/10/2026 16:17:50 [31m  ERROR[39m [38;5;3m[Emargement] [39m[31mÉmargement en mode dégradé : Valkey indisponible, écriture directe en base.[39m
[31m[Nest] 41956  - [39m06/10/2026 16:17:51 [31m  ERROR[39m [38;5;3m[Emargement] [39m[31mÉmargement en mode dégradé : Valkey indisponible, écriture directe en base.[39m
[31m[Nest] 41956  - [39m06/10/2026 16:17:51 [31m  ERROR[39m [38;5;3m[Emargement] [39m[31mÉmargement en mode dégradé : Valkey indisponible, écriture directe en base.[39m
[31m[Nest] 41956  - [39m06/10/2026 16:17:51 [31m  ERROR[39m [38;5;3m[Emargement] [39m[31mÉmargement en mode dégradé : Valkey indisponible, écriture directe en base.[39m
[31m[Nest] 41956  - [39m06/10/2026 16:17:51 [31m  ERROR[39m [38;5;3m[Emargement] [39m[31mÉmargement en mode dégradé : Valkey indisponible, écriture directe en base.[39m
[31m[Nest] 41956  - [39m06/10/2026 16:17:51 [31m  ERROR[39m [38;5;3m[Emargement] [39m[31mÉmargement en mode dégradé : Valkey indisponible, écriture directe en base.[39m
[31m[Nest] 41956  - [39m06/10/2026 16:17:51 [31m  ERROR[39m [38;5;3m[Emargement] [39m[31mÉmargement en mode dégradé : Valkey indisponible, écriture directe en base.[39m
[31m[Nest] 41956  - [39m06/10/2026 16:17:51 [31m  ERROR[39m [38;5;3m[Emargement] [39m[31mÉmargement en mode dégradé : Valkey indisponible, écriture directe en base.[39m
[31m[Nest] 41956  - [39m06/10/2026 16:17:51 [31m  ERROR[39m [38;5;3m[Emargement] [39m[31mÉmargement en mode dégradé : Valkey indisponible, écriture directe en base.[39m
[31m[Nest] 41956  - [39m06/10/2026 16:17:51 [31m  ERROR[39m [38;5;3m[Emargement] [39m[31mÉmargement en mode dégradé : Valkey indisponible, écriture directe en base.[39m
[31m[Nest] 41956  - [39m06/10/2026 16:17:51 [31m  ERROR[39m [38;5;3m[Emargement] [39m[31mÉmargement en mode dégradé : Valkey indisponible, écriture directe en base.[39m
[31m[Nest] 41956  - [39m06/10/2026 16:17:51 [31m  ERROR[39m [38;5;3m[Emargement] [39m[31mÉmargement en mode dégradé : Valkey indisponible, écriture directe en base.[39m
[31m[Nest] 41956  - [39m06/10/2026 16:17:51 [31m  ERROR[39m [38;5;3m[Emargement] [39m[31mÉmargement en mode dégradé : Valkey indisponible, écriture directe en base.[39m
[31m[Nest] 41956  - [39m06/10/2026 16:17:51 [31m  ERROR[39m [38;5;3m[Emargement] [39m[31mÉmargement en mode dégradé : Valkey indisponible, écriture directe en base.[39m
[31m[Nest] 41956  - [39m06/10/2026 16:17:51 [31m  ERROR[39m [38;5;3m[Emargement] [39m[31mÉmargement en mode dégradé : Valkey indisponible, écriture directe en base.[39m
[31m[Nest] 41956  - [39m06/10/2026 16:17:51 [31m  ERROR[39m [38;5;3m[Emargement] [39m[31mÉmargement en mode dégradé : Valkey indisponible, écriture directe en base.[39m
[31m[Nest] 41956  - [39m06/10/2026 16:17:51 [31m  ERROR[39m [38;5;3m[Emargement] [39m[31mÉmargement en mode dégradé : Valkey indisponible, écriture directe en base.[39m
[31m[Nest] 41956  - [39m06/10/2026 16:17:51 [31m  ERROR[39m [38;5;3m[Emargement] [39m[31mÉmargement en mode dégradé : Valkey indisponible, écriture directe en base.[39m
[31m[Nest] 41956  - [39m06/10/2026 16:17:51 [31m  ERROR[39m [38;5;3m[Emargement] [39m[31mÉmargement en mode dégradé : Valkey indisponible, écriture directe en base.[39m
[31m[Nest] 41956  - [39m06/10/2026 16:17:51 [31m  ERROR[39m [38;5;3m[Emargement] [39m[31mÉmargement en mode dégradé : Valkey indisponible, écriture directe en base.[39m
[31m[Nest] 41956  - [39m06/10/2026 16:17:51 [31m  ERROR[39m [38;5;3m[Emargement] [39m[31mÉmargement en mode dégradé : Valkey indisponible, écriture directe en base.[39m
[31m[Nest] 41956  - [39m06/10/2026 16:17:51 [31m  ERROR[39m [38;5;3m[Emargement] [39m[31mÉmargement en mode dégradé : Valkey indisponible, écriture directe en base.[39m
[31m[Nest] 41956  - [39m06/10/2026 16:17:51 [31m  ERROR[39m [38;5;3m[Emargement] [39m[31mÉmargement en mode dégradé : Valkey indisponible, écriture directe en base.[39m
[31m[Nest] 41956  - [39m06/10/2026 16:17:51 [31m  ERROR[39m [38;5;3m[Emargement] [39m[31mÉmargement en mode dégradé : Valkey indisponible, écriture directe en base.[39m
[31m[Nest] 41956  - [39m06/10/2026 16:17:51 [31m  ERROR[39m [38;5;3m[Emargement] [39m[31mÉmargement en mode dégradé : Valkey indisponible, écriture directe en base.[39m
[31m[Nest] 41956  - [39m06/10/2026 16:17:51 [31m  ERROR[39m [38;5;3m[Emargement] [39m[31mÉmargement en mode dégradé : Valkey indisponible, écriture directe en base.[39m
[31m[Nest] 41956  - [39m06/10/2026 16:17:51 [31m  ERROR[39m [38;5;3m[Emargement] [39m[31mÉmargement en mode dégradé : Valkey indisponible, écriture directe en base.[39m
[31m[Nest] 41956  - [39m06/10/2026 16:17:51 [31m  ERROR[39m [38;5;3m[Emargement] [39m[31mÉmargement en mode dégradé : Valkey indisponible, écriture directe en base.[39m
[31m[Nest] 41956  - [39m06/10/2026 16:17:51 [31m  ERROR[39m [38;5;3m[Emargement] [39m[31mÉmargement en mode dégradé : Valkey indisponible, écriture directe en base.[39m
[31m[Nest] 41956  - [39m06/10/2026 16:17:51 [31m  ERROR[39m [38;5;3m[Emargement] [39m[31mÉmargement en mode dégradé : Valkey indisponible, écriture directe en base.[39m
[31m[Nest] 41956  - [39m06/10/2026 16:17:51 [31m  ERROR[39m [38;5;3m[Emargement] [39m[31mÉmargement en mode dégradé : Valkey indisponible, écriture directe en base.[39m
[31m[Nest] 41956  - [39m06/10/2026 16:17:51 [31m  ERROR[39m [38;5;3m[Emargement] [39m[31mÉmargement en mode dégradé : Valkey indisponible, écriture directe en base.[39m
[31m[Nest] 41956  - [39m06/10/2026 16:17:51 [31m  ERROR[39m [38;5;3m[Emargement] [39m[31mÉmargement en mode dégradé : Valkey indisponible, écriture directe en base.[39m
[31m[Nest] 41956  - [39m06/10/2026 16:17:51 [31m  ERROR[39m [38;5;3m[Emargement] [39m[31mÉmargement en mode dégradé : Valkey indisponible, écriture directe en base.[39m
[31m[Nest] 41956  - [39m06/10/2026 16:17:51 [31m  ERROR[39m [38;5;3m[Emargement] [39m[31mÉmargement en mode dégradé : Valkey indisponible, écriture directe en base.[39m
[31m[Nest] 41956  - [39m06/10/2026 16:17:51 [31m  ERROR[39m [38;5;3m[Emargement] [39m[31mÉmargement en mode dégradé : Valkey indisponible, écriture directe en base.[39m
[31m[Nest] 41956  - [39m06/10/2026 16:17:51 [31m  ERROR[39m [38;5;3m[Emargement] [39m[31mÉmargement en mode dégradé : Valkey indisponible, écriture directe en base.[39m
[31m[Nest] 41956  - [39m06/10/2026 16:17:51 [31m  ERROR[39m [38;5;3m[Emargement] [39m[31mÉmargement en mode dégradé : Valkey indisponible, écriture directe en base.[39m
[31m[Nest] 41956  - [39m06/10/2026 16:17:51 [31m  ERROR[39m [38;5;3m[Emargement] [39m[31mÉmargement en mode dégradé : Valkey indisponible, écriture directe en base.[39m
[31m[Nest] 41956  - [39m06/10/2026 16:17:51 [31m  ERROR[39m [38;5;3m[Emargement] [39m[31mÉmargement en mode dégradé : Valkey indisponible, écriture directe en base.[39m
[31m[Nest] 41956  - [39m06/10/2026 16:17:51 [31m  ERROR[39m [38;5;3m[Emargement] [39m[31mÉmargement en mode dégradé : Valkey indisponible, écriture directe en base.[39m
[31m[Nest] 41956  - [39m06/10/2026 16:17:51 [31m  ERROR[39m [38;5;3m[Emargement] [39m[31mÉmargement en mode dégradé : Valkey indisponible, écriture directe en base.[39m
[31m[Nest] 41956  - [39m06/10/2026 16:17:51 [31m  ERROR[39m [38;5;3m[Emargement] [39m[31mÉmargement en mode dégradé : Valkey indisponible, écriture directe en base.[39m
[31m[Nest] 41956  - [39m06/10/2026 16:17:51 [31m  ERROR[39m [38;5;3m[Emargement] [39m[31mÉmargement en mode dégradé : Valkey indisponible, écriture directe en base.[39m
[31m[Nest] 41956  - [39m06/10/2026 16:17:51 [31m  ERROR[39m [38;5;3m[Emargement] [39m[31mÉmargement en mode dégradé : Valkey indisponible, écriture directe en base.[39m
[31m[Nest] 41956  - [39m06/10/2026 16:17:51 [31m  ERROR[39m [38;5;3m[Emargement] [39m[31mÉmargement en mode dégradé : Valkey indisponible, écriture directe en base.[39m
[31m[Nest] 41956  - [39m06/10/2026 16:17:51 [31m  ERROR[39m [38;5;3m[Emargement] [39m[31mÉmargement en mode dégradé : Valkey indisponible, écriture directe en base.[39m
[31m[Nest] 41956  - [39m06/10/2026 16:17:51 [31m  ERROR[39m [38;5;3m[Emargement] [39m[31mÉmargement en mode dégradé : Valkey indisponible, écriture directe en base.[39m
[31m[Nest] 41956  - [39m06/10/2026 16:17:51 [31m  ERROR[39m [38;5;3m[Emargement] [39m[31mÉmargement en mode dégradé : Valkey indisponible, écriture directe en base.[39m
[31m[Nest] 41956  - [39m06/10/2026 16:17:51 [31m  ERROR[39m [38;5;3m[Emargement] [39m[31mÉmargement en mode dégradé : Valkey indisponible, écriture directe en base.[39m
[31m[Nest] 41956  - [39m06/10/2026 16:17:51 [31m  ERROR[39m [38;5;3m[Emargement] [39m[31mÉmargement en mode dégradé : Valkey indisponible, écriture directe en base.[39m
[31m[Nest] 41956  - [39m06/10/2026 16:17:51 [31m  ERROR[39m [38;5;3m[Emargement] [39m[31mÉmargement en mode dégradé : Valkey indisponible, écriture directe en base.[39m
[31m[Nest] 41956  - [39m06/10/2026 16:17:51 [31m  ERROR[39m [38;5;3m[Emargement] [39m[31mÉmargement en mode dégradé : Valkey indisponible, écriture directe en base.[39m
[31m[Nest] 41956  - [39m06/10/2026 16:17:51 [31m  ERROR[39m [38;5;3m[Emargement] [39m[31mÉmargement en mode dégradé : Valkey indisponible, écriture directe en base.[39m
[31m[Nest] 41956  - [39m06/10/2026 16:17:51 [31m  ERROR[39m [38;5;3m[Emargement] [39m[31mÉmargement en mode dégradé : Valkey indisponible, écriture directe en base.[39m
[31m[Nest] 41956  - [39m06/10/2026 16:17:51 [31m  ERROR[39m [38;5;3m[Emargement] [39m[31mÉmargement en mode dégradé : Valkey indisponible, écriture directe en base.[39m
[31m[Nest] 41956  - [39m06/10/2026 16:17:51 [31m  ERROR[39m [38;5;3m[Emargement] [39m[31mÉmargement en mode dégradé : Valkey indisponible, écriture directe en base.[39m
[31m[Nest] 41956  - [39m06/10/2026 16:17:51 [31m  ERROR[39m [38;5;3m[Emargement] [39m[31mÉmargement en mode dégradé : Valkey indisponible, écriture directe en base.[39m
[31m[Nest] 41956  - [39m06/10/2026 16:17:51 [31m  ERROR[39m [38;5;3m[Emargement] [39m[31mÉmargement en mode dégradé : Valkey indisponible, écriture directe en base.[39m
[31m[Nest] 41956  - [39m06/10/2026 16:17:51 [31m  ERROR[39m [38;5;3m[Emargement] [39m[31mÉmargement en mode dégradé : Valkey indisponible, écriture directe en base.[39m
[31m[Nest] 41956  - [39m06/10/2026 16:17:51 [31m  ERROR[39m [38;5;3m[Emargement] [39m[31mÉmargement en mode dégradé : Valkey indisponible, écriture directe en base.[39m
[31m[Nest] 41956  - [39m06/10/2026 16:17:51 [31m  ERROR[39m [38;5;3m[Emargement] [39m[31mÉmargement en mode dégradé : Valkey indisponible, écriture directe en base.[39m
[31m[Nest] 41956  - [39m06/10/2026 16:17:51 [31m  ERROR[39m [38;5;3m[Emargement] [39m[31mÉmargement en mode dégradé : Valkey indisponible, écriture directe en base.[39m
[31m[Nest] 41956  - [39m06/10/2026 16:17:51 [31m  ERROR[39m [38;5;3m[Emargement] [39m[31mÉmargement en mode dégradé : Valkey indisponible, écriture directe en base.[39m
[31m[Nest] 41956  - [39m06/10/2026 16:17:51 [31m  ERROR[39m [38;5;3m[Emargement] [39m[31mÉmargement en mode dégradé : Valkey indisponible, écriture directe en base.[39m
[31m[Nest] 41956  - [39m06/10/2026 16:17:51 [31m  ERROR[39m [38;5;3m[Emargement] [39m[31mÉmargement en mode dégradé : Valkey indisponible, écriture directe en base.[39m
[31m[Nest] 41956  - [39m06/10/2026 16:17:51 [31m  ERROR[39m [38;5;3m[Emargement] [39m[31mÉmargement en mode dégradé : Valkey indisponible, écriture directe en base.[39m
[31m[Nest] 41956  - [39m06/10/2026 16:17:51 [31m  ERROR[39m [38;5;3m[Emargement] [39m[31mÉmargement en mode dégradé : Valkey indisponible, écriture directe en base.[39m
[31m[Nest] 41956  - [39m06/10/2026 16:17:51 [31m  ERROR[39m [38;5;3m[Emargement] [39m[31mÉmargement en mode dégradé : Valkey indisponible, écriture directe en base.[39m
[31m[Nest] 41956  - [39m06/10/2026 16:17:51 [31m  ERROR[39m [38;5;3m[Emargement] [39m[31mÉmargement en mode dégradé : Valkey indisponible, écriture directe en base.[39m
[31m[Nest] 41956  - [39m06/10/2026 16:17:51 [31m  ERROR[39m [38;5;3m[Emargement] [39m[31mÉmargement en mode dégradé : Valkey indisponible, écriture directe en base.[39m
[31m[Nest] 41956  - [39m06/10/2026 16:17:51 [31m  ERROR[39m [38;5;3m[Emargement] [39m[31mÉmargement en mode dégradé : Valkey indisponible, écriture directe en base.[39m
[31m[Nest] 41956  - [39m06/10/2026 16:17:51 [31m  ERROR[39m [38;5;3m[Emargement] [39m[31mÉmargement en mode dégradé : Valkey indisponible, écriture directe en base.[39m
[31m[Nest] 41956  - [39m06/10/2026 16:17:51 [31m  ERROR[39m [38;5;3m[Emargement] [39m[31mÉmargement en mode dégradé : Valkey indisponible, écriture directe en base.[39m
[31m[Nest] 41956  - [39m06/10/2026 16:17:51 [31m  ERROR[39m [38;5;3m[Emargement] [39m[31mÉmargement en mode dégradé : Valkey indisponible, écriture directe en base.[39m
[31m[Nest] 41956  - [39m06/10/2026 16:17:51 [31m  ERROR[39m [38;5;3m[Emargement] [39m[31mÉmargement en mode dégradé : Valkey indisponible, écriture directe en base.[39m
[31m[Nest] 41956  - [39m06/10/2026 16:17:51 [31m  ERROR[39m [38;5;3m[Emargement] [39m[31mÉmargement en mode dégradé : Valkey indisponible, écriture directe en base.[39m
[31m[Nest] 41956  - [39m06/10/2026 16:17:51 [31m  ERROR[39m [38;5;3m[Emargement] [39m[31mÉmargement en mode dégradé : Valkey indisponible, écriture directe en base.[39m
[31m[Nest] 41956  - [39m06/10/2026 16:17:51 [31m  ERROR[39m [38;5;3m[Emargement] [39m[31mÉmargement en mode dégradé : Valkey indisponible, écriture directe en base.[39m
[31m[Nest] 41956  - [39m06/10/2026 16:17:51 [31m  ERROR[39m [38;5;3m[Emargement] [39m[31mÉmargement en mode dégradé : Valkey indisponible, écriture directe en base.[39m
[31m[Nest] 41956  - [39m06/10/2026 16:17:51 [31m  ERROR[39m [38;5;3m[Emargement] [39m[31mÉmargement en mode dégradé : Valkey indisponible, écriture directe en base.[39m
[31m[Nest] 41956  - [39m06/10/2026 16:17:51 [31m  ERROR[39m [38;5;3m[Emargement] [39m[31mÉmargement en mode dégradé : Valkey indisponible, écriture directe en base.[39m
[31m[Nest] 41956  - [39m06/10/2026 16:17:51 [31m  ERROR[39m [38;5;3m[Emargement] [39m[31mÉmargement en mode dégradé : Valkey indisponible, écriture directe en base.[39m
[31m[Nest] 41956  - [39m06/10/2026 16:17:51 [31m  ERROR[39m [38;5;3m[Emargement] [39m[31mÉmargement en mode dégradé : Valkey indisponible, écriture directe en base.[39m
[31m[Nest] 41956  - [39m06/10/2026 16:17:51 [31m  ERROR[39m [38;5;3m[Emargement] [39m[31mÉmargement en mode dégradé : Valkey indisponible, écriture directe en base.[39m
[31m[Nest] 41956  - [39m06/10/2026 16:17:51 [31m  ERROR[39m [38;5;3m[Emargement] [39m[31mÉmargement en mode dégradé : Valkey indisponible, écriture directe en base.[39m
[31m[Nest] 41956  - [39m06/10/2026 16:17:51 [31m  ERROR[39m [38;5;3m[Emargement] [39m[31mÉmargement en mode dégradé : Valkey indisponible, écriture directe en base.[39m
[31m[Nest] 41956  - [39m06/10/2026 16:17:51 [31m  ERROR[39m [38;5;3m[Emargement] [39m[31mÉmargement en mode dégradé : Valkey indisponible, écriture directe en base.[39m
[31m[Nest] 41956  - [39m06/10/2026 16:17:51 [31m  ERROR[39m [38;5;3m[Emargement] [39m[31mÉmargement en mode dégradé : Valkey indisponible, écriture directe en base.[39m
[31m[Nest] 41956  - [39m06/10/2026 16:17:51 [31m  ERROR[39m [38;5;3m[Emargement] [39m[31mÉmargement en mode dégradé : Valkey indisponible, écriture directe en base.[39m
[31m[Nest] 41956  - [39m06/10/2026 16:17:51 [31m  ERROR[39m [38;5;3m[Emargement] [39m[31mÉmargement en mode dégradé : Valkey indisponible, écriture directe en base.[39m
[31m[Nest] 41956  - [39m06/10/2026 16:17:51 [31m  ERROR[39m [38;5;3m[Emargement] [39m[31mÉmargement en mode dégradé : Valkey indisponible, écriture directe en base.[39m
[31m[Nest] 41956  - [39m06/10/2026 16:17:51 [31m  ERROR[39m [38;5;3m[Emargement] [39m[31mÉmargement en mode dégradé : Valkey indisponible, écriture directe en base.[39m
[31m[Nest] 41956  - [39m06/10/2026 16:17:51 [31m  ERROR[39m [38;5;3m[Emargement] [39m[31mÉmargement en mode dégradé : Valkey indisponible, écriture directe en base.[39m
[31m[Nest] 41956  - [39m06/10/2026 16:17:51 [31m  ERROR[39m [38;5;3m[Emargement] [39m[31mÉmargement en mode dégradé : Valkey indisponible, écriture directe en base.[39m
[31m[Nest] 41956  - [39m06/10/2026 16:17:51 [31m  ERROR[39m [38;5;3m[Emargement] [39m[31mÉmargement en mode dégradé : Valkey indisponible, écriture directe en base.[39m
[31m[Nest] 41956  - [39m06/10/2026 16:17:51 [31m  ERROR[39m [38;5;3m[Emargement] [39m[31mÉmargement en mode dégradé : Valkey indisponible, écriture directe en base.[39m
[31m[Nest] 41956  - [39m06/10/2026 16:17:51 [31m  ERROR[39m [38;5;3m[Emargement] [39m[31mÉmargement en mode dégradé : Valkey indisponible, écriture directe en base.[39m
[31m[Nest] 41956  - [39m06/10/2026 16:17:51 [31m  ERROR[39m [38;5;3m[Emargement] [39m[31mÉmargement en mode dégradé : Valkey indisponible, écriture directe en base.[39m
[31m[Nest] 41956  - [39m06/10/2026 16:17:51 [31m  ERROR[39m [38;5;3m[Emargement] [39m[31mÉmargement en mode dégradé : Valkey indisponible, écriture directe en base.[39m
[31m[Nest] 41956  - [39m06/10/2026 16:17:51 [31m  ERROR[39m [38;5;3m[Emargement] [39m[31mÉmargement en mode dégradé : Valkey indisponible, écriture directe en base.[39m
[31m[Nest] 41956  - [39m06/10/2026 16:17:51 [31m  ERROR[39m [38;5;3m[Emargement] [39m[31mÉmargement en mode dégradé : Valkey indisponible, écriture directe en base.[39m
[31m[Nest] 41956  - [39m06/10/2026 16:17:51 [31m  ERROR[39m [38;5;3m[Emargement] [39m[31mÉmargement en mode dégradé : Valkey indisponible, écriture directe en base.[39m
[31m[Nest] 41956  - [39m06/10/2026 16:17:51 [31m  ERROR[39m [38;5;3m[Emargement] [39m[31mÉmargement en mode dégradé : Valkey indisponible, écriture directe en base.[39m
[31m[Nest] 41956  - [39m06/10/2026 16:17:51 [31m  ERROR[39m [38;5;3m[Emargement] [39m[31mÉmargement en mode dégradé : Valkey indisponible, écriture directe en base.[39m
[31m[Nest] 41956  - [39m06/10/2026 16:17:51 [31m  ERROR[39m [38;5;3m[Emargement] [39m[31mÉmargement en mode dégradé : Valkey indisponible, écriture directe en base.[39m
[31m[Nest] 41956  - [39m06/10/2026 16:17:51 [31m  ERROR[39m [38;5;3m[Emargement] [39m[31mÉmargement en mode dégradé : Valkey indisponible, écriture directe en base.[39m
[31m[Nest] 41956  - [39m06/10/2026 16:17:51 [31m  ERROR[39m [38;5;3m[Emargement] [39m[31mÉmargement en mode dégradé : Valkey indisponible, écriture directe en base.[39m
[31m[Nest] 41956  - [39m06/10/2026 16:17:51 [31m  ERROR[39m [38;5;3m[Emargement] [39m[31mÉmargement en mode dégradé : Valkey indisponible, écriture directe en base.[39m
[31m[Nest] 41956  - [39m06/10/2026 16:17:51 [31m  ERROR[39m [38;5;3m[Emargement] [39m[31mÉmargement en mode dégradé : Valkey indisponible, écriture directe en base.[39m
[31m[Nest] 41956  - [39m06/10/2026 16:17:51 [31m  ERROR[39m [38;5;3m[Emargement] [39m[31mÉmargement en mode dégradé : Valkey indisponible, écriture directe en base.[39m
[31m[Nest] 41956  - [39m06/10/2026 16:17:51 [31m  ERROR[39m [38;5;3m[Emargement] [39m[31mÉmargement en mode dégradé : Valkey indisponible, écriture directe en base.[39m
[31m[Nest] 41956  - [39m06/10/2026 16:17:51 [31m  ERROR[39m [38;5;3m[Emargement] [39m[31mÉmargement en mode dégradé : Valkey indisponible, écriture directe en base.[39m
[31m[Nest] 41956  - [39m06/10/2026 16:17:51 [31m  ERROR[39m [38;5;3m[Emargement] [39m[31mÉmargement en mode dégradé : Valkey indisponible, écriture directe en base.[39m
[31m[Nest] 41956  - [39m06/10/2026 16:17:51 [31m  ERROR[39m [38;5;3m[Emargement] [39m[31mÉmargement en mode dégradé : Valkey indisponible, écriture directe en base.[39m
[31m[Nest] 41956  - [39m06/10/2026 16:17:51 [31m  ERROR[39m [38;5;3m[Emargement] [39m[31mÉmargement en mode dégradé : Valkey indisponible, écriture directe en base.[39m
[31m[Nest] 41956  - [39m06/10/2026 16:17:51 [31m  ERROR[39m [38;5;3m[Emargement] [39m[31mÉmargement en mode dégradé : Valkey indisponible, écriture directe en base.[39m
[31m[Nest] 41956  - [39m06/10/2026 16:17:51 [31m  ERROR[39m [38;5;3m[Emargement] [39m[31mÉmargement en mode dégradé : Valkey indisponible, écriture directe en base.[39m
[31m[Nest] 41956  - [39m06/10/2026 16:17:51 [31m  ERROR[39m [38;5;3m[Emargement] [39m[31mÉmargement en mode dégradé : Valkey indisponible, écriture directe en base.[39m
[31m[Nest] 41956  - [39m06/10/2026 16:17:51 [31m  ERROR[39m [38;5;3m[Emargement] [39m[31mÉmargement en mode dégradé : Valkey indisponible, écriture directe en base.[39m
[31m[Nest] 41956  - [39m06/10/2026 16:17:51 [31m  ERROR[39m [38;5;3m[Emargement] [39m[31mÉmargement en mode dégradé : Valkey indisponible, écriture directe en base.[39m
[31m[Nest] 41956  - [39m06/10/2026 16:17:51 [31m  ERROR[39m [38;5;3m[Emargement] [39m[31mÉmargement en mode dégradé : Valkey indisponible, écriture directe en base.[39m
[31m[Nest] 41956  - [39m06/10/2026 16:17:51 [31m  ERROR[39m [38;5;3m[Emargement] [39m[31mÉmargement en mode dégradé : Valkey indisponible, écriture directe en base.[39m
[31m[Nest] 41956  - [39m06/10/2026 16:17:51 [31m  ERROR[39m [38;5;3m[Emargement] [39m[31mÉmargement en mode dégradé : Valkey indisponible, écriture directe en base.[39m
[31m[Nest] 41956  - [39m06/10/2026 16:17:51 [31m  ERROR[39m [38;5;3m[Emargement] [39m[31mÉmargement en mode dégradé : Valkey indisponible, écriture directe en base.[39m
[31m[Nest] 41956  - [39m06/10/2026 16:17:51 [31m  ERROR[39m [38;5;3m[Emargement] [39m[31mÉmargement en mode dégradé : Valkey indisponible, écriture directe en base.[39m
[31m[Nest] 41956  - [39m06/10/2026 16:17:51 [31m  ERROR[39m [38;5;3m[Emargement] [39m[31mÉmargement en mode dégradé : Valkey indisponible, écriture directe en base.[39m
[31m[Nest] 41956  - [39m06/10/2026 16:17:51 [31m  ERROR[39m [38;5;3m[Emargement] [39m[31mÉmargement en mode dégradé : Valkey indisponible, écriture directe en base.[39m
[31m[Nest] 41956  - [39m06/10/2026 16:17:51 [31m  ERROR[39m [38;5;3m[Emargement] [39m[31mÉmargement en mode dégradé : Valkey indisponible, écriture directe en base.[39m
[31m[Nest] 41956  - [39m06/10/2026 16:17:51 [31m  ERROR[39m [38;5;3m[Emargement] [39m[31mÉmargement en mode dégradé : Valkey indisponible, écriture directe en base.[39m
[31m[Nest] 41956  - [39m06/10/2026 16:17:51 [31m  ERROR[39m [38;5;3m[Emargement] [39m[31mÉmargement en mode dégradé : Valkey indisponible, écriture directe en base.[39m
[31m[Nest] 41956  - [39m06/10/2026 16:17:51 [31m  ERROR[39m [38;5;3m[Emargement] [39m[31mÉmargement en mode dégradé : Valkey indisponible, écriture directe en base.[39m
[31m[Nest] 41956  - [39m06/10/2026 16:17:51 [31m  ERROR[39m [38;5;3m[Emargement] [39m[31mÉmargement en mode dégradé : Valkey indisponible, écriture directe en base.[39m
[31m[Nest] 41956  - [39m06/10/2026 16:17:51 [31m  ERROR[39m [38;5;3m[Emargement] [39m[31mÉmargement en mode dégradé : Valkey indisponible, écriture directe en base.[39m
[31m[Nest] 41956  - [39m06/10/2026 16:17:51 [31m  ERROR[39m [38;5;3m[Emargement] [39m[31mÉmargement en mode dégradé : Valkey indisponible, écriture directe en base.[39m
[31m[Nest] 41956  - [39m06/10/2026 16:17:51 [31m  ERROR[39m [38;5;3m[Emargement] [39m[31mÉmargement en mode dégradé : Valkey indisponible, écriture directe en base.[39m
[31m[Nest] 41956  - [39m06/10/2026 16:17:51 [31m  ERROR[39m [38;5;3m[Emargement] [39m[31mÉmargement en mode dégradé : Valkey indisponible, écriture directe en base.[39m
[31m[Nest] 41956  - [39m06/10/2026 16:17:52 [31m  ERROR[39m [38;5;3m[Emargement] [39m[31mÉmargement en mode dégradé : Valkey indisponible, écriture directe en base.[39m
[31m[Nest] 41956  - [39m06/10/2026 16:17:52 [31m  ERROR[39m [38;5;3m[Emargement] [39m[31mÉmargement en mode dégradé : Valkey indisponible, écriture directe en base.[39m
[31m[Nest] 41956  - [39m06/10/2026 16:17:52 [31m  ERROR[39m [38;5;3m[Emargement] [39m[31mÉmargement en mode dégradé : Valkey indisponible, écriture directe en base.[39m
[31m[Nest] 41956  - [39m06/10/2026 16:17:52 [31m  ERROR[39m [38;5;3m[Emargement] [39m[31mÉmargement en mode dégradé : Valkey indisponible, écriture directe en base.[39m
[31m[Nest] 41956  - [39m06/10/2026 16:17:52 [31m  ERROR[39m [38;5;3m[Emargement] [39m[31mÉmargement en mode dégradé : Valkey indisponible, écriture directe en base.[39m
[31m[Nest] 41956  - [39m06/10/2026 16:17:52 [31m  ERROR[39m [38;5;3m[Emargement] [39m[31mÉmargement en mode dégradé : Valkey indisponible, écriture directe en base.[39m
[31m[Nest] 41956  - [39m06/10/2026 16:17:52 [31m  ERROR[39m [38;5;3m[Emargement] [39m[31mÉmargement en mode dégradé : Valkey indisponible, écriture directe en base.[39m
[31m[Nest] 41956  - [39m06/10/2026 16:17:52 [31m  ERROR[39m [38;5;3m[Emargement] [39m[31mÉmargement en mode dégradé : Valkey indisponible, écriture directe en base.[39m
[31m[Nest] 41956  - [39m06/10/2026 16:17:52 [31m  ERROR[39m [38;5;3m[Emargement] [39m[31mÉmargement en mode dégradé : Valkey indisponible, écriture directe en base.[39m
[31m[Nest] 41956  - [39m06/10/2026 16:17:52 [31m  ERROR[39m [38;5;3m[Emargement] [39m[31mÉmargement en mode dégradé : Valkey indisponible, écriture directe en base.[39m
[31m[Nest] 41956  - [39m06/10/2026 16:17:52 [31m  ERROR[39m [38;5;3m[Emargement] [39m[31mÉmargement en mode dégradé : Valkey indisponible, écriture directe en base.[39m
[31m[Nest] 41956  - [39m06/10/2026 16:17:52 [31m  ERROR[39m [38;5;3m[Emargement] [39m[31mÉmargement en mode dégradé : Valkey indisponible, écriture directe en base.[39m
[31m[Nest] 41956  - [39m06/10/2026 16:17:52 [31m  ERROR[39m [38;5;3m[Emargement] [39m[31mÉmargement en mode dégradé : Valkey indisponible, écriture directe en base.[39m
[31m[Nest] 41956  - [39m06/10/2026 16:17:52 [31m  ERROR[39m [38;5;3m[Emargement] [39m[31mÉmargement en mode dégradé : Valkey indisponible, écriture directe en base.[39m
[31m[Nest] 41956  - [39m06/10/2026 16:17:52 [31m  ERROR[39m [38;5;3m[Emargement] [39m[31mÉmargement en mode dégradé : Valkey indisponible, écriture directe en base.[39m
[31m[Nest] 41956  - [39m06/10/2026 16:17:52 [31m  ERROR[39m [38;5;3m[Emargement] [39m[31mÉmargement en mode dégradé : Valkey indisponible, écriture directe en base.[39m
[31m[Nest] 41956  - [39m06/10/2026 16:17:52 [31m  ERROR[39m [38;5;3m[Emargement] [39m[31mÉmargement en mode dégradé : Valkey indisponible, écriture directe en base.[39m
[31m[Nest] 41956  - [39m06/10/2026 16:17:52 [31m  ERROR[39m [38;5;3m[Emargement] [39m[31mÉmargement en mode dégradé : Valkey indisponible, écriture directe en base.[39m
[31m[Nest] 41956  - [39m06/10/2026 16:17:52 [31m  ERROR[39m [38;5;3m[Emargement] [39m[31mÉmargement en mode dégradé : Valkey indisponible, écriture directe en base.[39m
[31m[Nest] 41956  - [39m06/10/2026 16:17:52 [31m  ERROR[39m [38;5;3m[Emargement] [39m[31mÉmargement en mode dégradé : Valkey indisponible, écriture directe en base.[39m
[31m[Nest] 41956  - [39m06/10/2026 16:17:52 [31m  ERROR[39m [38;5;3m[Emargement] [39m[31mÉmargement en mode dégradé : Valkey indisponible, écriture directe en base.[39m
[31m[Nest] 41956  - [39m06/10/2026 16:17:52 [31m  ERROR[39m [38;5;3m[Emargement] [39m[31mÉmargement en mode dégradé : Valkey indisponible, écriture directe en base.[39m
[31m[Nest] 41956  - [39m06/10/2026 16:17:52 [31m  ERROR[39m [38;5;3m[Emargement] [39m[31mÉmargement en mode dégradé : Valkey indisponible, écriture directe en base.[39m
[31m[Nest] 41956  - [39m06/10/2026 16:17:52 [31m  ERROR[39m [38;5;3m[Emargement] [39m[31mÉmargement en mode dégradé : Valkey indisponible, écriture directe en base.[39m
[31m[Nest] 41956  - [39m06/10/2026 16:17:52 [31m  ERROR[39m [38;5;3m[Emargement] [39m[31mÉmargement en mode dégradé : Valkey indisponible, écriture directe en base.[39m
[31m[Nest] 41956  - [39m06/10/2026 16:17:52 [31m  ERROR[39m [38;5;3m[Emargement] [39m[31mÉmargement en mode dégradé : Valkey indisponible, écriture directe en base.[39m
[31m[Nest] 41956  - [39m06/10/2026 16:17:52 [31m  ERROR[39m [38;5;3m[Emargement] [39m[31mÉmargement en mode dégradé : Valkey indisponible, écriture directe en base.[39m
[31m[Nest] 41956  - [39m06/10/2026 16:17:52 [31m  ERROR[39m [38;5;3m[Emargement] [39m[31mÉmargement en mode dégradé : Valkey indisponible, écriture directe en base.[39m
[31m[Nest] 41956  - [39m06/10/2026 16:17:52 [31m  ERROR[39m [38;5;3m[Emargement] [39m[31mÉmargement en mode dégradé : Valkey indisponible, écriture directe en base.[39m
[31m[Nest] 41956  - [39m06/10/2026 16:17:52 [31m  ERROR[39m [38;5;3m[Emargement] [39m[31mÉmargement en mode dégradé : Valkey indisponible, écriture directe en base.[39m
[31m[Nest] 41956  - [39m06/10/2026 16:17:52 [31m  ERROR[39m [38;5;3m[Emargement] [39m[31mÉmargement en mode dégradé : Valkey indisponible, écriture directe en base.[39m
[31m[Nest] 41956  - [39m06/10/2026 16:17:52 [31m  ERROR[39m [38;5;3m[Emargement] [39m[31mÉmargement en mode dégradé : Valkey indisponible, écriture directe en base.[39m
[31m[Nest] 41956  - [39m06/10/2026 16:17:52 [31m  ERROR[39m [38;5;3m[Emargement] [39m[31mÉmargement en mode dégradé : Valkey indisponible, écriture directe en base.[39m
[31m[Nest] 41956  - [39m06/10/2026 16:17:52 [31m  ERROR[39m [38;5;3m[Emargement] [39m[31mÉmargement en mode dégradé : Valkey indisponible, écriture directe en base.[39m
[31m[Nest] 41956  - [39m06/10/2026 16:17:52 [31m  ERROR[39m [38;5;3m[Emargement] [39m[31mÉmargement en mode dégradé : Valkey indisponible, écriture directe en base.[39m
[31m[Nest] 41956  - [39m06/10/2026 16:17:52 [31m  ERROR[39m [38;5;3m[Emargement] [39m[31mÉmargement en mode dégradé : Valkey indisponible, écriture directe en base.[39m
[31m[Nest] 41956  - [39m06/10/2026 16:17:52 [31m  ERROR[39m [38;5;3m[Emargement] [39m[31mÉmargement en mode dégradé : Valkey indisponible, écriture directe en base.[39m
[31m[Nest] 41956  - [39m06/10/2026 16:17:52 [31m  ERROR[39m [38;5;3m[Emargement] [39m[31mÉmargement en mode dégradé : Valkey indisponible, écriture directe en base.[39m
[31m[Nest] 41956  - [39m06/10/2026 16:17:52 [31m  ERROR[39m [38;5;3m[Emargement] [39m[31mÉmargement en mode dégradé : Valkey indisponible, écriture directe en base.[39m
[31m[Nest] 41956  - [39m06/10/2026 16:17:52 [31m  ERROR[39m [38;5;3m[Emargement] [39m[31mÉmargement en mode dégradé : Valkey indisponible, écriture directe en base.[39m
[31m[Nest] 41956  - [39m06/10/2026 16:17:52 [31m  ERROR[39m [38;5;3m[Emargement] [39m[31mÉmargement en mode dégradé : Valkey indisponible, écriture directe en base.[39m
[31m[Nest] 41956  - [39m06/10/2026 16:17:52 [31m  ERROR[39m [38;5;3m[Emargement] [39m[31mÉmargement en mode dégradé : Valkey indisponible, écriture directe en base.[39m
[31m[Nest] 41956  - [39m06/10/2026 16:17:52 [31m  ERROR[39m [38;5;3m[Emargement] [39m[31mÉmargement en mode dégradé : Valkey indisponible, écriture directe en base.[39m
[31m[Nest] 41956  - [39m06/10/2026 16:17:52 [31m  ERROR[39m [38;5;3m[Emargement] [39m[31mÉmargement en mode dégradé : Valkey indisponible, écriture directe en base.[39m
[31m[Nest] 41956  - [39m06/10/2026 16:17:52 [31m  ERROR[39m [38;5;3m[Emargement] [39m[31mÉmargement en mode dégradé : Valkey indisponible, écriture directe en base.[39m
[31m[Nest] 41956  - [39m06/10/2026 16:17:52 [31m  ERROR[39m [38;5;3m[Emargement] [39m[31mÉmargement en mode dégradé : Valkey indisponible, écriture directe en base.[39m
[31m[Nest] 41956  - [39m06/10/2026 16:17:52 [31m  ERROR[39m [38;5;3m[Emargement] [39m[31mÉmargement en mode dégradé : Valkey indisponible, écriture directe en base.[39m
[31m[Nest] 41956  - [39m06/10/2026 16:17:52 [31m  ERROR[39m [38;5;3m[Emargement] [39m[31mÉmargement en mode dégradé : Valkey indisponible, écriture directe en base.[39m
[31m[Nest] 41956  - [39m06/10/2026 16:17:52 [31m  ERROR[39m [38;5;3m[Emargement] [39m[31mÉmargement en mode dégradé : Valkey indisponible, écriture directe en base.[39m
[31m[Nest] 41956  - [39m06/10/2026 16:17:52 [31m  ERROR[39m [38;5;3m[Emargement] [39m[31mÉmargement en mode dégradé : Valkey indisponible, écriture directe en base.[39m
[31m[Nest] 41956  - [39m06/10/2026 16:17:52 [31m  ERROR[39m [38;5;3m[Emargement] [39m[31mÉmargement en mode dégradé : Valkey indisponible, écriture directe en base.[39m
[31m[Nest] 41956  - [39m06/10/2026 16:17:52 [31m  ERROR[39m [38;5;3m[Emargement] [39m[31mÉmargement en mode dégradé : Valkey indisponible, écriture directe en base.[39m
[31m[Nest] 41956  - [39m06/10/2026 16:17:52 [31m  ERROR[39m [38;5;3m[Emargement] [39m[31mÉmargement en mode dégradé : Valkey indisponible, écriture directe en base.[39m
[31m[Nest] 41956  - [39m06/10/2026 16:17:52 [31m  ERROR[39m [38;5;3m[Emargement] [39m[31mÉmargement en mode dégradé : Valkey indisponible, écriture directe en base.[39m
[31m[Nest] 41956  - [39m06/10/2026 16:17:52 [31m  ERROR[39m [38;5;3m[Emargement] [39m[31mÉmargement en mode dégradé : Valkey indisponible, écriture directe en base.[39m
[31m[Nest] 41956  - [39m06/10/2026 16:17:52 [31m  ERROR[39m [38;5;3m[Emargement] [39m[31mÉmargement en mode dégradé : Valkey indisponible, écriture directe en base.[39m
[31m[Nest] 41956  - [39m06/10/2026 16:17:52 [31m  ERROR[39m [38;5;3m[Emargement] [39m[31mÉmargement en mode dégradé : Valkey indisponible, écriture directe en base.[39m
[31m[Nest] 41956  - [39m06/10/2026 16:17:52 [31m  ERROR[39m [38;5;3m[Emargement] [39m[31mÉmargement en mode dégradé : Valkey indisponible, écriture directe en base.[39m
[31m[Nest] 41956  - [39m06/10/2026 16:17:52 [31m  ERROR[39m [38;5;3m[Emargement] [39m[31mÉmargement en mode dégradé : Valkey indisponible, écriture directe en base.[39m
[31m[Nest] 41956  - [39m06/10/2026 16:17:52 [31m  ERROR[39m [38;5;3m[Emargement] [39m[31mÉmargement en mode dégradé : Valkey indisponible, écriture directe en base.[39m
[31m[Nest] 41956  - [39m06/10/2026 16:17:52 [31m  ERROR[39m [38;5;3m[Emargement] [39m[31mÉmargement en mode dégradé : Valkey indisponible, écriture directe en base.[39m
[31m[Nest] 41956  - [39m06/10/2026 16:17:52 [31m  ERROR[39m [38;5;3m[Emargement] [39m[31mÉmargement en mode dégradé : Valkey indisponible, écriture directe en base.[39m
[31m[Nest] 41956  - [39m06/10/2026 16:17:52 [31m  ERROR[39m [38;5;3m[Emargement] [39m[31mÉmargement en mode dégradé : Valkey indisponible, écriture directe en base.[39m
[31m[Nest] 41956  - [39m06/10/2026 16:17:52 [31m  ERROR[39m [38;5;3m[Emargement] [39m[31mÉmargement en mode dégradé : Valkey indisponible, écriture directe en base.[39m
[31m[Nest] 41956  - [39m06/10/2026 16:17:52 [31m  ERROR[39m [38;5;3m[Emargement] [39m[31mÉmargement en mode dégradé : Valkey indisponible, écriture directe en base.[39m
[31m[Nest] 41956  - [39m06/10/2026 16:17:52 [31m  ERROR[39m [38;5;3m[Emargement] [39m[31mÉmargement en mode dégradé : Valkey indisponible, écriture directe en base.[39m
[31m[Nest] 41956  - [39m06/10/2026 16:17:52 [31m  ERROR[39m [38;5;3m[Emargement] [39m[31mÉmargement en mode dégradé : Valkey indisponible, écriture directe en base.[39m
[31m[Nest] 41956  - [39m06/10/2026 16:17:52 [31m  ERROR[39m [38;5;3m[Emargement] [39m[31mÉmargement en mode dégradé : Valkey indisponible, écriture directe en base.[39m
[31m[Nest] 41956  - [39m06/10/2026 16:17:52 [31m  ERROR[39m [38;5;3m[Emargement] [39m[31mÉmargement en mode dégradé : Valkey indisponible, écriture directe en base.[39m
[31m[Nest] 41956  - [39m06/10/2026 16:17:52 [31m  ERROR[39m [38;5;3m[Emargement] [39m[31mÉmargement en mode dégradé : Valkey indisponible, écriture directe en base.[39m
[31m[Nest] 41956  - [39m06/10/2026 16:17:52 [31m  ERROR[39m [38;5;3m[Emargement] [39m[31mÉmargement en mode dégradé : Valkey indisponible, écriture directe en base.[39m
[31m[Nest] 41956  - [39m06/10/2026 16:17:52 [31m  ERROR[39m [38;5;3m[Emargement] [39m[31mÉmargement en mode dégradé : Valkey indisponible, écriture directe en base.[39m
[31m[Nest] 41956  - [39m06/10/2026 16:17:52 [31m  ERROR[39m [38;5;3m[Emargement] [39m[31mÉmargement en mode dégradé : Valkey indisponible, écriture directe en base.[39m
[31m[Nest] 41956  - [39m06/10/2026 16:17:52 [31m  ERROR[39m [38;5;3m[Emargement] [39m[31mÉmargement en mode dégradé : Valkey indisponible, écriture directe en base.[39m
[31m[Nest] 41956  - [39m06/10/2026 16:17:52 [31m  ERROR[39m [38;5;3m[Emargement] [39m[31mÉmargement en mode dégradé : Valkey indisponible, écriture directe en base.[39m
[31m[Nest] 41956  - [39m06/10/2026 16:17:52 [31m  ERROR[39m [38;5;3m[Emargement] [39m[31mÉmargement en mode dégradé : Valkey indisponible, écriture directe en base.[39m
[31m[Nest] 41956  - [39m06/10/2026 16:17:52 [31m  ERROR[39m [38;5;3m[Emargement] [39m[31mÉmargement en mode dégradé : Valkey indisponible, écriture directe en base.[39m
[31m[Nest] 41956  - [39m06/10/2026 16:17:52 [31m  ERROR[39m [38;5;3m[Emargement] [39m[31mÉmargement en mode dégradé : Valkey indisponible, écriture directe en base.[39m
[31m[Nest] 41956  - [39m06/10/2026 16:17:52 [31m  ERROR[39m [38;5;3m[Emargement] [39m[31mÉmargement en mode dégradé : Valkey indisponible, écriture directe en base.[39m
[31m[Nest] 41956  - [39m06/10/2026 16:17:52 [31m  ERROR[39m [38;5;3m[Emargement] [39m[31mÉmargement en mode dégradé : Valkey indisponible, écriture directe en base.[39m
[31m[Nest] 41956  - [39m06/10/2026 16:17:52 [31m  ERROR[39m [38;5;3m[Emargement] [39m[31mÉmargement en mode dégradé : Valkey indisponible, écriture directe en base.[39m
[31m[Nest] 41956  - [39m06/10/2026 16:17:52 [31m  ERROR[39m [38;5;3m[Emargement] [39m[31mÉmargement en mode dégradé : Valkey indisponible, écriture directe en base.[39m
[31m[Nest] 41956  - [39m06/10/2026 16:17:52 [31m  ERROR[39m [38;5;3m[Emargement] [39m[31mÉmargement en mode dégradé : Valkey indisponible, écriture directe en base.[39m
[31m[Nest] 41956  - [39m06/10/2026 16:17:52 [31m  ERROR[39m [38;5;3m[Emargement] [39m[31mÉmargement en mode dégradé : Valkey indisponible, écriture directe en base.[39m
[31m[Nest] 41956  - [39m06/10/2026 16:17:52 [31m  ERROR[39m [38;5;3m[Emargement] [39m[31mÉmargement en mode dégradé : Valkey indisponible, écriture directe en base.[39m
[31m[Nest] 41956  - [39m06/10/2026 16:17:52 [31m  ERROR[39m [38;5;3m[Emargement] [39m[31mÉmargement en mode dégradé : Valkey indisponible, écriture directe en base.[39m
[31m[Nest] 41956  - [39m06/10/2026 16:17:52 [31m  ERROR[39m [38;5;3m[Emargement] [39m[31mÉmargement en mode dégradé : Valkey indisponible, écriture directe en base.[39m
[31m[Nest] 41956  - [39m06/10/2026 16:17:52 [31m  ERROR[39m [38;5;3m[Emargement] [39m[31mÉmargement en mode dégradé : Valkey indisponible, écriture directe en base.[39m
[31m[Nest] 41956  - [39m06/10/2026 16:17:52 [31m  ERROR[39m [38;5;3m[Emargement] [39m[31mÉmargement en mode dégradé : Valkey indisponible, écriture directe en base.[39m
[31m[Nest] 41956  - [39m06/10/2026 16:17:52 [31m  ERROR[39m [38;5;3m[Emargement] [39m[31mÉmargement en mode dégradé : Valkey indisponible, écriture directe en base.[39m
[31m[Nest] 41956  - [39m06/10/2026 16:17:52 [31m  ERROR[39m [38;5;3m[Emargement] [39m[31mÉmargement en mode dégradé : Valkey indisponible, écriture directe en base.[39m
[31m[Nest] 41956  - [39m06/10/2026 16:17:52 [31m  ERROR[39m [38;5;3m[Emargement] [39m[31mÉmargement en mode dégradé : Valkey indisponible, écriture directe en base.[39m
[31m[Nest] 41956  - [39m06/10/2026 16:17:52 [31m  ERROR[39m [38;5;3m[Emargement] [39m[31mÉmargement en mode dégradé : Valkey indisponible, écriture directe en base.[39m
[31m[Nest] 41956  - [39m06/10/2026 16:17:52 [31m  ERROR[39m [38;5;3m[Emargement] [39m[31mÉmargement en mode dégradé : Valkey indisponible, écriture directe en base.[39m
[31m[Nest] 41956  - [39m06/10/2026 16:17:52 [31m  ERROR[39m [38;5;3m[Emargement] [39m[31mÉmargement en mode dégradé : Valkey indisponible, écriture directe en base.[39m
[31m[Nest] 41956  - [39m06/10/2026 16:17:52 [31m  ERROR[39m [38;5;3m[Emargement] [39m[31mÉmargement en mode dégradé : Valkey indisponible, écriture directe en base.[39m
[31m[Nest] 41956  - [39m06/10/2026 16:17:52 [31m  ERROR[39m [38;5;3m[Emargement] [39m[31mÉmargement en mode dégradé : Valkey indisponible, écriture directe en base.[39m
[31m[Nest] 41956  - [39m06/10/2026 16:17:52 [31m  ERROR[39m [38;5;3m[Emargement] [39m[31mÉmargement en mode dégradé : Valkey indisponible, écriture directe en base.[39m
[31m[Nest] 41956  - [39m06/10/2026 16:17:52 [31m  ERROR[39m [38;5;3m[Emargement] [39m[31mÉmargement en mode dégradé : Valkey indisponible, écriture directe en base.[39m
[31m[Nest] 41956  - [39m06/10/2026 16:17:52 [31m  ERROR[39m [38;5;3m[Emargement] [39m[31mÉmargement en mode dégradé : Valkey indisponible, écriture directe en base.[39m
[31m[Nest] 41956  - [39m06/10/2026 16:17:52 [31m  ERROR[39m [38;5;3m[Emargement] [39m[31mÉmargement en mode dégradé : Valkey indisponible, écriture directe en base.[39m
[31m[Nest] 41956  - [39m06/10/2026 16:17:52 [31m  ERROR[39m [38;5;3m[Emargement] [39m[31mÉmargement en mode dégradé : Valkey indisponible, écriture directe en base.[39m
[31m[Nest] 41956  - [39m06/10/2026 16:17:52 [31m  ERROR[39m [38;5;3m[Emargement] [39m[31mÉmargement en mode dégradé : Valkey indisponible, écriture directe en base.[39m
[31m[Nest] 41956  - [39m06/10/2026 16:17:52 [31m  ERROR[39m [38;5;3m[Emargement] [39m[31mÉmargement en mode dégradé : Valkey indisponible, écriture directe en base.[39m
[31m[Nest] 41956  - [39m06/10/2026 16:17:52 [31m  ERROR[39m [38;5;3m[Emargement] [39m[31mÉmargement en mode dégradé : Valkey indisponible, écriture directe en base.[39m
[31m[Nest] 41956  - [39m06/10/2026 16:17:52 [31m  ERROR[39m [38;5;3m[Emargement] [39m[31mÉmargement en mode dégradé : Valkey indisponible, écriture directe en base.[39m
[31m[Nest] 41956  - [39m06/10/2026 16:17:52 [31m  ERROR[39m [38;5;3m[Emargement] [39m[31mÉmargement en mode dégradé : Valkey indisponible, écriture directe en base.[39m
[31m[Nest] 41956  - [39m06/10/2026 16:17:53 [31m  ERROR[39m [38;5;3m[Emargement] [39m[31mÉmargement en mode dégradé : Valkey indisponible, écriture directe en base.[39m
[31m[Nest] 41956  - [39m06/10/2026 16:17:53 [31m  ERROR[39m [38;5;3m[Emargement] [39m[31mÉmargement en mode dégradé : Valkey indisponible, écriture directe en base.[39m
[31m[Nest] 41956  - [39m06/10/2026 16:17:53 [31m  ERROR[39m [38;5;3m[Emargement] [39m[31mÉmargement en mode dégradé : Valkey indisponible, écriture directe en base.[39m
[31m[Nest] 41956  - [39m06/10/2026 16:17:53 [31m  ERROR[39m [38;5;3m[Emargement] [39m[31mÉmargement en mode dégradé : Valkey indisponible, écriture directe en base.[39m
[31m[Nest] 41956  - [39m06/10/2026 16:17:53 [31m  ERROR[39m [38;5;3m[Emargement] [39m[31mÉmargement en mode dégradé : Valkey indisponible, écriture directe en base.[39m
[31m[Nest] 41956  - [39m06/10/2026 16:17:53 [31m  ERROR[39m [38;5;3m[Emargement] [39m[31mÉmargement en mode dégradé : Valkey indisponible, écriture directe en base.[39m
[31m[Nest] 41956  - [39m06/10/2026 16:17:53 [31m  ERROR[39m [38;5;3m[Emargement] [39m[31mÉmargement en mode dégradé : Valkey indisponible, écriture directe en base.[39m
[31m[Nest] 41956  - [39m06/10/2026 16:17:53 [31m  ERROR[39m [38;5;3m[Emargement] [39m[31mÉmargement en mode dégradé : Valkey indisponible, écriture directe en base.[39m
[31m[Nest] 41956  - [39m06/10/2026 16:17:53 [31m  ERROR[39m [38;5;3m[Emargement] [39m[31mÉmargement en mode dégradé : Valkey indisponible, écriture directe en base.[39m
[31m[Nest] 41956  - [39m06/10/2026 16:17:53 [31m  ERROR[39m [38;5;3m[Emargement] [39m[31mÉmargement en mode dégradé : Valkey indisponible, écriture directe en base.[39m
[31m[Nest] 41956  - [39m06/10/2026 16:17:53 [31m  ERROR[39m [38;5;3m[Emargement] [39m[31mÉmargement en mode dégradé : Valkey indisponible, écriture directe en base.[39m
[31m[Nest] 41956  - [39m06/10/2026 16:17:53 [31m  ERROR[39m [38;5;3m[Emargement] [39m[31mÉmargement en mode dégradé : Valkey indisponible, écriture directe en base.[39m
[31m[Nest] 41956  - [39m06/10/2026 16:17:53 [31m  ERROR[39m [38;5;3m[Emargement] [39m[31mÉmargement en mode dégradé : Valkey indisponible, écriture directe en base.[39m
[31m[Nest] 41956  - [39m06/10/2026 16:17:53 [31m  ERROR[39m [38;5;3m[Emargement] [39m[31mÉmargement en mode dégradé : Valkey indisponible, écriture directe en base.[39m
[31m[Nest] 41956  - [39m06/10/2026 16:17:53 [31m  ERROR[39m [38;5;3m[Emargement] [39m[31mÉmargement en mode dégradé : Valkey indisponible, écriture directe en base.[39m
[31m[Nest] 41956  - [39m06/10/2026 16:17:53 [31m  ERROR[39m [38;5;3m[Emargement] [39m[31mÉmargement en mode dégradé : Valkey indisponible, écriture directe en base.[39m
[31m[Nest] 41956  - [39m06/10/2026 16:17:53 [31m  ERROR[39m [38;5;3m[Emargement] [39m[31mÉmargement en mode dégradé : Valkey indisponible, écriture directe en base.[39m
[31m[Nest] 41956  - [39m06/10/2026 16:17:53 [31m  ERROR[39m [38;5;3m[Emargement] [39m[31mÉmargement en mode dégradé : Valkey indisponible, écriture directe en base.[39m
[31m[Nest] 41956  - [39m06/10/2026 16:17:53 [31m  ERROR[39m [38;5;3m[Emargement] [39m[31mÉmargement en mode dégradé : Valkey indisponible, écriture directe en base.[39m
[31m[Nest] 41956  - [39m06/10/2026 16:17:53 [31m  ERROR[39m [38;5;3m[Emargement] [39m[31mÉmargement en mode dégradé : Valkey indisponible, écriture directe en base.[39m
[31m[Nest] 41956  - [39m06/10/2026 16:17:53 [31m  ERROR[39m [38;5;3m[Emargement] [39m[31mÉmargement en mode dégradé : Valkey indisponible, écriture directe en base.[39m
[31m[Nest] 41956  - [39m06/10/2026 16:17:53 [31m  ERROR[39m [38;5;3m[Emargement] [39m[31mÉmargement en mode dégradé : Valkey indisponible, écriture directe en base.[39m
[31m[Nest] 41956  - [39m06/10/2026 16:17:53 [31m  ERROR[39m [38;5;3m[Emargement] [39m[31mÉmargement en mode dégradé : Valkey indisponible, écriture directe en base.[39m
[31m[Nest] 41956  - [39m06/10/2026 16:17:53 [31m  ERROR[39m [38;5;3m[Emargement] [39m[31mÉmargement en mode dégradé : Valkey indisponible, écriture directe en base.[39m
[31m[Nest] 41956  - [39m06/10/2026 16:17:53 [31m  ERROR[39m [38;5;3m[Emargement] [39m[31mÉmargement en mode dégradé : Valkey indisponible, écriture directe en base.[39m
[31m[Nest] 41956  - [39m06/10/2026 16:17:53 [31m  ERROR[39m [38;5;3m[Emargement] [39m[31mÉmargement en mode dégradé : Valkey indisponible, écriture directe en base.[39m
[31m[Nest] 41956  - [39m06/10/2026 16:17:53 [31m  ERROR[39m [38;5;3m[Emargement] [39m[31mÉmargement en mode dégradé : Valkey indisponible, écriture directe en base.[39m
[31m[Nest] 41956  - [39m06/10/2026 16:17:53 [31m  ERROR[39m [38;5;3m[Emargement] [39m[31mÉmargement en mode dégradé : Valkey indisponible, écriture directe en base.[39m
[31m[Nest] 41956  - [39m06/10/2026 16:17:53 [31m  ERROR[39m [38;5;3m[Emargement] [39m[31mÉmargement en mode dégradé : Valkey indisponible, écriture directe en base.[39m
[31m[Nest] 41956  - [39m06/10/2026 16:17:53 [31m  ERROR[39m [38;5;3m[Emargement] [39m[31mÉmargement en mode dégradé : Valkey indisponible, écriture directe en base.[39m
[31m[Nest] 41956  - [39m06/10/2026 16:17:53 [31m  ERROR[39m [38;5;3m[Emargement] [39m[31mÉmargement en mode dégradé : Valkey indisponible, écriture directe en base.[39m
[31m[Nest] 41956  - [39m06/10/2026 16:17:53 [31m  ERROR[39m [38;5;3m[Emargement] [39m[31mÉmargement en mode dégradé : Valkey indisponible, écriture directe en base.[39m
[31m[Nest] 41956  - [39m06/10/2026 16:17:53 [31m  ERROR[39m [38;5;3m[Emargement] [39m[31mÉmargement en mode dégradé : Valkey indisponible, écriture directe en base.[39m
[31m[Nest] 41956  - [39m06/10/2026 16:17:53 [31m  ERROR[39m [38;5;3m[Emargement] [39m[31mÉmargement en mode dégradé : Valkey indisponible, écriture directe en base.[39m
[31m[Nest] 41956  - [39m06/10/2026 16:17:53 [31m  ERROR[39m [38;5;3m[Emargement] [39m[31mÉmargement en mode dégradé : Valkey indisponible, écriture directe en base.[39m
[31m[Nest] 41956  - [39m06/10/2026 16:17:53 [31m  ERROR[39m [38;5;3m[Emargement] [39m[31mÉmargement en mode dégradé : Valkey indisponible, écriture directe en base.[39m
[31m[Nest] 41956  - [39m06/10/2026 16:17:53 [31m  ERROR[39m [38;5;3m[Emargement] [39m[31mÉmargement en mode dégradé : Valkey indisponible, écriture directe en base.[39m
[31m[Nest] 41956  - [39m06/10/2026 16:17:53 [31m  ERROR[39m [38;5;3m[Emargement] [39m[31mÉmargement en mode dégradé : Valkey indisponible, écriture directe en base.[39m
[31m[Nest] 41956  - [39m06/10/2026 16:17:53 [31m  ERROR[39m [38;5;3m[Emargement] [39m[31mÉmargement en mode dégradé : Valkey indisponible, écriture directe en base.[39m
[31m[Nest] 41956  - [39m06/10/2026 16:17:53 [31m  ERROR[39m [38;5;3m[Emargement] [39m[31mÉmargement en mode dégradé : Valkey indisponible, écriture directe en base.[39m
[31m[Nest] 41956  - [39m06/10/2026 16:17:53 [31m  ERROR[39m [38;5;3m[Emargement] [39m[31mÉmargement en mode dégradé : Valkey indisponible, écriture directe en base.[39m
[31m[Nest] 41956  - [39m06/10/2026 16:17:53 [31m  ERROR[39m [38;5;3m[Emargement] [39m[31mÉmargement en mode dégradé : Valkey indisponible, écriture directe en base.[39m
[31m[Nest] 41956  - [39m06/10/2026 16:17:53 [31m  ERROR[39m [38;5;3m[Emargement] [39m[31mÉmargement en mode dégradé : Valkey indisponible, écriture directe en base.[39m
[31m[Nest] 41956  - [39m06/10/2026 16:17:53 [31m  ERROR[39m [38;5;3m[Emargement] [39m[31mÉmargement en mode dégradé : Valkey indisponible, écriture directe en base.[39m
[31m[Nest] 41956  - [39m06/10/2026 16:17:53 [31m  ERROR[39m [38;5;3m[Emargement] [39m[31mÉmargement en mode dégradé : Valkey indisponible, écriture directe en base.[39m
[31m[Nest] 41956  - [39m06/10/2026 16:17:53 [31m  ERROR[39m [38;5;3m[Emargement] [39m[31mÉmargement en mode dégradé : Valkey indisponible, écriture directe en base.[39m
[31m[Nest] 41956  - [39m06/10/2026 16:17:53 [31m  ERROR[39m [38;5;3m[Emargement] [39m[31mÉmargement en mode dégradé : Valkey indisponible, écriture directe en base.[39m
[31m[Nest] 41956  - [39m06/10/2026 16:17:53 [31m  ERROR[39m [38;5;3m[Emargement] [39m[31mÉmargement en mode dégradé : Valkey indisponible, écriture directe en base.[39m
[31m[Nest] 41956  - [39m06/10/2026 16:17:53 [31m  ERROR[39m [38;5;3m[Emargement] [39m[31mÉmargement en mode dégradé : Valkey indisponible, écriture directe en base.[39m
[31m[Nest] 41956  - [39m06/10/2026 16:17:53 [31m  ERROR[39m [38;5;3m[Emargement] [39m[31mÉmargement en mode dégradé : Valkey indisponible, écriture directe en base.[39m
[31m[Nest] 41956  - [39m06/10/2026 16:17:53 [31m  ERROR[39m [38;5;3m[Emargement] [39m[31mÉmargement en mode dégradé : Valkey indisponible, écriture directe en base.[39m
[31m[Nest] 41956  - [39m06/10/2026 16:17:53 [31m  ERROR[39m [38;5;3m[Emargement] [39m[31mÉmargement en mode dégradé : Valkey indisponible, écriture directe en base.[39m
[31m[Nest] 41956  - [39m06/10/2026 16:17:53 [31m  ERROR[39m [38;5;3m[Emargement] [39m[31mÉmargement en mode dégradé : Valkey indisponible, écriture directe en base.[39m
[31m[Nest] 41956  - [39m06/10/2026 16:17:53 [31m  ERROR[39m [38;5;3m[Emargement] [39m[31mÉmargement en mode dégradé : Valkey indisponible, écriture directe en base.[39m
[31m[Nest] 41956  - [39m06/10/2026 16:17:53 [31m  ERROR[39m [38;5;3m[Emargement] [39m[31mÉmargement en mode dégradé : Valkey indisponible, écriture directe en base.[39m
[31m[Nest] 41956  - [39m06/10/2026 16:17:53 [31m  ERROR[39m [38;5;3m[Emargement] [39m[31mÉmargement en mode dégradé : Valkey indisponible, écriture directe en base.[39m
[31m[Nest] 41956  - [39m06/10/2026 16:17:53 [31m  ERROR[39m [38;5;3m[Emargement] [39m[31mÉmargement en mode dégradé : Valkey indisponible, écriture directe en base.[39m
[31m[Nest] 41956  - [39m06/10/2026 16:17:53 [31m  ERROR[39m [38;5;3m[Emargement] [39m[31mÉmargement en mode dégradé : Valkey indisponible, écriture directe en base.[39m
[31m[Nest] 41956  - [39m06/10/2026 16:17:53 [31m  ERROR[39m [38;5;3m[Emargement] [39m[31mÉmargement en mode dégradé : Valkey indisponible, écriture directe en base.[39m
[31m[Nest] 41956  - [39m06/10/2026 16:17:53 [31m  ERROR[39m [38;5;3m[Emargement] [39m[31mÉmargement en mode dégradé : Valkey indisponible, écriture directe en base.[39m
[31m[Nest] 41956  - [39m06/10/2026 16:17:53 [31m  ERROR[39m [38;5;3m[Emargement] [39m[31mÉmargement en mode dégradé : Valkey indisponible, écriture directe en base.[39m
[31m[Nest] 41956  - [39m06/10/2026 16:17:53 [31m  ERROR[39m [38;5;3m[Emargement] [39m[31mÉmargement en mode dégradé : Valkey indisponible, écriture directe en base.[39m
[31m[Nest] 41956  - [39m06/10/2026 16:17:53 [31m  ERROR[39m [38;5;3m[Emargement] [39m[31mÉmargement en mode dégradé : Valkey indisponible, écriture directe en base.[39m
[31m[Nest] 41956  - [39m06/10/2026 16:17:53 [31m  ERROR[39m [38;5;3m[Emargement] [39m[31mÉmargement en mode dégradé : Valkey indisponible, écriture directe en base.[39m
[31m[Nest] 41956  - [39m06/10/2026 16:17:53 [31m  ERROR[39m [38;5;3m[Emargement] [39m[31mÉmargement en mode dégradé : Valkey indisponible, écriture directe en base.[39m
[31m[Nest] 41956  - [39m06/10/2026 16:17:53 [31m  ERROR[39m [38;5;3m[Emargement] [39m[31mÉmargement en mode dégradé : Valkey indisponible, écriture directe en base.[39m
[31m[Nest] 41956  - [39m06/10/2026 16:17:54 [31m  ERROR[39m [38;5;3m[Emargement] [39m[31mÉmargement en mode dégradé : Valkey indisponible, écriture directe en base.[39m
[ioredis] Unhandled error event: AggregateError [ECONNREFUSED]: 
    at internalConnectMultiple (node:net:1194:18)
    at afterConnectMultiple (node:net:1784:7)
[31m[Nest] 41956  - [39m06/10/2026 16:17:54 [31m  ERROR[39m [38;5;3m[Emargement] [39m[31mÉmargement en mode dégradé : Valkey indisponible, écriture directe en base.[39m
[31m[Nest] 41956  - [39m06/10/2026 16:17:54 [31m  ERROR[39m [38;5;3m[Emargement] [39m[31mÉmargement en mode dégradé : Valkey indisponible, écriture directe en base.[39m
[31m[Nest] 41956  - [39m06/10/2026 16:17:54 [31m  ERROR[39m [38;5;3m[Emargement] [39m[31mÉmargement en mode dégradé : Valkey indisponible, écriture directe en base.[39m
[31m[Nest] 41956  - [39m06/10/2026 16:17:54 [31m  ERROR[39m [38;5;3m[Emargement] [39m[31mÉmargement en mode dégradé : Valkey indisponible, écriture directe en base.[39m
[31m[Nest] 41956  - [39m06/10/2026 16:17:54 [31m  ERROR[39m [38;5;3m[Emargement] [39m[31mÉmargement en mode dégradé : Valkey indisponible, écriture directe en base.[39m
[31m[Nest] 41956  - [39m06/10/2026 16:17:54 [31m  ERROR[39m [38;5;3m[Emargement] [39m[31mÉmargement en mode dégradé : Valkey indisponible, écriture directe en base.[39m
[31m[Nest] 41956  - [39m06/10/2026 16:17:54 [31m  ERROR[39m [38;5;3m[Emargement] [39m[31mÉmargement en mode dégradé : Valkey indisponible, écriture directe en base.[39m
[31m[Nest] 41956  - [39m06/10/2026 16:17:54 [31m  ERROR[39m [38;5;3m[Emargement] [39m[31mÉmargement en mode dégradé : Valkey indisponible, écriture directe en base.[39m
[31m[Nest] 41956  - [39m06/10/2026 16:17:54 [31m  ERROR[39m [38;5;3m[Emargement] [39m[31mÉmargement en mode dégradé : Valkey indisponible, écriture directe en base.[39m
[31m[Nest] 41956  - [39m06/10/2026 16:17:54 [31m  ERROR[39m [38;5;3m[Emargement] [39m[31mÉmargement en mode dégradé : Valkey indisponible, écriture directe en base.[39m
[31m[Nest] 41956  - [39m06/10/2026 16:17:54 [31m  ERROR[39m [38;5;3m[Emargement] [39m[31mÉmargement en mode dégradé : Valkey indisponible, écriture directe en base.[39m
[31m[Nest] 41956  - [39m06/10/2026 16:17:54 [31m  ERROR[39m [38;5;3m[Emargement] [39m[31mÉmargement en mode dégradé : Valkey indisponible, écriture directe en base.[39m
[31m[Nest] 41956  - [39m06/10/2026 16:17:54 [31m  ERROR[39m [38;5;3m[Emargement] [39m[31mÉmargement en mode dégradé : Valkey indisponible, écriture directe en base.[39m
[31m[Nest] 41956  - [39m06/10/2026 16:17:54 [31m  ERROR[39m [38;5;3m[Emargement] [39m[31mÉmargement en mode dégradé : Valkey indisponible, écriture directe en base.[39m
[31m[Nest] 41956  - [39m06/10/2026 16:17:54 [31m  ERROR[39m [38;5;3m[Emargement] [39m[31mÉmargement en mode dégradé : Valkey indisponible, écriture directe en base.[39m
[31m[Nest] 41956  - [39m06/10/2026 16:17:54 [31m  ERROR[39m [38;5;3m[Emargement] [39m[31mÉmargement en mode dégradé : Valkey indisponible, écriture directe en base.[39m
[31m[Nest] 41956  - [39m06/10/2026 16:17:54 [31m  ERROR[39m [38;5;3m[Emargement] [39m[31mÉmargement en mode dégradé : Valkey indisponible, écriture directe en base.[39m
[31m[Nest] 41956  - [39m06/10/2026 16:17:54 [31m  ERROR[39m [38;5;3m[Emargement] [39m[31mÉmargement en mode dégradé : Valkey indisponible, écriture directe en base.[39m
[31m[Nest] 41956  - [39m06/10/2026 16:17:54 [31m  ERROR[39m [38;5;3m[Emargement] [39m[31mÉmargement en mode dégradé : Valkey indisponible, écriture directe en base.[39m
[31m[Nest] 41956  - [39m06/10/2026 16:17:54 [31m  ERROR[39m [38;5;3m[Emargement] [39m[31mÉmargement en mode dégradé : Valkey indisponible, écriture directe en base.[39m
[31m[Nest] 41956  - [39m06/10/2026 16:17:54 [31m  ERROR[39m [38;5;3m[Emargement] [39m[31mÉmargement en mode dégradé : Valkey indisponible, écriture directe en base.[39m
[31m[Nest] 41956  - [39m06/10/2026 16:17:54 [31m  ERROR[39m [38;5;3m[Emargement] [39m[31mÉmargement en mode dégradé : Valkey indisponible, écriture directe en base.[39m
[31m[Nest] 41956  - [39m06/10/2026 16:17:54 [31m  ERROR[39m [38;5;3m[Emargement] [39m[31mÉmargement en mode dégradé : Valkey indisponible, écriture directe en base.[39m
[31m[Nest] 41956  - [39m06/10/2026 16:17:54 [31m  ERROR[39m [38;5;3m[Emargement] [39m[31mÉmargement en mode dégradé : Valkey indisponible, écriture directe en base.[39m
[31m[Nest] 41956  - [39m06/10/2026 16:17:54 [31m  ERROR[39m [38;5;3m[Emargement] [39m[31mÉmargement en mode dégradé : Valkey indisponible, écriture directe en base.[39m
[31m[Nest] 41956  - [39m06/10/2026 16:17:54 [31m  ERROR[39m [38;5;3m[Emargement] [39m[31mÉmargement en mode dégradé : Valkey indisponible, écriture directe en base.[39m
[31m[Nest] 41956  - [39m06/10/2026 16:17:54 [31m  ERROR[39m [38;5;3m[Emargement] [39m[31mÉmargement en mode dégradé : Valkey indisponible, écriture directe en base.[39m
[31m[Nest] 41956  - [39m06/10/2026 16:17:55 [31m  ERROR[39m [38;5;3m[Emargement] [39m[31mÉmargement en mode dégradé : Valkey indisponible, écriture directe en base.[39m
[31m[Nest] 41956  - [39m06/10/2026 16:17:55 [31m  ERROR[39m [38;5;3m[Emargement] [39m[31mÉmargement en mode dégradé : Valkey indisponible, écriture directe en base.[39m
[31m[Nest] 41956  - [39m06/10/2026 16:17:55 [31m  ERROR[39m [38;5;3m[Emargement] [39m[31mÉmargement en mode dégradé : Valkey indisponible, écriture directe en base.[39m
[31m[Nest] 41956  - [39m06/10/2026 16:17:55 [31m  ERROR[39m [38;5;3m[Emargement] [39m[31mÉmargement en mode dégradé : Valkey indisponible, écriture directe en base.[39m
[31m[Nest] 41956  - [39m06/10/2026 16:17:55 [31m  ERROR[39m [38;5;3m[Emargement] [39m[31mÉmargement en mode dégradé : Valkey indisponible, écriture directe en base.[39m
[31m[Nest] 41956  - [39m06/10/2026 16:17:55 [31m  ERROR[39m [38;5;3m[Emargement] [39m[31mÉmargement en mode dégradé : Valkey indisponible, écriture directe en base.[39m
[31m[Nest] 41956  - [39m06/10/2026 16:17:55 [31m  ERROR[39m [38;5;3m[Emargement] [39m[31mÉmargement en mode dégradé : Valkey indisponible, écriture directe en base.[39m
[31m[Nest] 41956  - [39m06/10/2026 16:17:55 [31m  ERROR[39m [38;5;3m[Emargement] [39m[31mÉmargement en mode dégradé : Valkey indisponible, écriture directe en base.[39m
[31m[Nest] 41956  - [39m06/10/2026 16:17:55 [31m  ERROR[39m [38;5;3m[Emargement] [39m[31mÉmargement en mode dégradé : Valkey indisponible, écriture directe en base.[39m
[31m[Nest] 41956  - [39m06/10/2026 16:17:55 [31m  ERROR[39m [38;5;3m[Emargement] [39m[31mÉmargement en mode dégradé : Valkey indisponible, écriture directe en base.[39m
[31m[Nest] 41956  - [39m06/10/2026 16:17:55 [31m  ERROR[39m [38;5;3m[Emargement] [39m[31mÉmargement en mode dégradé : Valkey indisponible, écriture directe en base.[39m
[31m[Nest] 41956  - [39m06/10/2026 16:17:55 [31m  ERROR[39m [38;5;3m[Emargement] [39m[31mÉmargement en mode dégradé : Valkey indisponible, écriture directe en base.[39m
[31m[Nest] 41956  - [39m06/10/2026 16:17:55 [31m  ERROR[39m [38;5;3m[Emargement] [39m[31mÉmargement en mode dégradé : Valkey indisponible, écriture directe en base.[39m
[31m[Nest] 41956  - [39m06/10/2026 16:17:55 [31m  ERROR[39m [38;5;3m[Emargement] [39m[31mÉmargement en mode dégradé : Valkey indisponible, écriture directe en base.[39m
[31m[Nest] 41956  - [39m06/10/2026 16:17:55 [31m  ERROR[39m [38;5;3m[Emargement] [39m[31mÉmargement en mode dégradé : Valkey indisponible, écriture directe en base.[39m
[31m[Nest] 41956  - [39m06/10/2026 16:17:55 [31m  ERROR[39m [38;5;3m[Emargement] [39m[31mÉmargement en mode dégradé : Valkey indisponible, écriture directe en base.[39m
[31m[Nest] 41956  - [39m06/10/2026 16:17:55 [31m  ERROR[39m [38;5;3m[Emargement] [39m[31mÉmargement en mode dégradé : Valkey indisponible, écriture directe en base.[39m
[31m[Nest] 41956  - [39m06/10/2026 16:17:55 [31m  ERROR[39m [38;5;3m[Emargement] [39m[31mÉmargement en mode dégradé : Valkey indisponible, écriture directe en base.[39m
[31m[Nest] 41956  - [39m06/10/2026 16:17:55 [31m  ERROR[39m [38;5;3m[Emargement] [39m[31mÉmargement en mode dégradé : Valkey indisponible, écriture directe en base.[39m
[31m[Nest] 41956  - [39m06/10/2026 16:17:55 [31m  ERROR[39m [38;5;3m[Emargement] [39m[31mÉmargement en mode dégradé : Valkey indisponible, écriture directe en base.[39m
[31m[Nest] 41956  - [39m06/10/2026 16:17:55 [31m  ERROR[39m [38;5;3m[Emargement] [39m[31mÉmargement en mode dégradé : Valkey indisponible, écriture directe en base.[39m
[31m[Nest] 41956  - [39m06/10/2026 16:17:55 [31m  ERROR[39m [38;5;3m[Emargement] [39m[31mÉmargement en mode dégradé : Valkey indisponible, écriture directe en base.[39m
[31m[Nest] 41956  - [39m06/10/2026 16:17:55 [31m  ERROR[39m [38;5;3m[Emargement] [39m[31mÉmargement en mode dégradé : Valkey indisponible, écriture directe en base.[39m
[31m[Nest] 41956  - [39m06/10/2026 16:17:56 [31m  ERROR[39m [38;5;3m[Emargement] [39m[31mÉmargement en mode dégradé : Valkey indisponible, écriture directe en base.[39m
[31m[Nest] 41956  - [39m06/10/2026 16:17:56 [31m  ERROR[39m [38;5;3m[Emargement] [39m[31mÉmargement en mode dégradé : Valkey indisponible, écriture directe en base.[39m
[31m[Nest] 41956  - [39m06/10/2026 16:17:56 [31m  ERROR[39m [38;5;3m[Emargement] [39m[31mÉmargement en mode dégradé : Valkey indisponible, écriture directe en base.[39m
[31m[Nest] 41956  - [39m06/10/2026 16:17:56 [31m  ERROR[39m [38;5;3m[Emargement] [39m[31mÉmargement en mode dégradé : Valkey indisponible, écriture directe en base.[39m
[31m[Nest] 41956  - [39m06/10/2026 16:17:56 [31m  ERROR[39m [38;5;3m[Emargement] [39m[31mÉmargement en mode dégradé : Valkey indisponible, écriture directe en base.[39m
[31m[Nest] 41956  - [39m06/10/2026 16:17:56 [31m  ERROR[39m [38;5;3m[Emargement] [39m[31mÉmargement en mode dégradé : Valkey indisponible, écriture directe en base.[39m
[31m[Nest] 41956  - [39m06/10/2026 16:17:56 [31m  ERROR[39m [38;5;3m[Emargement] [39m[31mÉmargement en mode dégradé : Valkey indisponible, écriture directe en base.[39m
[31m[Nest] 41956  - [39m06/10/2026 16:17:56 [31m  ERROR[39m [38;5;3m[Emargement] [39m[31mÉmargement en mode dégradé : Valkey indisponible, écriture directe en base.[39m
[31m[Nest] 41956  - [39m06/10/2026 16:17:56 [31m  ERROR[39m [38;5;3m[Emargement] [39m[31mÉmargement en mode dégradé : Valkey indisponible, écriture directe en base.[39m
[31m[Nest] 41956  - [39m06/10/2026 16:17:56 [31m  ERROR[39m [38;5;3m[Emargement] [39m[31mÉmargement en mode dégradé : Valkey indisponible, écriture directe en base.[39m
[31m[Nest] 41956  - [39m06/10/2026 16:17:56 [31m  ERROR[39m [38;5;3m[Emargement] [39m[31mÉmargement en mode dégradé : Valkey indisponible, écriture directe en base.[39m
[31m[Nest] 41956  - [39m06/10/2026 16:17:56 [31m  ERROR[39m [38;5;3m[Emargement] [39m[31mÉmargement en mode dégradé : Valkey indisponible, écriture directe en base.[39m
[31m[Nest] 41956  - [39m06/10/2026 16:17:56 [31m  ERROR[39m [38;5;3m[Emargement] [39m[31mÉmargement en mode dégradé : Valkey indisponible, écriture directe en base.[39m
[31m[Nest] 41956  - [39m06/10/2026 16:17:56 [31m  ERROR[39m [38;5;3m[Emargement] [39m[31mÉmargement en mode dégradé : Valkey indisponible, écriture directe en base.[39m
[31m[Nest] 41956  - [39m06/10/2026 16:17:56 [31m  ERROR[39m [38;5;3m[Emargement] [39m[31mÉmargement en mode dégradé : Valkey indisponible, écriture directe en base.[39m
[31m[Nest] 41956  - [39m06/10/2026 16:17:56 [31m  ERROR[39m [38;5;3m[Emargement] [39m[31mÉmargement en mode dégradé : Valkey indisponible, écriture directe en base.[39m
[31m[Nest] 41956  - [39m06/10/2026 16:17:56 [31m  ERROR[39m [38;5;3m[Emargement] [39m[31mÉmargement en mode dégradé : Valkey indisponible, écriture directe en base.[39m
[31m[Nest] 41956  - [39m06/10/2026 16:17:56 [31m  ERROR[39m [38;5;3m[Emargement] [39m[31mÉmargement en mode dégradé : Valkey indisponible, écriture directe en base.[39m
[31m[Nest] 41956  - [39m06/10/2026 16:17:56 [31m  ERROR[39m [38;5;3m[Emargement] [39m[31mÉmargement en mode dégradé : Valkey indisponible, écriture directe en base.[39m
[31m[Nest] 41956  - [39m06/10/2026 16:17:56 [31m  ERROR[39m [38;5;3m[Emargement] [39m[31mÉmargement en mode dégradé : Valkey indisponible, écriture directe en base.[39m
[31m[Nest] 41956  - [39m06/10/2026 16:17:56 [31m  ERROR[39m [38;5;3m[Emargement] [39m[31mÉmargement en mode dégradé : Valkey indisponible, écriture directe en base.[39m
[31m[Nest] 41956  - [39m06/10/2026 16:17:56 [31m  ERROR[39m [38;5;3m[Emargement] [39m[31mÉmargement en mode dégradé : Valkey indisponible, écriture directe en base.[39m
[31m[Nest] 41956  - [39m06/10/2026 16:17:56 [31m  ERROR[39m [38;5;3m[Emargement] [39m[31mÉmargement en mode dégradé : Valkey indisponible, écriture directe en base.[39m
[31m[Nest] 41956  - [39m06/10/2026 16:17:57 [31m  ERROR[39m [38;5;3m[Emargement] [39m[31mÉmargement en mode dégradé : Valkey indisponible, écriture directe en base.[39m
[31m[Nest] 41956  - [39m06/10/2026 16:17:57 [31m  ERROR[39m [38;5;3m[Emargement] [39m[31mÉmargement en mode dégradé : Valkey indisponible, écriture directe en base.[39m
[31m[Nest] 41956  - [39m06/10/2026 16:17:57 [31m  ERROR[39m [38;5;3m[Emargement] [39m[31mÉmargement en mode dégradé : Valkey indisponible, écriture directe en base.[39m
[31m[Nest] 41956  - [39m06/10/2026 16:17:57 [31m  ERROR[39m [38;5;3m[Emargement] [39m[31mÉmargement en mode dégradé : Valkey indisponible, écriture directe en base.[39m
[31m[Nest] 41956  - [39m06/10/2026 16:17:57 [31m  ERROR[39m [38;5;3m[Emargement] [39m[31mÉmargement en mode dégradé : Valkey indisponible, écriture directe en base.[39m
[31m[Nest] 41956  - [39m06/10/2026 16:17:57 [31m  ERROR[39m [38;5;3m[Emargement] [39m[31mÉmargement en mode dégradé : Valkey indisponible, écriture directe en base.[39m
[31m[Nest] 41956  - [39m06/10/2026 16:17:57 [31m  ERROR[39m [38;5;3m[Emargement] [39m[31mÉmargement en mode dégradé : Valkey indisponible, écriture directe en base.[39m
[31m[Nest] 41956  - [39m06/10/2026 16:17:57 [31m  ERROR[39m [38;5;3m[Emargement] [39m[31mÉmargement en mode dégradé : Valkey indisponible, écriture directe en base.[39m
[31m[Nest] 41956  - [39m06/10/2026 16:17:57 [31m  ERROR[39m [38;5;3m[Emargement] [39m[31mÉmargement en mode dégradé : Valkey indisponible, écriture directe en base.[39m
[31m[Nest] 41956  - [39m06/10/2026 16:17:57 [31m  ERROR[39m [38;5;3m[Emargement] [39m[31mÉmargement en mode dégradé : Valkey indisponible, écriture directe en base.[39m
[31m[Nest] 41956  - [39m06/10/2026 16:17:57 [31m  ERROR[39m [38;5;3m[Emargement] [39m[31mÉmargement en mode dégradé : Valkey indisponible, écriture directe en base.[39m
[31m[Nest] 41956  - [39m06/10/2026 16:17:57 [31m  ERROR[39m [38;5;3m[Emargement] [39m[31mÉmargement en mode dégradé : Valkey indisponible, écriture directe en base.[39m
[31m[Nest] 41956  - [39m06/10/2026 16:17:57 [31m  ERROR[39m [38;5;3m[Emargement] [39m[31mÉmargement en mode dégradé : Valkey indisponible, écriture directe en base.[39m
[31m[Nest] 41956  - [39m06/10/2026 16:17:57 [31m  ERROR[39m [38;5;3m[Emargement] [39m[31mÉmargement en mode dégradé : Valkey indisponible, écriture directe en base.[39m
[31m[Nest] 41956  - [39m06/10/2026 16:17:57 [31m  ERROR[39m [38;5;3m[Emargement] [39m[31mÉmargement en mode dégradé : Valkey indisponible, écriture directe en base.[39m
[31m[Nest] 41956  - [39m06/10/2026 16:17:57 [31m  ERROR[39m [38;5;3m[Emargement] [39m[31mÉmargement en mode dégradé : Valkey indisponible, écriture directe en base.[39m
[31m[Nest] 41956  - [39m06/10/2026 16:17:57 [31m  ERROR[39m [38;5;3m[Emargement] [39m[31mÉmargement en mode dégradé : Valkey indisponible, écriture directe en base.[39m
[31m[Nest] 41956  - [39m06/10/2026 16:17:57 [31m  ERROR[39m [38;5;3m[Emargement] [39m[31mÉmargement en mode dégradé : Valkey indisponible, écriture directe en base.[39m
[31m[Nest] 41956  - [39m06/10/2026 16:17:57 [31m  ERROR[39m [38;5;3m[Emargement] [39m[31mÉmargement en mode dégradé : Valkey indisponible, écriture directe en base.[39m
[31m[Nest] 41956  - [39m06/10/2026 16:17:57 [31m  ERROR[39m [38;5;3m[Emargement] [39m[31mÉmargement en mode dégradé : Valkey indisponible, écriture directe en base.[39m
[31m[Nest] 41956  - [39m06/10/2026 16:17:57 [31m  ERROR[39m [38;5;3m[Emargement] [39m[31mÉmargement en mode dégradé : Valkey indisponible, écriture directe en base.[39m
[31m[Nest] 41956  - [39m06/10/2026 16:17:57 [31m  ERROR[39m [38;5;3m[Emargement] [39m[31mÉmargement en mode dégradé : Valkey indisponible, écriture directe en base.[39m
[31m[Nest] 41956  - [39m06/10/2026 16:17:57 [31m  ERROR[39m [38;5;3m[Emargement] [39m[31mÉmargement en mode dégradé : Valkey indisponible, écriture directe en base.[39m
[31m[Nest] 41956  - [39m06/10/2026 16:17:58 [31m  ERROR[39m [38;5;3m[Emargement] [39m[31mÉmargement en mode dégradé : Valkey indisponible, écriture directe en base.[39m
[31m[Nest] 41956  - [39m06/10/2026 16:17:58 [31m  ERROR[39m [38;5;3m[Emargement] [39m[31mÉmargement en mode dégradé : Valkey indisponible, écriture directe en base.[39m
[31m[Nest] 41956  - [39m06/10/2026 16:17:58 [31m  ERROR[39m [38;5;3m[Emargement] [39m[31mÉmargement en mode dégradé : Valkey indisponible, écriture directe en base.[39m
[31m[Nest] 41956  - [39m06/10/2026 16:17:58 [31m  ERROR[39m [38;5;3m[Emargement] [39m[31mÉmargement en mode dégradé : Valkey indisponible, écriture directe en base.[39m
[31m[Nest] 41956  - [39m06/10/2026 16:17:58 [31m  ERROR[39m [38;5;3m[Emargement] [39m[31mÉmargement en mode dégradé : Valkey indisponible, écriture directe en base.[39m
[31m[Nest] 41956  - [39m06/10/2026 16:17:58 [31m  ERROR[39m [38;5;3m[Emargement] [39m[31mÉmargement en mode dégradé : Valkey indisponible, écriture directe en base.[39m
[31m[Nest] 41956  - [39m06/10/2026 16:17:58 [31m  ERROR[39m [38;5;3m[Emargement] [39m[31mÉmargement en mode dégradé : Valkey indisponible, écriture directe en base.[39m
[31m[Nest] 41956  - [39m06/10/2026 16:17:58 [31m  ERROR[39m [38;5;3m[Emargement] [39m[31mÉmargement en mode dégradé : Valkey indisponible, écriture directe en base.[39m
[31m[Nest] 41956  - [39m06/10/2026 16:17:58 [31m  ERROR[39m [38;5;3m[Emargement] [39m[31mÉmargement en mode dégradé : Valkey indisponible, écriture directe en base.[39m
[31m[Nest] 41956  - [39m06/10/2026 16:17:58 [31m  ERROR[39m [38;5;3m[Emargement] [39m[31mÉmargement en mode dégradé : Valkey indisponible, écriture directe en base.[39m
[31m[Nest] 41956  - [39m06/10/2026 16:17:58 [31m  ERROR[39m [38;5;3m[Emargement] [39m[31mÉmargement en mode dégradé : Valkey indisponible, écriture directe en base.[39m
[31m[Nest] 41956  - [39m06/10/2026 16:17:58 [31m  ERROR[39m [38;5;3m[Emargement] [39m[31mÉmargement en mode dégradé : Valkey indisponible, écriture directe en base.[39m
[31m[Nest] 41956  - [39m06/10/2026 16:17:58 [31m  ERROR[39m [38;5;3m[Emargement] [39m[31mÉmargement en mode dégradé : Valkey indisponible, écriture directe en base.[39m
[31m[Nest] 41956  - [39m06/10/2026 16:17:58 [31m  ERROR[39m [38;5;3m[Emargement] [39m[31mÉmargement en mode dégradé : Valkey indisponible, écriture directe en base.[39m
[31m[Nest] 41956  - [39m06/10/2026 16:17:58 [31m  ERROR[39m [38;5;3m[Emargement] [39m[31mÉmargement en mode dégradé : Valkey indisponible, écriture directe en base.[39m
[31m[Nest] 41956  - [39m06/10/2026 16:17:58 [31m  ERROR[39m [38;5;3m[Emargement] [39m[31mÉmargement en mode dégradé : Valkey indisponible, écriture directe en base.[39m
[31m[Nest] 41956  - [39m06/10/2026 16:17:58 [31m  ERROR[39m [38;5;3m[Emargement] [39m[31mÉmargement en mode dégradé : Valkey indisponible, écriture directe en base.[39m
[31m[Nest] 41956  - [39m06/10/2026 16:17:58 [31m  ERROR[39m [38;5;3m[Emargement] [39m[31mÉmargement en mode dégradé : Valkey indisponible, écriture directe en base.[39m
[31m[Nest] 41956  - [39m06/10/2026 16:17:58 [31m  ERROR[39m [38;5;3m[Emargement] [39m[31mÉmargement en mode dégradé : Valkey indisponible, écriture directe en base.[39m
[31m[Nest] 41956  - [39m06/10/2026 16:17:58 [31m  ERROR[39m [38;5;3m[Emargement] [39m[31mÉmargement en mode dégradé : Valkey indisponible, écriture directe en base.[39m
[31m[Nest] 41956  - [39m06/10/2026 16:17:58 [31m  ERROR[39m [38;5;3m[Emargement] [39m[31mÉmargement en mode dégradé : Valkey indisponible, écriture directe en base.[39m
[31m[Nest] 41956  - [39m06/10/2026 16:17:58 [31m  ERROR[39m [38;5;3m[Emargement] [39m[31mÉmargement en mode dégradé : Valkey indisponible, écriture directe en base.[39m
[31m[Nest] 41956  - [39m06/10/2026 16:17:58 [31m  ERROR[39m [38;5;3m[Emargement] [39m[31mÉmargement en mode dégradé : Valkey indisponible, écriture directe en base.[39m
[31m[Nest] 41956  - [39m06/10/2026 16:17:59 [31m  ERROR[39m [38;5;3m[Emargement] [39m[31mÉmargement en mode dégradé : Valkey indisponible, écriture directe en base.[39m
[31m[Nest] 41956  - [39m06/10/2026 16:17:59 [31m  ERROR[39m [38;5;3m[Emargement] [39m[31mÉmargement en mode dégradé : Valkey indisponible, écriture directe en base.[39m
[31m[Nest] 41956  - [39m06/10/2026 16:17:59 [31m  ERROR[39m [38;5;3m[Emargement] [39m[31mÉmargement en mode dégradé : Valkey indisponible, écriture directe en base.[39m
[31m[Nest] 41956  - [39m06/10/2026 16:17:59 [31m  ERROR[39m [38;5;3m[Emargement] [39m[31mÉmargement en mode dégradé : Valkey indisponible, écriture directe en base.[39m
[ioredis] Unhandled error event: AggregateError [ECONNREFUSED]: 
    at internalConnectMultiple (node:net:1194:18)
    at afterConnectMultiple (node:net:1784:7)
[31m[Nest] 41956  - [39m06/10/2026 16:17:59 [31m  ERROR[39m [38;5;3m[Emargement] [39m[31mÉmargement en mode dégradé : Valkey indisponible, écriture directe en base.[39m
[31m[Nest] 41956  - [39m06/10/2026 16:17:59 [31m  ERROR[39m [38;5;3m[Emargement] [39m[31mÉmargement en mode dégradé : Valkey indisponible, écriture directe en base.[39m
[31m[Nest] 41956  - [39m06/10/2026 16:17:59 [31m  ERROR[39m [38;5;3m[Emargement] [39m[31mÉmargement en mode dégradé : Valkey indisponible, écriture directe en base.[39m
[31m[Nest] 41956  - [39m06/10/2026 16:17:59 [31m  ERROR[39m [38;5;3m[Emargement] [39m[31mÉmargement en mode dégradé : Valkey indisponible, écriture directe en base.[39m
[31m[Nest] 41956  - [39m06/10/2026 16:17:59 [31m  ERROR[39m [38;5;3m[Emargement] [39m[31mÉmargement en mode dégradé : Valkey indisponible, écriture directe en base.[39m
[31m[Nest] 41956  - [39m06/10/2026 16:17:59 [31m  ERROR[39m [38;5;3m[Emargement] [39m[31mÉmargement en mode dégradé : Valkey indisponible, écriture directe en base.[39m
[31m[Nest] 41956  - [39m06/10/2026 16:17:59 [31m  ERROR[39m [38;5;3m[Emargement] [39m[31mÉmargement en mode dégradé : Valkey indisponible, écriture directe en base.[39m
[31m[Nest] 41956  - [39m06/10/2026 16:17:59 [31m  ERROR[39m [38;5;3m[Emargement] [39m[31mÉmargement en mode dégradé : Valkey indisponible, écriture directe en base.[39m
[31m[Nest] 41956  - [39m06/10/2026 16:17:59 [31m  ERROR[39m [38;5;3m[Emargement] [39m[31mÉmargement en mode dégradé : Valkey indisponible, écriture directe en base.[39m
[31m[Nest] 41956  - [39m06/10/2026 16:17:59 [31m  ERROR[39m [38;5;3m[Emargement] [39m[31mÉmargement en mode dégradé : Valkey indisponible, écriture directe en base.[39m
[31m[Nest] 41956  - [39m06/10/2026 16:17:59 [31m  ERROR[39m [38;5;3m[Emargement] [39m[31mÉmargement en mode dégradé : Valkey indisponible, écriture directe en base.[39m
[31m[Nest] 41956  - [39m06/10/2026 16:17:59 [31m  ERROR[39m [38;5;3m[Emargement] [39m[31mÉmargement en mode dégradé : Valkey indisponible, écriture directe en base.[39m
[31m[Nest] 41956  - [39m06/10/2026 16:17:59 [31m  ERROR[39m [38;5;3m[Emargement] [39m[31mÉmargement en mode dégradé : Valkey indisponible, écriture directe en base.[39m
[31m[Nest] 41956  - [39m06/10/2026 16:17:59 [31m  ERROR[39m [38;5;3m[Emargement] [39m[31mÉmargement en mode dégradé : Valkey indisponible, écriture directe en base.[39m
[31m[Nest] 41956  - [39m06/10/2026 16:17:59 [31m  ERROR[39m [38;5;3m[Emargement] [39m[31mÉmargement en mode dégradé : Valkey indisponible, écriture directe en base.[39m
[31m[Nest] 41956  - [39m06/10/2026 16:17:59 [31m  ERROR[39m [38;5;3m[Emargement] [39m[31mÉmargement en mode dégradé : Valkey indisponible, écriture directe en base.[39m
[31m[Nest] 41956  - [39m06/10/2026 16:17:59 [31m  ERROR[39m [38;5;3m[Emargement] [39m[31mÉmargement en mode dégradé : Valkey indisponible, écriture directe en base.[39m
[31m[Nest] 41956  - [39m06/10/2026 16:17:59 [31m  ERROR[39m [38;5;3m[Emargement] [39m[31mÉmargement en mode dégradé : Valkey indisponible, écriture directe en base.[39m
[31m[Nest] 41956  - [39m06/10/2026 16:17:59 [31m  ERROR[39m [38;5;3m[Emargement] [39m[31mÉmargement en mode dégradé : Valkey indisponible, écriture directe en base.[39m
[31m[Nest] 41956  - [39m06/10/2026 16:18:00 [31m  ERROR[39m [38;5;3m[Emargement] [39m[31mÉmargement en mode dégradé : Valkey indisponible, écriture directe en base.[39m
[31m[Nest] 41956  - [39m06/10/2026 16:18:00 [31m  ERROR[39m [38;5;3m[Emargement] [39m[31mÉmargement en mode dégradé : Valkey indisponible, écriture directe en base.[39m
[31m[Nest] 41956  - [39m06/10/2026 16:18:00 [31m  ERROR[39m [38;5;3m[Emargement] [39m[31mÉmargement en mode dégradé : Valkey indisponible, écriture directe en base.[39m
[31m[Nest] 41956  - [39m06/10/2026 16:18:00 [31m  ERROR[39m [38;5;3m[Emargement] [39m[31mÉmargement en mode dégradé : Valkey indisponible, écriture directe en base.[39m
[31m[Nest] 41956  - [39m06/10/2026 16:18:00 [31m  ERROR[39m [38;5;3m[Emargement] [39m[31mÉmargement en mode dégradé : Valkey indisponible, écriture directe en base.[39m
[31m[Nest] 41956  - [39m06/10/2026 16:18:00 [31m  ERROR[39m [38;5;3m[Emargement] [39m[31mÉmargement en mode dégradé : Valkey indisponible, écriture directe en base.[39m
[31m[Nest] 41956  - [39m06/10/2026 16:18:00 [31m  ERROR[39m [38;5;3m[Emargement] [39m[31mÉmargement en mode dégradé : Valkey indisponible, écriture directe en base.[39m
[31m[Nest] 41956  - [39m06/10/2026 16:18:00 [31m  ERROR[39m [38;5;3m[Emargement] [39m[31mÉmargement en mode dégradé : Valkey indisponible, écriture directe en base.[39m
[31m[Nest] 41956  - [39m06/10/2026 16:18:00 [31m  ERROR[39m [38;5;3m[Emargement] [39m[31mÉmargement en mode dégradé : Valkey indisponible, écriture directe en base.[39m
[31m[Nest] 41956  - [39m06/10/2026 16:18:00 [31m  ERROR[39m [38;5;3m[Emargement] [39m[31mÉmargement en mode dégradé : Valkey indisponible, écriture directe en base.[39m
[31m[Nest] 41956  - [39m06/10/2026 16:18:00 [31m  ERROR[39m [38;5;3m[Emargement] [39m[31mÉmargement en mode dégradé : Valkey indisponible, écriture directe en base.[39m
[31m[Nest] 41956  - [39m06/10/2026 16:18:00 [31m  ERROR[39m [38;5;3m[Emargement] [39m[31mÉmargement en mode dégradé : Valkey indisponible, écriture directe en base.[39m
[31m[Nest] 41956  - [39m06/10/2026 16:18:00 [31m  ERROR[39m [38;5;3m[Emargement] [39m[31mÉmargement en mode dégradé : Valkey indisponible, écriture directe en base.[39m
[31m[Nest] 41956  - [39m06/10/2026 16:18:00 [31m  ERROR[39m [38;5;3m[Emargement] [39m[31mÉmargement en mode dégradé : Valkey indisponible, écriture directe en base.[39m
[31m[Nest] 41956  - [39m06/10/2026 16:18:00 [31m  ERROR[39m [38;5;3m[Emargement] [39m[31mÉmargement en mode dégradé : Valkey indisponible, écriture directe en base.[39m
[31m[Nest] 41956  - [39m06/10/2026 16:18:00 [31m  ERROR[39m [38;5;3m[Emargement] [39m[31mÉmargement en mode dégradé : Valkey indisponible, écriture directe en base.[39m
[31m[Nest] 41956  - [39m06/10/2026 16:18:00 [31m  ERROR[39m [38;5;3m[Emargement] [39m[31mÉmargement en mode dégradé : Valkey indisponible, écriture directe en base.[39m
[31m[Nest] 41956  - [39m06/10/2026 16:18:00 [31m  ERROR[39m [38;5;3m[Emargement] [39m[31mÉmargement en mode dégradé : Valkey indisponible, écriture directe en base.[39m
[31m[Nest] 41956  - [39m06/10/2026 16:18:00 [31m  ERROR[39m [38;5;3m[Emargement] [39m[31mÉmargement en mode dégradé : Valkey indisponible, écriture directe en base.[39m
[31m[Nest] 41956  - [39m06/10/2026 16:18:00 [31m  ERROR[39m [38;5;3m[Emargement] [39m[31mÉmargement en mode dégradé : Valkey indisponible, écriture directe en base.[39m
[31m[Nest] 41956  - [39m06/10/2026 16:18:00 [31m  ERROR[39m [38;5;3m[Emargement] [39m[31mÉmargement en mode dégradé : Valkey indisponible, écriture directe en base.[39m
[31m[Nest] 41956  - [39m06/10/2026 16:18:00 [31m  ERROR[39m [38;5;3m[Emargement] [39m[31mÉmargement en mode dégradé : Valkey indisponible, écriture directe en base.[39m
[31m[Nest] 41956  - [39m06/10/2026 16:18:00 [31m  ERROR[39m [38;5;3m[Emargement] [39m[31mÉmargement en mode dégradé : Valkey indisponible, écriture directe en base.[39m
[31m[Nest] 41956  - [39m06/10/2026 16:18:01 [31m  ERROR[39m [38;5;3m[Emargement] [39m[31mÉmargement en mode dégradé : Valkey indisponible, écriture directe en base.[39m
[31m[Nest] 41956  - [39m06/10/2026 16:18:01 [31m  ERROR[39m [38;5;3m[Emargement] [39m[31mÉmargement en mode dégradé : Valkey indisponible, écriture directe en base.[39m
[31m[Nest] 41956  - [39m06/10/2026 16:18:01 [31m  ERROR[39m [38;5;3m[Emargement] [39m[31mÉmargement en mode dégradé : Valkey indisponible, écriture directe en base.[39m
[31m[Nest] 41956  - [39m06/10/2026 16:18:01 [31m  ERROR[39m [38;5;3m[Emargement] [39m[31mÉmargement en mode dégradé : Valkey indisponible, écriture directe en base.[39m
[31m[Nest] 41956  - [39m06/10/2026 16:18:01 [31m  ERROR[39m [38;5;3m[Emargement] [39m[31mÉmargement en mode dégradé : Valkey indisponible, écriture directe en base.[39m
[31m[Nest] 41956  - [39m06/10/2026 16:18:01 [31m  ERROR[39m [38;5;3m[Emargement] [39m[31mÉmargement en mode dégradé : Valkey indisponible, écriture directe en base.[39m
[31m[Nest] 41956  - [39m06/10/2026 16:18:01 [31m  ERROR[39m [38;5;3m[Emargement] [39m[31mÉmargement en mode dégradé : Valkey indisponible, écriture directe en base.[39m
[31m[Nest] 41956  - [39m06/10/2026 16:18:01 [31m  ERROR[39m [38;5;3m[Emargement] [39m[31mÉmargement en mode dégradé : Valkey indisponible, écriture directe en base.[39m
[31m[Nest] 41956  - [39m06/10/2026 16:18:01 [31m  ERROR[39m [38;5;3m[Emargement] [39m[31mÉmargement en mode dégradé : Valkey indisponible, écriture directe en base.[39m
[31m[Nest] 41956  - [39m06/10/2026 16:18:01 [31m  ERROR[39m [38;5;3m[Emargement] [39m[31mÉmargement en mode dégradé : Valkey indisponible, écriture directe en base.[39m
[31m[Nest] 41956  - [39m06/10/2026 16:18:01 [31m  ERROR[39m [38;5;3m[Emargement] [39m[31mÉmargement en mode dégradé : Valkey indisponible, écriture directe en base.[39m
[31m[Nest] 41956  - [39m06/10/2026 16:18:01 [31m  ERROR[39m [38;5;3m[Emargement] [39m[31mÉmargement en mode dégradé : Valkey indisponible, écriture directe en base.[39m
[31m[Nest] 41956  - [39m06/10/2026 16:18:01 [31m  ERROR[39m [38;5;3m[Emargement] [39m[31mÉmargement en mode dégradé : Valkey indisponible, écriture directe en base.[39m
[31m[Nest] 41956  - [39m06/10/2026 16:18:01 [31m  ERROR[39m [38;5;3m[Emargement] [39m[31mÉmargement en mode dégradé : Valkey indisponible, écriture directe en base.[39m
[31m[Nest] 41956  - [39m06/10/2026 16:18:01 [31m  ERROR[39m [38;5;3m[Emargement] [39m[31mÉmargement en mode dégradé : Valkey indisponible, écriture directe en base.[39m
[31m[Nest] 41956  - [39m06/10/2026 16:18:01 [31m  ERROR[39m [38;5;3m[Emargement] [39m[31mÉmargement en mode dégradé : Valkey indisponible, écriture directe en base.[39m
[31m[Nest] 41956  - [39m06/10/2026 16:18:01 [31m  ERROR[39m [38;5;3m[Emargement] [39m[31mÉmargement en mode dégradé : Valkey indisponible, écriture directe en base.[39m
[31m[Nest] 41956  - [39m06/10/2026 16:18:01 [31m  ERROR[39m [38;5;3m[Emargement] [39m[31mÉmargement en mode dégradé : Valkey indisponible, écriture directe en base.[39m
[31m[Nest] 41956  - [39m06/10/2026 16:18:01 [31m  ERROR[39m [38;5;3m[Emargement] [39m[31mÉmargement en mode dégradé : Valkey indisponible, écriture directe en base.[39m
[31m[Nest] 41956  - [39m06/10/2026 16:18:01 [31m  ERROR[39m [38;5;3m[Emargement] [39m[31mÉmargement en mode dégradé : Valkey indisponible, écriture directe en base.[39m
[31m[Nest] 41956  - [39m06/10/2026 16:18:01 [31m  ERROR[39m [38;5;3m[Emargement] [39m[31mÉmargement en mode dégradé : Valkey indisponible, écriture directe en base.[39m
[31m[Nest] 41956  - [39m06/10/2026 16:18:01 [31m  ERROR[39m [38;5;3m[Emargement] [39m[31mÉmargement en mode dégradé : Valkey indisponible, écriture directe en base.[39m
[31m[Nest] 41956  - [39m06/10/2026 16:18:01 [31m  ERROR[39m [38;5;3m[Emargement] [39m[31mÉmargement en mode dégradé : Valkey indisponible, écriture directe en base.[39m
[31m[Nest] 41956  - [39m06/10/2026 16:18:02 [31m  ERROR[39m [38;5;3m[Emargement] [39m[31mÉmargement en mode dégradé : Valkey indisponible, écriture directe en base.[39m
[31m[Nest] 41956  - [39m06/10/2026 16:18:02 [31m  ERROR[39m [38;5;3m[Emargement] [39m[31mÉmargement en mode dégradé : Valkey indisponible, écriture directe en base.[39m
[31m[Nest] 41956  - [39m06/10/2026 16:18:02 [31m  ERROR[39m [38;5;3m[Emargement] [39m[31mÉmargement en mode dégradé : Valkey indisponible, écriture directe en base.[39m
[31m[Nest] 41956  - [39m06/10/2026 16:18:02 [31m  ERROR[39m [38;5;3m[Emargement] [39m[31mÉmargement en mode dégradé : Valkey indisponible, écriture directe en base.[39m
[31m[Nest] 41956  - [39m06/10/2026 16:18:02 [31m  ERROR[39m [38;5;3m[Emargement] [39m[31mÉmargement en mode dégradé : Valkey indisponible, écriture directe en base.[39m
[31m[Nest] 41956  - [39m06/10/2026 16:18:02 [31m  ERROR[39m [38;5;3m[Emargement] [39m[31mÉmargement en mode dégradé : Valkey indisponible, écriture directe en base.[39m
[31m[Nest] 41956  - [39m06/10/2026 16:18:02 [31m  ERROR[39m [38;5;3m[Emargement] [39m[31mÉmargement en mode dégradé : Valkey indisponible, écriture directe en base.[39m
[31m[Nest] 41956  - [39m06/10/2026 16:18:02 [31m  ERROR[39m [38;5;3m[Emargement] [39m[31mÉmargement en mode dégradé : Valkey indisponible, écriture directe en base.[39m
[31m[Nest] 41956  - [39m06/10/2026 16:18:02 [31m  ERROR[39m [38;5;3m[Emargement] [39m[31mÉmargement en mode dégradé : Valkey indisponible, écriture directe en base.[39m
[31m[Nest] 41956  - [39m06/10/2026 16:18:02 [31m  ERROR[39m [38;5;3m[Emargement] [39m[31mÉmargement en mode dégradé : Valkey indisponible, écriture directe en base.[39m
[31m[Nest] 41956  - [39m06/10/2026 16:18:02 [31m  ERROR[39m [38;5;3m[Emargement] [39m[31mÉmargement en mode dégradé : Valkey indisponible, écriture directe en base.[39m
[31m[Nest] 41956  - [39m06/10/2026 16:18:02 [31m  ERROR[39m [38;5;3m[Emargement] [39m[31mÉmargement en mode dégradé : Valkey indisponible, écriture directe en base.[39m
[31m[Nest] 41956  - [39m06/10/2026 16:18:02 [31m  ERROR[39m [38;5;3m[Emargement] [39m[31mÉmargement en mode dégradé : Valkey indisponible, écriture directe en base.[39m
[31m[Nest] 41956  - [39m06/10/2026 16:18:02 [31m  ERROR[39m [38;5;3m[Emargement] [39m[31mÉmargement en mode dégradé : Valkey indisponible, écriture directe en base.[39m
[31m[Nest] 41956  - [39m06/10/2026 16:18:02 [31m  ERROR[39m [38;5;3m[Emargement] [39m[31mÉmargement en mode dégradé : Valkey indisponible, écriture directe en base.[39m
[31m[Nest] 41956  - [39m06/10/2026 16:18:02 [31m  ERROR[39m [38;5;3m[Emargement] [39m[31mÉmargement en mode dégradé : Valkey indisponible, écriture directe en base.[39m
[31m[Nest] 41956  - [39m06/10/2026 16:18:02 [31m  ERROR[39m [38;5;3m[Emargement] [39m[31mÉmargement en mode dégradé : Valkey indisponible, écriture directe en base.[39m
[31m[Nest] 41956  - [39m06/10/2026 16:18:02 [31m  ERROR[39m [38;5;3m[Emargement] [39m[31mÉmargement en mode dégradé : Valkey indisponible, écriture directe en base.[39m
[31m[Nest] 41956  - [39m06/10/2026 16:18:02 [31m  ERROR[39m [38;5;3m[Emargement] [39m[31mÉmargement en mode dégradé : Valkey indisponible, écriture directe en base.[39m
[31m[Nest] 41956  - [39m06/10/2026 16:18:02 [31m  ERROR[39m [38;5;3m[Emargement] [39m[31mÉmargement en mode dégradé : Valkey indisponible, écriture directe en base.[39m
[31m[Nest] 41956  - [39m06/10/2026 16:18:02 [31m  ERROR[39m [38;5;3m[Emargement] [39m[31mÉmargement en mode dégradé : Valkey indisponible, écriture directe en base.[39m
[31m[Nest] 41956  - [39m06/10/2026 16:18:02 [31m  ERROR[39m [38;5;3m[Emargement] [39m[31mÉmargement en mode dégradé : Valkey indisponible, écriture directe en base.[39m
[31m[Nest] 41956  - [39m06/10/2026 16:18:02 [31m  ERROR[39m [38;5;3m[Emargement] [39m[31mÉmargement en mode dégradé : Valkey indisponible, écriture directe en base.[39m
[31m[Nest] 41956  - [39m06/10/2026 16:18:03 [31m  ERROR[39m [38;5;3m[Emargement] [39m[31mÉmargement en mode dégradé : Valkey indisponible, écriture directe en base.[39m
[31m[Nest] 41956  - [39m06/10/2026 16:18:03 [31m  ERROR[39m [38;5;3m[Emargement] [39m[31mÉmargement en mode dégradé : Valkey indisponible, écriture directe en base.[39m
[31m[Nest] 41956  - [39m06/10/2026 16:18:03 [31m  ERROR[39m [38;5;3m[Emargement] [39m[31mÉmargement en mode dégradé : Valkey indisponible, écriture directe en base.[39m
[31m[Nest] 41956  - [39m06/10/2026 16:18:03 [31m  ERROR[39m [38;5;3m[Emargement] [39m[31mÉmargement en mode dégradé : Valkey indisponible, écriture directe en base.[39m
[31m[Nest] 41956  - [39m06/10/2026 16:18:03 [31m  ERROR[39m [38;5;3m[Emargement] [39m[31mÉmargement en mode dégradé : Valkey indisponible, écriture directe en base.[39m
[31m[Nest] 41956  - [39m06/10/2026 16:18:03 [31m  ERROR[39m [38;5;3m[Emargement] [39m[31mÉmargement en mode dégradé : Valkey indisponible, écriture directe en base.[39m
[31m[Nest] 41956  - [39m06/10/2026 16:18:03 [31m  ERROR[39m [38;5;3m[Emargement] [39m[31mÉmargement en mode dégradé : Valkey indisponible, écriture directe en base.[39m
[31m[Nest] 41956  - [39m06/10/2026 16:18:03 [31m  ERROR[39m [38;5;3m[Emargement] [39m[31mÉmargement en mode dégradé : Valkey indisponible, écriture directe en base.[39m
[31m[Nest] 41956  - [39m06/10/2026 16:18:03 [31m  ERROR[39m [38;5;3m[Emargement] [39m[31mÉmargement en mode dégradé : Valkey indisponible, écriture directe en base.[39m
[31m[Nest] 41956  - [39m06/10/2026 16:18:03 [31m  ERROR[39m [38;5;3m[Emargement] [39m[31mÉmargement en mode dégradé : Valkey indisponible, écriture directe en base.[39m
[31m[Nest] 41956  - [39m06/10/2026 16:18:03 [31m  ERROR[39m [38;5;3m[Emargement] [39m[31mÉmargement en mode dégradé : Valkey indisponible, écriture directe en base.[39m
[31m[Nest] 41956  - [39m06/10/2026 16:18:03 [31m  ERROR[39m [38;5;3m[Emargement] [39m[31mÉmargement en mode dégradé : Valkey indisponible, écriture directe en base.[39m
[31m[Nest] 41956  - [39m06/10/2026 16:18:03 [31m  ERROR[39m [38;5;3m[Emargement] [39m[31mÉmargement en mode dégradé : Valkey indisponible, écriture directe en base.[39m
[31m[Nest] 41956  - [39m06/10/2026 16:18:03 [31m  ERROR[39m [38;5;3m[Emargement] [39m[31mÉmargement en mode dégradé : Valkey indisponible, écriture directe en base.[39m
[31m[Nest] 41956  - [39m06/10/2026 16:18:03 [31m  ERROR[39m [38;5;3m[Emargement] [39m[31mÉmargement en mode dégradé : Valkey indisponible, écriture directe en base.[39m
[31m[Nest] 41956  - [39m06/10/2026 16:18:03 [31m  ERROR[39m [38;5;3m[Emargement] [39m[31mÉmargement en mode dégradé : Valkey indisponible, écriture directe en base.[39m
[31m[Nest] 41956  - [39m06/10/2026 16:18:03 [31m  ERROR[39m [38;5;3m[Emargement] [39m[31mÉmargement en mode dégradé : Valkey indisponible, écriture directe en base.[39m
[31m[Nest] 41956  - [39m06/10/2026 16:18:03 [31m  ERROR[39m [38;5;3m[Emargement] [39m[31mÉmargement en mode dégradé : Valkey indisponible, écriture directe en base.[39m
[31m[Nest] 41956  - [39m06/10/2026 16:18:03 [31m  ERROR[39m [38;5;3m[Emargement] [39m[31mÉmargement en mode dégradé : Valkey indisponible, écriture directe en base.[39m
[31m[Nest] 41956  - [39m06/10/2026 16:18:03 [31m  ERROR[39m [38;5;3m[Emargement] [39m[31mÉmargement en mode dégradé : Valkey indisponible, écriture directe en base.[39m
[31m[Nest] 41956  - [39m06/10/2026 16:18:03 [31m  ERROR[39m [38;5;3m[Emargement] [39m[31mÉmargement en mode dégradé : Valkey indisponible, écriture directe en base.[39m
[31m[Nest] 41956  - [39m06/10/2026 16:18:03 [31m  ERROR[39m [38;5;3m[Emargement] [39m[31mÉmargement en mode dégradé : Valkey indisponible, écriture directe en base.[39m
[31m[Nest] 41956  - [39m06/10/2026 16:18:03 [31m  ERROR[39m [38;5;3m[Emargement] [39m[31mÉmargement en mode dégradé : Valkey indisponible, écriture directe en base.[39m
[31m[Nest] 41956  - [39m06/10/2026 16:18:04 [31m  ERROR[39m [38;5;3m[Emargement] [39m[31mÉmargement en mode dégradé : Valkey indisponible, écriture directe en base.[39m
[31m[Nest] 41956  - [39m06/10/2026 16:18:04 [31m  ERROR[39m [38;5;3m[Emargement] [39m[31mÉmargement en mode dégradé : Valkey indisponible, écriture directe en base.[39m
[31m[Nest] 41956  - [39m06/10/2026 16:18:04 [31m  ERROR[39m [38;5;3m[Emargement] [39m[31mÉmargement en mode dégradé : Valkey indisponible, écriture directe en base.[39m
[31m[Nest] 41956  - [39m06/10/2026 16:18:04 [31m  ERROR[39m [38;5;3m[Emargement] [39m[31mÉmargement en mode dégradé : Valkey indisponible, écriture directe en base.[39m
[31m[Nest] 41956  - [39m06/10/2026 16:18:04 [31m  ERROR[39m [38;5;3m[Emargement] [39m[31mÉmargement en mode dégradé : Valkey indisponible, écriture directe en base.[39m
[31m[Nest] 41956  - [39m06/10/2026 16:18:04 [31m  ERROR[39m [38;5;3m[Emargement] [39m[31mÉmargement en mode dégradé : Valkey indisponible, écriture directe en base.[39m
[ioredis] Unhandled error event: AggregateError [ECONNREFUSED]: 
    at internalConnectMultiple (node:net:1194:18)
    at afterConnectMultiple (node:net:1784:7)
[31m[Nest] 41956  - [39m06/10/2026 16:18:04 [31m  ERROR[39m [38;5;3m[Emargement] [39m[31mÉmargement en mode dégradé : Valkey indisponible, écriture directe en base.[39m
[31m[Nest] 41956  - [39m06/10/2026 16:18:04 [31m  ERROR[39m [38;5;3m[Emargement] [39m[31mÉmargement en mode dégradé : Valkey indisponible, écriture directe en base.[39m
[31m[Nest] 41956  - [39m06/10/2026 16:18:04 [31m  ERROR[39m [38;5;3m[Emargement] [39m[31mÉmargement en mode dégradé : Valkey indisponible, écriture directe en base.[39m
[31m[Nest] 41956  - [39m06/10/2026 16:18:04 [31m  ERROR[39m [38;5;3m[Emargement] [39m[31mÉmargement en mode dégradé : Valkey indisponible, écriture directe en base.[39m
[31m[Nest] 41956  - [39m06/10/2026 16:18:04 [31m  ERROR[39m [38;5;3m[Emargement] [39m[31mÉmargement en mode dégradé : Valkey indisponible, écriture directe en base.[39m
[31m[Nest] 41956  - [39m06/10/2026 16:18:04 [31m  ERROR[39m [38;5;3m[Emargement] [39m[31mÉmargement en mode dégradé : Valkey indisponible, écriture directe en base.[39m
[31m[Nest] 41956  - [39m06/10/2026 16:18:04 [31m  ERROR[39m [38;5;3m[Emargement] [39m[31mÉmargement en mode dégradé : Valkey indisponible, écriture directe en base.[39m
[31m[Nest] 41956  - [39m06/10/2026 16:18:04 [31m  ERROR[39m [38;5;3m[Emargement] [39m[31mÉmargement en mode dégradé : Valkey indisponible, écriture directe en base.[39m
[31m[Nest] 41956  - [39m06/10/2026 16:18:04 [31m  ERROR[39m [38;5;3m[Emargement] [39m[31mÉmargement en mode dégradé : Valkey indisponible, écriture directe en base.[39m
[31m[Nest] 41956  - [39m06/10/2026 16:18:04 [31m  ERROR[39m [38;5;3m[Emargement] [39m[31mÉmargement en mode dégradé : Valkey indisponible, écriture directe en base.[39m
[31m[Nest] 41956  - [39m06/10/2026 16:18:04 [31m  ERROR[39m [38;5;3m[Emargement] [39m[31mÉmargement en mode dégradé : Valkey indisponible, écriture directe en base.[39m
[31m[Nest] 41956  - [39m06/10/2026 16:18:04 [31m  ERROR[39m [38;5;3m[Emargement] [39m[31mÉmargement en mode dégradé : Valkey indisponible, écriture directe en base.[39m
[31m[Nest] 41956  - [39m06/10/2026 16:18:04 [31m  ERROR[39m [38;5;3m[Emargement] [39m[31mÉmargement en mode dégradé : Valkey indisponible, écriture directe en base.[39m
[31m[Nest] 41956  - [39m06/10/2026 16:18:04 [31m  ERROR[39m [38;5;3m[Emargement] [39m[31mÉmargement en mode dégradé : Valkey indisponible, écriture directe en base.[39m
[31m[Nest] 41956  - [39m06/10/2026 16:18:04 [31m  ERROR[39m [38;5;3m[Emargement] [39m[31mÉmargement en mode dégradé : Valkey indisponible, écriture directe en base.[39m
[31m[Nest] 41956  - [39m06/10/2026 16:18:04 [31m  ERROR[39m [38;5;3m[Emargement] [39m[31mÉmargement en mode dégradé : Valkey indisponible, écriture directe en base.[39m
[31m[Nest] 41956  - [39m06/10/2026 16:18:04 [31m  ERROR[39m [38;5;3m[Emargement] [39m[31mÉmargement en mode dégradé : Valkey indisponible, écriture directe en base.[39m
[31m[Nest] 41956  - [39m06/10/2026 16:18:05 [31m  ERROR[39m [38;5;3m[Emargement] [39m[31mÉmargement en mode dégradé : Valkey indisponible, écriture directe en base.[39m
[31m[Nest] 41956  - [39m06/10/2026 16:18:05 [31m  ERROR[39m [38;5;3m[Emargement] [39m[31mÉmargement en mode dégradé : Valkey indisponible, écriture directe en base.[39m
[31m[Nest] 41956  - [39m06/10/2026 16:18:05 [31m  ERROR[39m [38;5;3m[Emargement] [39m[31mÉmargement en mode dégradé : Valkey indisponible, écriture directe en base.[39m
[31m[Nest] 41956  - [39m06/10/2026 16:18:05 [31m  ERROR[39m [38;5;3m[Emargement] [39m[31mÉmargement en mode dégradé : Valkey indisponible, écriture directe en base.[39m
[31m[Nest] 41956  - [39m06/10/2026 16:18:05 [31m  ERROR[39m [38;5;3m[Emargement] [39m[31mÉmargement en mode dégradé : Valkey indisponible, écriture directe en base.[39m
[31m[Nest] 41956  - [39m06/10/2026 16:18:05 [31m  ERROR[39m [38;5;3m[Emargement] [39m[31mÉmargement en mode dégradé : Valkey indisponible, écriture directe en base.[39m
[31m[Nest] 41956  - [39m06/10/2026 16:18:05 [31m  ERROR[39m [38;5;3m[Emargement] [39m[31mÉmargement en mode dégradé : Valkey indisponible, écriture directe en base.[39m
[31m[Nest] 41956  - [39m06/10/2026 16:18:05 [31m  ERROR[39m [38;5;3m[Emargement] [39m[31mÉmargement en mode dégradé : Valkey indisponible, écriture directe en base.[39m
[31m[Nest] 41956  - [39m06/10/2026 16:18:05 [31m  ERROR[39m [38;5;3m[Emargement] [39m[31mÉmargement en mode dégradé : Valkey indisponible, écriture directe en base.[39m
[31m[Nest] 41956  - [39m06/10/2026 16:18:05 [31m  ERROR[39m [38;5;3m[Emargement] [39m[31mÉmargement en mode dégradé : Valkey indisponible, écriture directe en base.[39m
[31m[Nest] 41956  - [39m06/10/2026 16:18:05 [31m  ERROR[39m [38;5;3m[Emargement] [39m[31mÉmargement en mode dégradé : Valkey indisponible, écriture directe en base.[39m
[31m[Nest] 41956  - [39m06/10/2026 16:18:05 [31m  ERROR[39m [38;5;3m[Emargement] [39m[31mÉmargement en mode dégradé : Valkey indisponible, écriture directe en base.[39m
[31m[Nest] 41956  - [39m06/10/2026 16:18:05 [31m  ERROR[39m [38;5;3m[Emargement] [39m[31mÉmargement en mode dégradé : Valkey indisponible, écriture directe en base.[39m
[31m[Nest] 41956  - [39m06/10/2026 16:18:05 [31m  ERROR[39m [38;5;3m[Emargement] [39m[31mÉmargement en mode dégradé : Valkey indisponible, écriture directe en base.[39m
[31m[Nest] 41956  - [39m06/10/2026 16:18:05 [31m  ERROR[39m [38;5;3m[Emargement] [39m[31mÉmargement en mode dégradé : Valkey indisponible, écriture directe en base.[39m
[31m[Nest] 41956  - [39m06/10/2026 16:18:05 [31m  ERROR[39m [38;5;3m[Emargement] [39m[31mÉmargement en mode dégradé : Valkey indisponible, écriture directe en base.[39m
[31m[Nest] 41956  - [39m06/10/2026 16:18:05 [31m  ERROR[39m [38;5;3m[Emargement] [39m[31mÉmargement en mode dégradé : Valkey indisponible, écriture directe en base.[39m
[31m[Nest] 41956  - [39m06/10/2026 16:18:05 [31m  ERROR[39m [38;5;3m[Emargement] [39m[31mÉmargement en mode dégradé : Valkey indisponible, écriture directe en base.[39m
[31m[Nest] 41956  - [39m06/10/2026 16:18:05 [31m  ERROR[39m [38;5;3m[Emargement] [39m[31mÉmargement en mode dégradé : Valkey indisponible, écriture directe en base.[39m
[31m[Nest] 41956  - [39m06/10/2026 16:18:05 [31m  ERROR[39m [38;5;3m[Emargement] [39m[31mÉmargement en mode dégradé : Valkey indisponible, écriture directe en base.[39m
[31m[Nest] 41956  - [39m06/10/2026 16:18:05 [31m  ERROR[39m [38;5;3m[Emargement] [39m[31mÉmargement en mode dégradé : Valkey indisponible, écriture directe en base.[39m
[31m[Nest] 41956  - [39m06/10/2026 16:18:05 [31m  ERROR[39m [38;5;3m[Emargement] [39m[31mÉmargement en mode dégradé : Valkey indisponible, écriture directe en base.[39m
[31m[Nest] 41956  - [39m06/10/2026 16:18:05 [31m  ERROR[39m [38;5;3m[Emargement] [39m[31mÉmargement en mode dégradé : Valkey indisponible, écriture directe en base.[39m
[31m[Nest] 41956  - [39m06/10/2026 16:18:06 [31m  ERROR[39m [38;5;3m[Emargement] [39m[31mÉmargement en mode dégradé : Valkey indisponible, écriture directe en base.[39m
[31m[Nest] 41956  - [39m06/10/2026 16:18:06 [31m  ERROR[39m [38;5;3m[Emargement] [39m[31mÉmargement en mode dégradé : Valkey indisponible, écriture directe en base.[39m
[31m[Nest] 41956  - [39m06/10/2026 16:18:06 [31m  ERROR[39m [38;5;3m[Emargement] [39m[31mÉmargement en mode dégradé : Valkey indisponible, écriture directe en base.[39m
[31m[Nest] 41956  - [39m06/10/2026 16:18:06 [31m  ERROR[39m [38;5;3m[Emargement] [39m[31mÉmargement en mode dégradé : Valkey indisponible, écriture directe en base.[39m
[31m[Nest] 41956  - [39m06/10/2026 16:18:06 [31m  ERROR[39m [38;5;3m[Emargement] [39m[31mÉmargement en mode dégradé : Valkey indisponible, écriture directe en base.[39m
[31m[Nest] 41956  - [39m06/10/2026 16:18:06 [31m  ERROR[39m [38;5;3m[Emargement] [39m[31mÉmargement en mode dégradé : Valkey indisponible, écriture directe en base.[39m
[31m[Nest] 41956  - [39m06/10/2026 16:18:06 [31m  ERROR[39m [38;5;3m[Emargement] [39m[31mÉmargement en mode dégradé : Valkey indisponible, écriture directe en base.[39m
[31m[Nest] 41956  - [39m06/10/2026 16:18:06 [31m  ERROR[39m [38;5;3m[Emargement] [39m[31mÉmargement en mode dégradé : Valkey indisponible, écriture directe en base.[39m
[31m[Nest] 41956  - [39m06/10/2026 16:18:06 [31m  ERROR[39m [38;5;3m[Emargement] [39m[31mÉmargement en mode dégradé : Valkey indisponible, écriture directe en base.[39m
[31m[Nest] 41956  - [39m06/10/2026 16:18:06 [31m  ERROR[39m [38;5;3m[Emargement] [39m[31mÉmargement en mode dégradé : Valkey indisponible, écriture directe en base.[39m
[31m[Nest] 41956  - [39m06/10/2026 16:18:06 [31m  ERROR[39m [38;5;3m[Emargement] [39m[31mÉmargement en mode dégradé : Valkey indisponible, écriture directe en base.[39m
[31m[Nest] 41956  - [39m06/10/2026 16:18:06 [31m  ERROR[39m [38;5;3m[Emargement] [39m[31mÉmargement en mode dégradé : Valkey indisponible, écriture directe en base.[39m
[31m[Nest] 41956  - [39m06/10/2026 16:18:06 [31m  ERROR[39m [38;5;3m[Emargement] [39m[31mÉmargement en mode dégradé : Valkey indisponible, écriture directe en base.[39m
[31m[Nest] 41956  - [39m06/10/2026 16:18:06 [31m  ERROR[39m [38;5;3m[Emargement] [39m[31mÉmargement en mode dégradé : Valkey indisponible, écriture directe en base.[39m
[31m[Nest] 41956  - [39m06/10/2026 16:18:06 [31m  ERROR[39m [38;5;3m[Emargement] [39m[31mÉmargement en mode dégradé : Valkey indisponible, écriture directe en base.[39m
[31m[Nest] 41956  - [39m06/10/2026 16:18:06 [31m  ERROR[39m [38;5;3m[Emargement] [39m[31mÉmargement en mode dégradé : Valkey indisponible, écriture directe en base.[39m
[31m[Nest] 41956  - [39m06/10/2026 16:18:06 [31m  ERROR[39m [38;5;3m[Emargement] [39m[31mÉmargement en mode dégradé : Valkey indisponible, écriture directe en base.[39m
[31m[Nest] 41956  - [39m06/10/2026 16:18:06 [31m  ERROR[39m [38;5;3m[Emargement] [39m[31mÉmargement en mode dégradé : Valkey indisponible, écriture directe en base.[39m
[31m[Nest] 41956  - [39m06/10/2026 16:18:06 [31m  ERROR[39m [38;5;3m[Emargement] [39m[31mÉmargement en mode dégradé : Valkey indisponible, écriture directe en base.[39m
[31m[Nest] 41956  - [39m06/10/2026 16:18:06 [31m  ERROR[39m [38;5;3m[Emargement] [39m[31mÉmargement en mode dégradé : Valkey indisponible, écriture directe en base.[39m
[31m[Nest] 41956  - [39m06/10/2026 16:18:06 [31m  ERROR[39m [38;5;3m[Emargement] [39m[31mÉmargement en mode dégradé : Valkey indisponible, écriture directe en base.[39m
[31m[Nest] 41956  - [39m06/10/2026 16:18:06 [31m  ERROR[39m [38;5;3m[Emargement] [39m[31mÉmargement en mode dégradé : Valkey indisponible, écriture directe en base.[39m
[31m[Nest] 41956  - [39m06/10/2026 16:18:06 [31m  ERROR[39m [38;5;3m[Emargement] [39m[31mÉmargement en mode dégradé : Valkey indisponible, écriture directe en base.[39m
[31m[Nest] 41956  - [39m06/10/2026 16:18:07 [31m  ERROR[39m [38;5;3m[Emargement] [39m[31mÉmargement en mode dégradé : Valkey indisponible, écriture directe en base.[39m
[31m[Nest] 41956  - [39m06/10/2026 16:18:07 [31m  ERROR[39m [38;5;3m[Emargement] [39m[31mÉmargement en mode dégradé : Valkey indisponible, écriture directe en base.[39m
[31m[Nest] 41956  - [39m06/10/2026 16:18:07 [31m  ERROR[39m [38;5;3m[Emargement] [39m[31mÉmargement en mode dégradé : Valkey indisponible, écriture directe en base.[39m
[31m[Nest] 41956  - [39m06/10/2026 16:18:07 [31m  ERROR[39m [38;5;3m[Emargement] [39m[31mÉmargement en mode dégradé : Valkey indisponible, écriture directe en base.[39m
[31m[Nest] 41956  - [39m06/10/2026 16:18:07 [31m  ERROR[39m [38;5;3m[Emargement] [39m[31mÉmargement en mode dégradé : Valkey indisponible, écriture directe en base.[39m
[31m[Nest] 41956  - [39m06/10/2026 16:18:07 [31m  ERROR[39m [38;5;3m[Emargement] [39m[31mÉmargement en mode dégradé : Valkey indisponible, écriture directe en base.[39m
[31m[Nest] 41956  - [39m06/10/2026 16:18:07 [31m  ERROR[39m [38;5;3m[Emargement] [39m[31mÉmargement en mode dégradé : Valkey indisponible, écriture directe en base.[39m
[31m[Nest] 41956  - [39m06/10/2026 16:18:07 [31m  ERROR[39m [38;5;3m[Emargement] [39m[31mÉmargement en mode dégradé : Valkey indisponible, écriture directe en base.[39m
[31m[Nest] 41956  - [39m06/10/2026 16:18:07 [31m  ERROR[39m [38;5;3m[Emargement] [39m[31mÉmargement en mode dégradé : Valkey indisponible, écriture directe en base.[39m
[31m[Nest] 41956  - [39m06/10/2026 16:18:07 [31m  ERROR[39m [38;5;3m[Emargement] [39m[31mÉmargement en mode dégradé : Valkey indisponible, écriture directe en base.[39m
[31m[Nest] 41956  - [39m06/10/2026 16:18:07 [31m  ERROR[39m [38;5;3m[Emargement] [39m[31mÉmargement en mode dégradé : Valkey indisponible, écriture directe en base.[39m
[31m[Nest] 41956  - [39m06/10/2026 16:18:07 [31m  ERROR[39m [38;5;3m[Emargement] [39m[31mÉmargement en mode dégradé : Valkey indisponible, écriture directe en base.[39m
[31m[Nest] 41956  - [39m06/10/2026 16:18:07 [31m  ERROR[39m [38;5;3m[Emargement] [39m[31mÉmargement en mode dégradé : Valkey indisponible, écriture directe en base.[39m
[31m[Nest] 41956  - [39m06/10/2026 16:18:07 [31m  ERROR[39m [38;5;3m[Emargement] [39m[31mÉmargement en mode dégradé : Valkey indisponible, écriture directe en base.[39m
[31m[Nest] 41956  - [39m06/10/2026 16:18:07 [31m  ERROR[39m [38;5;3m[Emargement] [39m[31mÉmargement en mode dégradé : Valkey indisponible, écriture directe en base.[39m
[31m[Nest] 41956  - [39m06/10/2026 16:18:07 [31m  ERROR[39m [38;5;3m[Emargement] [39m[31mÉmargement en mode dégradé : Valkey indisponible, écriture directe en base.[39m
[31m[Nest] 41956  - [39m06/10/2026 16:18:07 [31m  ERROR[39m [38;5;3m[Emargement] [39m[31mÉmargement en mode dégradé : Valkey indisponible, écriture directe en base.[39m
[31m[Nest] 41956  - [39m06/10/2026 16:18:07 [31m  ERROR[39m [38;5;3m[Emargement] [39m[31mÉmargement en mode dégradé : Valkey indisponible, écriture directe en base.[39m
[31m[Nest] 41956  - [39m06/10/2026 16:18:07 [31m  ERROR[39m [38;5;3m[Emargement] [39m[31mÉmargement en mode dégradé : Valkey indisponible, écriture directe en base.[39m
[31m[Nest] 41956  - [39m06/10/2026 16:18:07 [31m  ERROR[39m [38;5;3m[Emargement] [39m[31mÉmargement en mode dégradé : Valkey indisponible, écriture directe en base.[39m
[31m[Nest] 41956  - [39m06/10/2026 16:18:07 [31m  ERROR[39m [38;5;3m[Emargement] [39m[31mÉmargement en mode dégradé : Valkey indisponible, écriture directe en base.[39m
[31m[Nest] 41956  - [39m06/10/2026 16:18:07 [31m  ERROR[39m [38;5;3m[Emargement] [39m[31mÉmargement en mode dégradé : Valkey indisponible, écriture directe en base.[39m
[31m[Nest] 41956  - [39m06/10/2026 16:18:07 [31m  ERROR[39m [38;5;3m[Emargement] [39m[31mÉmargement en mode dégradé : Valkey indisponible, écriture directe en base.[39m
[31m[Nest] 41956  - [39m06/10/2026 16:18:08 [31m  ERROR[39m [38;5;3m[Emargement] [39m[31mÉmargement en mode dégradé : Valkey indisponible, écriture directe en base.[39m
[31m[Nest] 41956  - [39m06/10/2026 16:18:08 [31m  ERROR[39m [38;5;3m[Emargement] [39m[31mÉmargement en mode dégradé : Valkey indisponible, écriture directe en base.[39m
[31m[Nest] 41956  - [39m06/10/2026 16:18:08 [31m  ERROR[39m [38;5;3m[Emargement] [39m[31mÉmargement en mode dégradé : Valkey indisponible, écriture directe en base.[39m
[31m[Nest] 41956  - [39m06/10/2026 16:18:08 [31m  ERROR[39m [38;5;3m[Emargement] [39m[31mÉmargement en mode dégradé : Valkey indisponible, écriture directe en base.[39m
[31m[Nest] 41956  - [39m06/10/2026 16:18:08 [31m  ERROR[39m [38;5;3m[Emargement] [39m[31mÉmargement en mode dégradé : Valkey indisponible, écriture directe en base.[39m
[31m[Nest] 41956  - [39m06/10/2026 16:18:08 [31m  ERROR[39m [38;5;3m[Emargement] [39m[31mÉmargement en mode dégradé : Valkey indisponible, écriture directe en base.[39m
[31m[Nest] 41956  - [39m06/10/2026 16:18:08 [31m  ERROR[39m [38;5;3m[Emargement] [39m[31mÉmargement en mode dégradé : Valkey indisponible, écriture directe en base.[39m
[31m[Nest] 41956  - [39m06/10/2026 16:18:08 [31m  ERROR[39m [38;5;3m[Emargement] [39m[31mÉmargement en mode dégradé : Valkey indisponible, écriture directe en base.[39m
[31m[Nest] 41956  - [39m06/10/2026 16:18:08 [31m  ERROR[39m [38;5;3m[Emargement] [39m[31mÉmargement en mode dégradé : Valkey indisponible, écriture directe en base.[39m
[31m[Nest] 41956  - [39m06/10/2026 16:18:08 [31m  ERROR[39m [38;5;3m[Emargement] [39m[31mÉmargement en mode dégradé : Valkey indisponible, écriture directe en base.[39m
[31m[Nest] 41956  - [39m06/10/2026 16:18:08 [31m  ERROR[39m [38;5;3m[Emargement] [39m[31mÉmargement en mode dégradé : Valkey indisponible, écriture directe en base.[39m
[31m[Nest] 41956  - [39m06/10/2026 16:18:08 [31m  ERROR[39m [38;5;3m[Emargement] [39m[31mÉmargement en mode dégradé : Valkey indisponible, écriture directe en base.[39m
[31m[Nest] 41956  - [39m06/10/2026 16:18:08 [31m  ERROR[39m [38;5;3m[Emargement] [39m[31mÉmargement en mode dégradé : Valkey indisponible, écriture directe en base.[39m
[31m[Nest] 41956  - [39m06/10/2026 16:18:08 [31m  ERROR[39m [38;5;3m[Emargement] [39m[31mÉmargement en mode dégradé : Valkey indisponible, écriture directe en base.[39m
[31m[Nest] 41956  - [39m06/10/2026 16:18:08 [31m  ERROR[39m [38;5;3m[Emargement] [39m[31mÉmargement en mode dégradé : Valkey indisponible, écriture directe en base.[39m
[31m[Nest] 41956  - [39m06/10/2026 16:18:08 [31m  ERROR[39m [38;5;3m[Emargement] [39m[31mÉmargement en mode dégradé : Valkey indisponible, écriture directe en base.[39m
[31m[Nest] 41956  - [39m06/10/2026 16:18:08 [31m  ERROR[39m [38;5;3m[Emargement] [39m[31mÉmargement en mode dégradé : Valkey indisponible, écriture directe en base.[39m
[31m[Nest] 41956  - [39m06/10/2026 16:18:08 [31m  ERROR[39m [38;5;3m[Emargement] [39m[31mÉmargement en mode dégradé : Valkey indisponible, écriture directe en base.[39m
[31m[Nest] 41956  - [39m06/10/2026 16:18:08 [31m  ERROR[39m [38;5;3m[Emargement] [39m[31mÉmargement en mode dégradé : Valkey indisponible, écriture directe en base.[39m
[31m[Nest] 41956  - [39m06/10/2026 16:18:08 [31m  ERROR[39m [38;5;3m[Emargement] [39m[31mÉmargement en mode dégradé : Valkey indisponible, écriture directe en base.[39m
[31m[Nest] 41956  - [39m06/10/2026 16:18:08 [31m  ERROR[39m [38;5;3m[Emargement] [39m[31mÉmargement en mode dégradé : Valkey indisponible, écriture directe en base.[39m
[31m[Nest] 41956  - [39m06/10/2026 16:18:08 [31m  ERROR[39m [38;5;3m[Emargement] [39m[31mÉmargement en mode dégradé : Valkey indisponible, écriture directe en base.[39m
[31m[Nest] 41956  - [39m06/10/2026 16:18:08 [31m  ERROR[39m [38;5;3m[Emargement] [39m[31mÉmargement en mode dégradé : Valkey indisponible, écriture directe en base.[39m
[31m[Nest] 41956  - [39m06/10/2026 16:18:09 [31m  ERROR[39m [38;5;3m[Emargement] [39m[31mÉmargement en mode dégradé : Valkey indisponible, écriture directe en base.[39m
[31m[Nest] 41956  - [39m06/10/2026 16:18:09 [31m  ERROR[39m [38;5;3m[Emargement] [39m[31mÉmargement en mode dégradé : Valkey indisponible, écriture directe en base.[39m
[31m[Nest] 41956  - [39m06/10/2026 16:18:09 [31m  ERROR[39m [38;5;3m[Emargement] [39m[31mÉmargement en mode dégradé : Valkey indisponible, écriture directe en base.[39m
[31m[Nest] 41956  - [39m06/10/2026 16:18:09 [31m  ERROR[39m [38;5;3m[Emargement] [39m[31mÉmargement en mode dégradé : Valkey indisponible, écriture directe en base.[39m
[31m[Nest] 41956  - [39m06/10/2026 16:18:09 [31m  ERROR[39m [38;5;3m[Emargement] [39m[31mÉmargement en mode dégradé : Valkey indisponible, écriture directe en base.[39m
[31m[Nest] 41956  - [39m06/10/2026 16:18:09 [31m  ERROR[39m [38;5;3m[Emargement] [39m[31mÉmargement en mode dégradé : Valkey indisponible, écriture directe en base.[39m
[31m[Nest] 41956  - [39m06/10/2026 16:18:09 [31m  ERROR[39m [38;5;3m[Emargement] [39m[31mÉmargement en mode dégradé : Valkey indisponible, écriture directe en base.[39m
[31m[Nest] 41956  - [39m06/10/2026 16:18:09 [31m  ERROR[39m [38;5;3m[Emargement] [39m[31mÉmargement en mode dégradé : Valkey indisponible, écriture directe en base.[39m
[31m[Nest] 41956  - [39m06/10/2026 16:18:09 [31m  ERROR[39m [38;5;3m[Emargement] [39m[31mÉmargement en mode dégradé : Valkey indisponible, écriture directe en base.[39m
[ioredis] Unhandled error event: AggregateError [ECONNREFUSED]: 
    at internalConnectMultiple (node:net:1194:18)
    at afterConnectMultiple (node:net:1784:7)
[31m[Nest] 41956  - [39m06/10/2026 16:18:09 [31m  ERROR[39m [38;5;3m[Emargement] [39m[31mÉmargement en mode dégradé : Valkey indisponible, écriture directe en base.[39m
[31m[Nest] 41956  - [39m06/10/2026 16:18:09 [31m  ERROR[39m [38;5;3m[Emargement] [39m[31mÉmargement en mode dégradé : Valkey indisponible, écriture directe en base.[39m
[31m[Nest] 41956  - [39m06/10/2026 16:18:09 [31m  ERROR[39m [38;5;3m[Emargement] [39m[31mÉmargement en mode dégradé : Valkey indisponible, écriture directe en base.[39m
[31m[Nest] 41956  - [39m06/10/2026 16:18:09 [31m  ERROR[39m [38;5;3m[Emargement] [39m[31mÉmargement en mode dégradé : Valkey indisponible, écriture directe en base.[39m
[31m[Nest] 41956  - [39m06/10/2026 16:18:09 [31m  ERROR[39m [38;5;3m[Emargement] [39m[31mÉmargement en mode dégradé : Valkey indisponible, écriture directe en base.[39m
[31m[Nest] 41956  - [39m06/10/2026 16:18:09 [31m  ERROR[39m [38;5;3m[Emargement] [39m[31mÉmargement en mode dégradé : Valkey indisponible, écriture directe en base.[39m
[31m[Nest] 41956  - [39m06/10/2026 16:18:09 [31m  ERROR[39m [38;5;3m[Emargement] [39m[31mÉmargement en mode dégradé : Valkey indisponible, écriture directe en base.[39m
[31m[Nest] 41956  - [39m06/10/2026 16:18:09 [31m  ERROR[39m [38;5;3m[Emargement] [39m[31mÉmargement en mode dégradé : Valkey indisponible, écriture directe en base.[39m
[31m[Nest] 41956  - [39m06/10/2026 16:18:09 [31m  ERROR[39m [38;5;3m[Emargement] [39m[31mÉmargement en mode dégradé : Valkey indisponible, écriture directe en base.[39m
[31m[Nest] 41956  - [39m06/10/2026 16:18:09 [31m  ERROR[39m [38;5;3m[Emargement] [39m[31mÉmargement en mode dégradé : Valkey indisponible, écriture directe en base.[39m
[31m[Nest] 41956  - [39m06/10/2026 16:18:09 [31m  ERROR[39m [38;5;3m[Emargement] [39m[31mÉmargement en mode dégradé : Valkey indisponible, écriture directe en base.[39m
[31m[Nest] 41956  - [39m06/10/2026 16:18:09 [31m  ERROR[39m [38;5;3m[Emargement] [39m[31mÉmargement en mode dégradé : Valkey indisponible, écriture directe en base.[39m
[31m[Nest] 41956  - [39m06/10/2026 16:18:09 [31m  ERROR[39m [38;5;3m[Emargement] [39m[31mÉmargement en mode dégradé : Valkey indisponible, écriture directe en base.[39m
[31m[Nest] 41956  - [39m06/10/2026 16:18:09 [31m  ERROR[39m [38;5;3m[Emargement] [39m[31mÉmargement en mode dégradé : Valkey indisponible, écriture directe en base.[39m
[31m[Nest] 41956  - [39m06/10/2026 16:18:09 [31m  ERROR[39m [38;5;3m[Emargement] [39m[31mÉmargement en mode dégradé : Valkey indisponible, écriture directe en base.[39m
[31m[Nest] 41956  - [39m06/10/2026 16:18:09 [31m  ERROR[39m [38;5;3m[Emargement] [39m[31mÉmargement en mode dégradé : Valkey indisponible, écriture directe en base.[39m
[31m[Nest] 41956  - [39m06/10/2026 16:18:10 [31m  ERROR[39m [38;5;3m[Emargement] [39m[31mÉmargement en mode dégradé : Valkey indisponible, écriture directe en base.[39m
[31m[Nest] 41956  - [39m06/10/2026 16:18:10 [31m  ERROR[39m [38;5;3m[Emargement] [39m[31mÉmargement en mode dégradé : Valkey indisponible, écriture directe en base.[39m
[31m[Nest] 41956  - [39m06/10/2026 16:18:10 [31m  ERROR[39m [38;5;3m[Emargement] [39m[31mÉmargement en mode dégradé : Valkey indisponible, écriture directe en base.[39m
[31m[Nest] 41956  - [39m06/10/2026 16:18:10 [31m  ERROR[39m [38;5;3m[Emargement] [39m[31mÉmargement en mode dégradé : Valkey indisponible, écriture directe en base.[39m
[31m[Nest] 41956  - [39m06/10/2026 16:18:10 [31m  ERROR[39m [38;5;3m[Emargement] [39m[31mÉmargement en mode dégradé : Valkey indisponible, écriture directe en base.[39m
[31m[Nest] 41956  - [39m06/10/2026 16:18:10 [31m  ERROR[39m [38;5;3m[Emargement] [39m[31mÉmargement en mode dégradé : Valkey indisponible, écriture directe en base.[39m
[31m[Nest] 41956  - [39m06/10/2026 16:18:10 [31m  ERROR[39m [38;5;3m[Emargement] [39m[31mÉmargement en mode dégradé : Valkey indisponible, écriture directe en base.[39m
[31m[Nest] 41956  - [39m06/10/2026 16:18:10 [31m  ERROR[39m [38;5;3m[Emargement] [39m[31mÉmargement en mode dégradé : Valkey indisponible, écriture directe en base.[39m
[31m[Nest] 41956  - [39m06/10/2026 16:18:10 [31m  ERROR[39m [38;5;3m[Emargement] [39m[31mÉmargement en mode dégradé : Valkey indisponible, écriture directe en base.[39m
[31m[Nest] 41956  - [39m06/10/2026 16:18:10 [31m  ERROR[39m [38;5;3m[Emargement] [39m[31mÉmargement en mode dégradé : Valkey indisponible, écriture directe en base.[39m
[31m[Nest] 41956  - [39m06/10/2026 16:18:10 [31m  ERROR[39m [38;5;3m[Emargement] [39m[31mÉmargement en mode dégradé : Valkey indisponible, écriture directe en base.[39m
[31m[Nest] 41956  - [39m06/10/2026 16:18:10 [31m  ERROR[39m [38;5;3m[Emargement] [39m[31mÉmargement en mode dégradé : Valkey indisponible, écriture directe en base.[39m
[31m[Nest] 41956  - [39m06/10/2026 16:18:10 [31m  ERROR[39m [38;5;3m[Emargement] [39m[31mÉmargement en mode dégradé : Valkey indisponible, écriture directe en base.[39m
[31m[Nest] 41956  - [39m06/10/2026 16:18:10 [31m  ERROR[39m [38;5;3m[Emargement] [39m[31mÉmargement en mode dégradé : Valkey indisponible, écriture directe en base.[39m
[31m[Nest] 41956  - [39m06/10/2026 16:18:10 [31m  ERROR[39m [38;5;3m[Emargement] [39m[31mÉmargement en mode dégradé : Valkey indisponible, écriture directe en base.[39m
[31m[Nest] 41956  - [39m06/10/2026 16:18:10 [31m  ERROR[39m [38;5;3m[Emargement] [39m[31mÉmargement en mode dégradé : Valkey indisponible, écriture directe en base.[39m
[31m[Nest] 41956  - [39m06/10/2026 16:18:10 [31m  ERROR[39m [38;5;3m[Emargement] [39m[31mÉmargement en mode dégradé : Valkey indisponible, écriture directe en base.[39m
[31m[Nest] 41956  - [39m06/10/2026 16:18:10 [31m  ERROR[39m [38;5;3m[Emargement] [39m[31mÉmargement en mode dégradé : Valkey indisponible, écriture directe en base.[39m
[31m[Nest] 41956  - [39m06/10/2026 16:18:10 [31m  ERROR[39m [38;5;3m[Emargement] [39m[31mÉmargement en mode dégradé : Valkey indisponible, écriture directe en base.[39m
[31m[Nest] 41956  - [39m06/10/2026 16:18:10 [31m  ERROR[39m [38;5;3m[Emargement] [39m[31mÉmargement en mode dégradé : Valkey indisponible, écriture directe en base.[39m
[31m[Nest] 41956  - [39m06/10/2026 16:18:10 [31m  ERROR[39m [38;5;3m[Emargement] [39m[31mÉmargement en mode dégradé : Valkey indisponible, écriture directe en base.[39m
[31m[Nest] 41956  - [39m06/10/2026 16:18:10 [31m  ERROR[39m [38;5;3m[Emargement] [39m[31mÉmargement en mode dégradé : Valkey indisponible, écriture directe en base.[39m
[31m[Nest] 41956  - [39m06/10/2026 16:18:10 [31m  ERROR[39m [38;5;3m[Emargement] [39m[31mÉmargement en mode dégradé : Valkey indisponible, écriture directe en base.[39m
[31m[Nest] 41956  - [39m06/10/2026 16:18:11 [31m  ERROR[39m [38;5;3m[Emargement] [39m[31mÉmargement en mode dégradé : Valkey indisponible, écriture directe en base.[39m
[31m[Nest] 41956  - [39m06/10/2026 16:18:11 [31m  ERROR[39m [38;5;3m[Emargement] [39m[31mÉmargement en mode dégradé : Valkey indisponible, écriture directe en base.[39m
[31m[Nest] 41956  - [39m06/10/2026 16:18:11 [31m  ERROR[39m [38;5;3m[Emargement] [39m[31mÉmargement en mode dégradé : Valkey indisponible, écriture directe en base.[39m
[31m[Nest] 41956  - [39m06/10/2026 16:18:11 [31m  ERROR[39m [38;5;3m[Emargement] [39m[31mÉmargement en mode dégradé : Valkey indisponible, écriture directe en base.[39m
[31m[Nest] 41956  - [39m06/10/2026 16:18:11 [31m  ERROR[39m [38;5;3m[Emargement] [39m[31mÉmargement en mode dégradé : Valkey indisponible, écriture directe en base.[39m
[31m[Nest] 41956  - [39m06/10/2026 16:18:11 [31m  ERROR[39m [38;5;3m[Emargement] [39m[31mÉmargement en mode dégradé : Valkey indisponible, écriture directe en base.[39m
[31m[Nest] 41956  - [39m06/10/2026 16:18:11 [31m  ERROR[39m [38;5;3m[Emargement] [39m[31mÉmargement en mode dégradé : Valkey indisponible, écriture directe en base.[39m
[31m[Nest] 41956  - [39m06/10/2026 16:18:11 [31m  ERROR[39m [38;5;3m[Emargement] [39m[31mÉmargement en mode dégradé : Valkey indisponible, écriture directe en base.[39m
[31m[Nest] 41956  - [39m06/10/2026 16:18:11 [31m  ERROR[39m [38;5;3m[Emargement] [39m[31mÉmargement en mode dégradé : Valkey indisponible, écriture directe en base.[39m
[31m[Nest] 41956  - [39m06/10/2026 16:18:11 [31m  ERROR[39m [38;5;3m[Emargement] [39m[31mÉmargement en mode dégradé : Valkey indisponible, écriture directe en base.[39m
[31m[Nest] 41956  - [39m06/10/2026 16:18:11 [31m  ERROR[39m [38;5;3m[Emargement] [39m[31mÉmargement en mode dégradé : Valkey indisponible, écriture directe en base.[39m
[31m[Nest] 41956  - [39m06/10/2026 16:18:11 [31m  ERROR[39m [38;5;3m[Emargement] [39m[31mÉmargement en mode dégradé : Valkey indisponible, écriture directe en base.[39m
[31m[Nest] 41956  - [39m06/10/2026 16:18:11 [31m  ERROR[39m [38;5;3m[Emargement] [39m[31mÉmargement en mode dégradé : Valkey indisponible, écriture directe en base.[39m
[31m[Nest] 41956  - [39m06/10/2026 16:18:11 [31m  ERROR[39m [38;5;3m[Emargement] [39m[31mÉmargement en mode dégradé : Valkey indisponible, écriture directe en base.[39m
[31m[Nest] 41956  - [39m06/10/2026 16:18:11 [31m  ERROR[39m [38;5;3m[Emargement] [39m[31mÉmargement en mode dégradé : Valkey indisponible, écriture directe en base.[39m
[31m[Nest] 41956  - [39m06/10/2026 16:18:11 [31m  ERROR[39m [38;5;3m[Emargement] [39m[31mÉmargement en mode dégradé : Valkey indisponible, écriture directe en base.[39m
[31m[Nest] 41956  - [39m06/10/2026 16:18:11 [31m  ERROR[39m [38;5;3m[Emargement] [39m[31mÉmargement en mode dégradé : Valkey indisponible, écriture directe en base.[39m
[31m[Nest] 41956  - [39m06/10/2026 16:18:11 [31m  ERROR[39m [38;5;3m[Emargement] [39m[31mÉmargement en mode dégradé : Valkey indisponible, écriture directe en base.[39m
[31m[Nest] 41956  - [39m06/10/2026 16:18:11 [31m  ERROR[39m [38;5;3m[Emargement] [39m[31mÉmargement en mode dégradé : Valkey indisponible, écriture directe en base.[39m
[31m[Nest] 41956  - [39m06/10/2026 16:18:11 [31m  ERROR[39m [38;5;3m[Emargement] [39m[31mÉmargement en mode dégradé : Valkey indisponible, écriture directe en base.[39m
[31m[Nest] 41956  - [39m06/10/2026 16:18:11 [31m  ERROR[39m [38;5;3m[Emargement] [39m[31mÉmargement en mode dégradé : Valkey indisponible, écriture directe en base.[39m
[31m[Nest] 41956  - [39m06/10/2026 16:18:11 [31m  ERROR[39m [38;5;3m[Emargement] [39m[31mÉmargement en mode dégradé : Valkey indisponible, écriture directe en base.[39m
[31m[Nest] 41956  - [39m06/10/2026 16:18:11 [31m  ERROR[39m [38;5;3m[Emargement] [39m[31mÉmargement en mode dégradé : Valkey indisponible, écriture directe en base.[39m
[31m[Nest] 41956  - [39m06/10/2026 16:18:12 [31m  ERROR[39m [38;5;3m[Emargement] [39m[31mÉmargement en mode dégradé : Valkey indisponible, écriture directe en base.[39m
[31m[Nest] 41956  - [39m06/10/2026 16:18:12 [31m  ERROR[39m [38;5;3m[Emargement] [39m[31mÉmargement en mode dégradé : Valkey indisponible, écriture directe en base.[39m
[31m[Nest] 41956  - [39m06/10/2026 16:18:12 [31m  ERROR[39m [38;5;3m[Emargement] [39m[31mÉmargement en mode dégradé : Valkey indisponible, écriture directe en base.[39m
[31m[Nest] 41956  - [39m06/10/2026 16:18:12 [31m  ERROR[39m [38;5;3m[Emargement] [39m[31mÉmargement en mode dégradé : Valkey indisponible, écriture directe en base.[39m
[31m[Nest] 41956  - [39m06/10/2026 16:18:12 [31m  ERROR[39m [38;5;3m[Emargement] [39m[31mÉmargement en mode dégradé : Valkey indisponible, écriture directe en base.[39m
[31m[Nest] 41956  - [39m06/10/2026 16:18:12 [31m  ERROR[39m [38;5;3m[Emargement] [39m[31mÉmargement en mode dégradé : Valkey indisponible, écriture directe en base.[39m
[31m[Nest] 41956  - [39m06/10/2026 16:18:12 [31m  ERROR[39m [38;5;3m[Emargement] [39m[31mÉmargement en mode dégradé : Valkey indisponible, écriture directe en base.[39m
[31m[Nest] 41956  - [39m06/10/2026 16:18:12 [31m  ERROR[39m [38;5;3m[Emargement] [39m[31mÉmargement en mode dégradé : Valkey indisponible, écriture directe en base.[39m
[31m[Nest] 41956  - [39m06/10/2026 16:18:12 [31m  ERROR[39m [38;5;3m[Emargement] [39m[31mÉmargement en mode dégradé : Valkey indisponible, écriture directe en base.[39m
[31m[Nest] 41956  - [39m06/10/2026 16:18:12 [31m  ERROR[39m [38;5;3m[Emargement] [39m[31mÉmargement en mode dégradé : Valkey indisponible, écriture directe en base.[39m
[31m[Nest] 41956  - [39m06/10/2026 16:18:12 [31m  ERROR[39m [38;5;3m[Emargement] [39m[31mÉmargement en mode dégradé : Valkey indisponible, écriture directe en base.[39m
[31m[Nest] 41956  - [39m06/10/2026 16:18:12 [31m  ERROR[39m [38;5;3m[Emargement] [39m[31mÉmargement en mode dégradé : Valkey indisponible, écriture directe en base.[39m
[31m[Nest] 41956  - [39m06/10/2026 16:18:12 [31m  ERROR[39m [38;5;3m[Emargement] [39m[31mÉmargement en mode dégradé : Valkey indisponible, écriture directe en base.[39m
[31m[Nest] 41956  - [39m06/10/2026 16:18:12 [31m  ERROR[39m [38;5;3m[Emargement] [39m[31mÉmargement en mode dégradé : Valkey indisponible, écriture directe en base.[39m
[31m[Nest] 41956  - [39m06/10/2026 16:18:12 [31m  ERROR[39m [38;5;3m[Emargement] [39m[31mÉmargement en mode dégradé : Valkey indisponible, écriture directe en base.[39m
[31m[Nest] 41956  - [39m06/10/2026 16:18:12 [31m  ERROR[39m [38;5;3m[Emargement] [39m[31mÉmargement en mode dégradé : Valkey indisponible, écriture directe en base.[39m
[31m[Nest] 41956  - [39m06/10/2026 16:18:12 [31m  ERROR[39m [38;5;3m[Emargement] [39m[31mÉmargement en mode dégradé : Valkey indisponible, écriture directe en base.[39m
[31m[Nest] 41956  - [39m06/10/2026 16:18:12 [31m  ERROR[39m [38;5;3m[Emargement] [39m[31mÉmargement en mode dégradé : Valkey indisponible, écriture directe en base.[39m
[31m[Nest] 41956  - [39m06/10/2026 16:18:12 [31m  ERROR[39m [38;5;3m[Emargement] [39m[31mÉmargement en mode dégradé : Valkey indisponible, écriture directe en base.[39m
[31m[Nest] 41956  - [39m06/10/2026 16:18:12 [31m  ERROR[39m [38;5;3m[Emargement] [39m[31mÉmargement en mode dégradé : Valkey indisponible, écriture directe en base.[39m
[31m[Nest] 41956  - [39m06/10/2026 16:18:12 [31m  ERROR[39m [38;5;3m[Emargement] [39m[31mÉmargement en mode dégradé : Valkey indisponible, écriture directe en base.[39m
[31m[Nest] 41956  - [39m06/10/2026 16:18:12 [31m  ERROR[39m [38;5;3m[Emargement] [39m[31mÉmargement en mode dégradé : Valkey indisponible, écriture directe en base.[39m
[31m[Nest] 41956  - [39m06/10/2026 16:18:12 [31m  ERROR[39m [38;5;3m[Emargement] [39m[31mÉmargement en mode dégradé : Valkey indisponible, écriture directe en base.[39m
[31m[Nest] 41956  - [39m06/10/2026 16:18:13 [31m  ERROR[39m [38;5;3m[Emargement] [39m[31mÉmargement en mode dégradé : Valkey indisponible, écriture directe en base.[39m
[31m[Nest] 41956  - [39m06/10/2026 16:18:13 [31m  ERROR[39m [38;5;3m[Emargement] [39m[31mÉmargement en mode dégradé : Valkey indisponible, écriture directe en base.[39m
[31m[Nest] 41956  - [39m06/10/2026 16:18:13 [31m  ERROR[39m [38;5;3m[Emargement] [39m[31mÉmargement en mode dégradé : Valkey indisponible, écriture directe en base.[39m
[31m[Nest] 41956  - [39m06/10/2026 16:18:13 [31m  ERROR[39m [38;5;3m[Emargement] [39m[31mÉmargement en mode dégradé : Valkey indisponible, écriture directe en base.[39m
[31m[Nest] 41956  - [39m06/10/2026 16:18:13 [31m  ERROR[39m [38;5;3m[Emargement] [39m[31mÉmargement en mode dégradé : Valkey indisponible, écriture directe en base.[39m
[31m[Nest] 41956  - [39m06/10/2026 16:18:13 [31m  ERROR[39m [38;5;3m[Emargement] [39m[31mÉmargement en mode dégradé : Valkey indisponible, écriture directe en base.[39m
[31m[Nest] 41956  - [39m06/10/2026 16:18:13 [31m  ERROR[39m [38;5;3m[Emargement] [39m[31mÉmargement en mode dégradé : Valkey indisponible, écriture directe en base.[39m
[31m[Nest] 41956  - [39m06/10/2026 16:18:13 [31m  ERROR[39m [38;5;3m[Emargement] [39m[31mÉmargement en mode dégradé : Valkey indisponible, écriture directe en base.[39m
[31m[Nest] 41956  - [39m06/10/2026 16:18:13 [31m  ERROR[39m [38;5;3m[Emargement] [39m[31mÉmargement en mode dégradé : Valkey indisponible, écriture directe en base.[39m
[31m[Nest] 41956  - [39m06/10/2026 16:18:13 [31m  ERROR[39m [38;5;3m[Emargement] [39m[31mÉmargement en mode dégradé : Valkey indisponible, écriture directe en base.[39m
[31m[Nest] 41956  - [39m06/10/2026 16:18:13 [31m  ERROR[39m [38;5;3m[Emargement] [39m[31mÉmargement en mode dégradé : Valkey indisponible, écriture directe en base.[39m
[31m[Nest] 41956  - [39m06/10/2026 16:18:13 [31m  ERROR[39m [38;5;3m[Emargement] [39m[31mÉmargement en mode dégradé : Valkey indisponible, écriture directe en base.[39m
[31m[Nest] 41956  - [39m06/10/2026 16:18:13 [31m  ERROR[39m [38;5;3m[Emargement] [39m[31mÉmargement en mode dégradé : Valkey indisponible, écriture directe en base.[39m
[31m[Nest] 41956  - [39m06/10/2026 16:18:13 [31m  ERROR[39m [38;5;3m[Emargement] [39m[31mÉmargement en mode dégradé : Valkey indisponible, écriture directe en base.[39m
[31m[Nest] 41956  - [39m06/10/2026 16:18:13 [31m  ERROR[39m [38;5;3m[Emargement] [39m[31mÉmargement en mode dégradé : Valkey indisponible, écriture directe en base.[39m
[31m[Nest] 41956  - [39m06/10/2026 16:18:13 [31m  ERROR[39m [38;5;3m[Emargement] [39m[31mÉmargement en mode dégradé : Valkey indisponible, écriture directe en base.[39m
[31m[Nest] 41956  - [39m06/10/2026 16:18:13 [31m  ERROR[39m [38;5;3m[Emargement] [39m[31mÉmargement en mode dégradé : Valkey indisponible, écriture directe en base.[39m
[31m[Nest] 41956  - [39m06/10/2026 16:18:13 [31m  ERROR[39m [38;5;3m[Emargement] [39m[31mÉmargement en mode dégradé : Valkey indisponible, écriture directe en base.[39m
[31m[Nest] 41956  - [39m06/10/2026 16:18:13 [31m  ERROR[39m [38;5;3m[Emargement] [39m[31mÉmargement en mode dégradé : Valkey indisponible, écriture directe en base.[39m
[31m[Nest] 41956  - [39m06/10/2026 16:18:13 [31m  ERROR[39m [38;5;3m[Emargement] [39m[31mÉmargement en mode dégradé : Valkey indisponible, écriture directe en base.[39m
[31m[Nest] 41956  - [39m06/10/2026 16:18:13 [31m  ERROR[39m [38;5;3m[Emargement] [39m[31mÉmargement en mode dégradé : Valkey indisponible, écriture directe en base.[39m
[31m[Nest] 41956  - [39m06/10/2026 16:18:13 [31m  ERROR[39m [38;5;3m[Emargement] [39m[31mÉmargement en mode dégradé : Valkey indisponible, écriture directe en base.[39m
[31m[Nest] 41956  - [39m06/10/2026 16:18:13 [31m  ERROR[39m [38;5;3m[Emargement] [39m[31mÉmargement en mode dégradé : Valkey indisponible, écriture directe en base.[39m
[31m[Nest] 41956  - [39m06/10/2026 16:18:14 [31m  ERROR[39m [38;5;3m[Emargement] [39m[31mÉmargement en mode dégradé : Valkey indisponible, écriture directe en base.[39m
[31m[Nest] 41956  - [39m06/10/2026 16:18:14 [31m  ERROR[39m [38;5;3m[Emargement] [39m[31mÉmargement en mode dégradé : Valkey indisponible, écriture directe en base.[39m
[31m[Nest] 41956  - [39m06/10/2026 16:18:14 [31m  ERROR[39m [38;5;3m[Emargement] [39m[31mÉmargement en mode dégradé : Valkey indisponible, écriture directe en base.[39m
[31m[Nest] 41956  - [39m06/10/2026 16:18:14 [31m  ERROR[39m [38;5;3m[Emargement] [39m[31mÉmargement en mode dégradé : Valkey indisponible, écriture directe en base.[39m
[31m[Nest] 41956  - [39m06/10/2026 16:18:14 [31m  ERROR[39m [38;5;3m[Emargement] [39m[31mÉmargement en mode dégradé : Valkey indisponible, écriture directe en base.[39m
[31m[Nest] 41956  - [39m06/10/2026 16:18:14 [31m  ERROR[39m [38;5;3m[Emargement] [39m[31mÉmargement en mode dégradé : Valkey indisponible, écriture directe en base.[39m
[31m[Nest] 41956  - [39m06/10/2026 16:18:14 [31m  ERROR[39m [38;5;3m[Emargement] [39m[31mÉmargement en mode dégradé : Valkey indisponible, écriture directe en base.[39m
[31m[Nest] 41956  - [39m06/10/2026 16:18:14 [31m  ERROR[39m [38;5;3m[Emargement] [39m[31mÉmargement en mode dégradé : Valkey indisponible, écriture directe en base.[39m
[31m[Nest] 41956  - [39m06/10/2026 16:18:14 [31m  ERROR[39m [38;5;3m[Emargement] [39m[31mÉmargement en mode dégradé : Valkey indisponible, écriture directe en base.[39m
[31m[Nest] 41956  - [39m06/10/2026 16:18:14 [31m  ERROR[39m [38;5;3m[Emargement] [39m[31mÉmargement en mode dégradé : Valkey indisponible, écriture directe en base.[39m
[31m[Nest] 41956  - [39m06/10/2026 16:18:14 [31m  ERROR[39m [38;5;3m[Emargement] [39m[31mÉmargement en mode dégradé : Valkey indisponible, écriture directe en base.[39m
[ioredis] Unhandled error event: AggregateError [ECONNREFUSED]: 
    at internalConnectMultiple (node:net:1194:18)
    at afterConnectMultiple (node:net:1784:7)
[31m[Nest] 41956  - [39m06/10/2026 16:18:14 [31m  ERROR[39m [38;5;3m[Emargement] [39m[31mÉmargement en mode dégradé : Valkey indisponible, écriture directe en base.[39m
[31m[Nest] 41956  - [39m06/10/2026 16:18:14 [31m  ERROR[39m [38;5;3m[Emargement] [39m[31mÉmargement en mode dégradé : Valkey indisponible, écriture directe en base.[39m
[31m[Nest] 41956  - [39m06/10/2026 16:18:14 [31m  ERROR[39m [38;5;3m[Emargement] [39m[31mÉmargement en mode dégradé : Valkey indisponible, écriture directe en base.[39m
[31m[Nest] 41956  - [39m06/10/2026 16:18:14 [31m  ERROR[39m [38;5;3m[Emargement] [39m[31mÉmargement en mode dégradé : Valkey indisponible, écriture directe en base.[39m
[31m[Nest] 41956  - [39m06/10/2026 16:18:14 [31m  ERROR[39m [38;5;3m[Emargement] [39m[31mÉmargement en mode dégradé : Valkey indisponible, écriture directe en base.[39m
[31m[Nest] 41956  - [39m06/10/2026 16:18:14 [31m  ERROR[39m [38;5;3m[Emargement] [39m[31mÉmargement en mode dégradé : Valkey indisponible, écriture directe en base.[39m
[31m[Nest] 41956  - [39m06/10/2026 16:18:14 [31m  ERROR[39m [38;5;3m[Emargement] [39m[31mÉmargement en mode dégradé : Valkey indisponible, écriture directe en base.[39m
[31m[Nest] 41956  - [39m06/10/2026 16:18:14 [31m  ERROR[39m [38;5;3m[Emargement] [39m[31mÉmargement en mode dégradé : Valkey indisponible, écriture directe en base.[39m
[31m[Nest] 41956  - [39m06/10/2026 16:18:14 [31m  ERROR[39m [38;5;3m[Emargement] [39m[31mÉmargement en mode dégradé : Valkey indisponible, écriture directe en base.[39m
[31m[Nest] 41956  - [39m06/10/2026 16:18:14 [31m  ERROR[39m [38;5;3m[Emargement] [39m[31mÉmargement en mode dégradé : Valkey indisponible, écriture directe en base.[39m
[31m[Nest] 41956  - [39m06/10/2026 16:18:14 [31m  ERROR[39m [38;5;3m[Emargement] [39m[31mÉmargement en mode dégradé : Valkey indisponible, écriture directe en base.[39m
[31m[Nest] 41956  - [39m06/10/2026 16:18:14 [31m  ERROR[39m [38;5;3m[Emargement] [39m[31mÉmargement en mode dégradé : Valkey indisponible, écriture directe en base.[39m
[31m[Nest] 41956  - [39m06/10/2026 16:18:15 [31m  ERROR[39m [38;5;3m[Emargement] [39m[31mÉmargement en mode dégradé : Valkey indisponible, écriture directe en base.[39m
[31m[Nest] 41956  - [39m06/10/2026 16:18:15 [31m  ERROR[39m [38;5;3m[Emargement] [39m[31mÉmargement en mode dégradé : Valkey indisponible, écriture directe en base.[39m
[31m[Nest] 41956  - [39m06/10/2026 16:18:15 [31m  ERROR[39m [38;5;3m[Emargement] [39m[31mÉmargement en mode dégradé : Valkey indisponible, écriture directe en base.[39m
[31m[Nest] 41956  - [39m06/10/2026 16:18:15 [31m  ERROR[39m [38;5;3m[Emargement] [39m[31mÉmargement en mode dégradé : Valkey indisponible, écriture directe en base.[39m
[31m[Nest] 41956  - [39m06/10/2026 16:18:15 [31m  ERROR[39m [38;5;3m[Emargement] [39m[31mÉmargement en mode dégradé : Valkey indisponible, écriture directe en base.[39m
[31m[Nest] 41956  - [39m06/10/2026 16:18:15 [31m  ERROR[39m [38;5;3m[Emargement] [39m[31mÉmargement en mode dégradé : Valkey indisponible, écriture directe en base.[39m
[31m[Nest] 41956  - [39m06/10/2026 16:18:15 [31m  ERROR[39m [38;5;3m[Emargement] [39m[31mÉmargement en mode dégradé : Valkey indisponible, écriture directe en base.[39m
[31m[Nest] 41956  - [39m06/10/2026 16:18:15 [31m  ERROR[39m [38;5;3m[Emargement] [39m[31mÉmargement en mode dégradé : Valkey indisponible, écriture directe en base.[39m
[31m[Nest] 41956  - [39m06/10/2026 16:18:15 [31m  ERROR[39m [38;5;3m[Emargement] [39m[31mÉmargement en mode dégradé : Valkey indisponible, écriture directe en base.[39m
[31m[Nest] 41956  - [39m06/10/2026 16:18:15 [31m  ERROR[39m [38;5;3m[Emargement] [39m[31mÉmargement en mode dégradé : Valkey indisponible, écriture directe en base.[39m
[31m[Nest] 41956  - [39m06/10/2026 16:18:15 [31m  ERROR[39m [38;5;3m[Emargement] [39m[31mÉmargement en mode dégradé : Valkey indisponible, écriture directe en base.[39m
[31m[Nest] 41956  - [39m06/10/2026 16:18:15 [31m  ERROR[39m [38;5;3m[Emargement] [39m[31mÉmargement en mode dégradé : Valkey indisponible, écriture directe en base.[39m
[31m[Nest] 41956  - [39m06/10/2026 16:18:15 [31m  ERROR[39m [38;5;3m[Emargement] [39m[31mÉmargement en mode dégradé : Valkey indisponible, écriture directe en base.[39m
[31m[Nest] 41956  - [39m06/10/2026 16:18:15 [31m  ERROR[39m [38;5;3m[Emargement] [39m[31mÉmargement en mode dégradé : Valkey indisponible, écriture directe en base.[39m
[31m[Nest] 41956  - [39m06/10/2026 16:18:15 [31m  ERROR[39m [38;5;3m[Emargement] [39m[31mÉmargement en mode dégradé : Valkey indisponible, écriture directe en base.[39m
[31m[Nest] 41956  - [39m06/10/2026 16:18:15 [31m  ERROR[39m [38;5;3m[Emargement] [39m[31mÉmargement en mode dégradé : Valkey indisponible, écriture directe en base.[39m
[31m[Nest] 41956  - [39m06/10/2026 16:18:15 [31m  ERROR[39m [38;5;3m[Emargement] [39m[31mÉmargement en mode dégradé : Valkey indisponible, écriture directe en base.[39m
[31m[Nest] 41956  - [39m06/10/2026 16:18:15 [31m  ERROR[39m [38;5;3m[Emargement] [39m[31mÉmargement en mode dégradé : Valkey indisponible, écriture directe en base.[39m
[31m[Nest] 41956  - [39m06/10/2026 16:18:15 [31m  ERROR[39m [38;5;3m[Emargement] [39m[31mÉmargement en mode dégradé : Valkey indisponible, écriture directe en base.[39m
[31m[Nest] 41956  - [39m06/10/2026 16:18:15 [31m  ERROR[39m [38;5;3m[Emargement] [39m[31mÉmargement en mode dégradé : Valkey indisponible, écriture directe en base.[39m
[31m[Nest] 41956  - [39m06/10/2026 16:18:15 [31m  ERROR[39m [38;5;3m[Emargement] [39m[31mÉmargement en mode dégradé : Valkey indisponible, écriture directe en base.[39m
[31m[Nest] 41956  - [39m06/10/2026 16:18:15 [31m  ERROR[39m [38;5;3m[Emargement] [39m[31mÉmargement en mode dégradé : Valkey indisponible, écriture directe en base.[39m
[31m[Nest] 41956  - [39m06/10/2026 16:18:15 [31m  ERROR[39m [38;5;3m[Emargement] [39m[31mÉmargement en mode dégradé : Valkey indisponible, écriture directe en base.[39m
[31m[Nest] 41956  - [39m06/10/2026 16:18:16 [31m  ERROR[39m [38;5;3m[Emargement] [39m[31mÉmargement en mode dégradé : Valkey indisponible, écriture directe en base.[39m
[31m[Nest] 41956  - [39m06/10/2026 16:18:16 [31m  ERROR[39m [38;5;3m[Emargement] [39m[31mÉmargement en mode dégradé : Valkey indisponible, écriture directe en base.[39m
[31m[Nest] 41956  - [39m06/10/2026 16:18:16 [31m  ERROR[39m [38;5;3m[Emargement] [39m[31mÉmargement en mode dégradé : Valkey indisponible, écriture directe en base.[39m
[31m[Nest] 41956  - [39m06/10/2026 16:18:16 [31m  ERROR[39m [38;5;3m[Emargement] [39m[31mÉmargement en mode dégradé : Valkey indisponible, écriture directe en base.[39m
[31m[Nest] 41956  - [39m06/10/2026 16:18:16 [31m  ERROR[39m [38;5;3m[Emargement] [39m[31mÉmargement en mode dégradé : Valkey indisponible, écriture directe en base.[39m
[31m[Nest] 41956  - [39m06/10/2026 16:18:16 [31m  ERROR[39m [38;5;3m[Emargement] [39m[31mÉmargement en mode dégradé : Valkey indisponible, écriture directe en base.[39m
[31m[Nest] 41956  - [39m06/10/2026 16:18:16 [31m  ERROR[39m [38;5;3m[Emargement] [39m[31mÉmargement en mode dégradé : Valkey indisponible, écriture directe en base.[39m
[31m[Nest] 41956  - [39m06/10/2026 16:18:16 [31m  ERROR[39m [38;5;3m[Emargement] [39m[31mÉmargement en mode dégradé : Valkey indisponible, écriture directe en base.[39m
[31m[Nest] 41956  - [39m06/10/2026 16:18:16 [31m  ERROR[39m [38;5;3m[Emargement] [39m[31mÉmargement en mode dégradé : Valkey indisponible, écriture directe en base.[39m
[31m[Nest] 41956  - [39m06/10/2026 16:18:16 [31m  ERROR[39m [38;5;3m[Emargement] [39m[31mÉmargement en mode dégradé : Valkey indisponible, écriture directe en base.[39m
[31m[Nest] 41956  - [39m06/10/2026 16:18:16 [31m  ERROR[39m [38;5;3m[Emargement] [39m[31mÉmargement en mode dégradé : Valkey indisponible, écriture directe en base.[39m
[31m[Nest] 41956  - [39m06/10/2026 16:18:16 [31m  ERROR[39m [38;5;3m[Emargement] [39m[31mÉmargement en mode dégradé : Valkey indisponible, écriture directe en base.[39m
[31m[Nest] 41956  - [39m06/10/2026 16:18:16 [31m  ERROR[39m [38;5;3m[Emargement] [39m[31mÉmargement en mode dégradé : Valkey indisponible, écriture directe en base.[39m
[31m[Nest] 41956  - [39m06/10/2026 16:18:16 [31m  ERROR[39m [38;5;3m[Emargement] [39m[31mÉmargement en mode dégradé : Valkey indisponible, écriture directe en base.[39m
[31m[Nest] 41956  - [39m06/10/2026 16:18:16 [31m  ERROR[39m [38;5;3m[Emargement] [39m[31mÉmargement en mode dégradé : Valkey indisponible, écriture directe en base.[39m
[31m[Nest] 41956  - [39m06/10/2026 16:18:16 [31m  ERROR[39m [38;5;3m[Emargement] [39m[31mÉmargement en mode dégradé : Valkey indisponible, écriture directe en base.[39m
[31m[Nest] 41956  - [39m06/10/2026 16:18:16 [31m  ERROR[39m [38;5;3m[Emargement] [39m[31mÉmargement en mode dégradé : Valkey indisponible, écriture directe en base.[39m
[31m[Nest] 41956  - [39m06/10/2026 16:18:16 [31m  ERROR[39m [38;5;3m[Emargement] [39m[31mÉmargement en mode dégradé : Valkey indisponible, écriture directe en base.[39m
[31m[Nest] 41956  - [39m06/10/2026 16:18:16 [31m  ERROR[39m [38;5;3m[Emargement] [39m[31mÉmargement en mode dégradé : Valkey indisponible, écriture directe en base.[39m
[31m[Nest] 41956  - [39m06/10/2026 16:18:16 [31m  ERROR[39m [38;5;3m[Emargement] [39m[31mÉmargement en mode dégradé : Valkey indisponible, écriture directe en base.[39m
[31m[Nest] 41956  - [39m06/10/2026 16:18:16 [31m  ERROR[39m [38;5;3m[Emargement] [39m[31mÉmargement en mode dégradé : Valkey indisponible, écriture directe en base.[39m
[31m[Nest] 41956  - [39m06/10/2026 16:18:16 [31m  ERROR[39m [38;5;3m[Emargement] [39m[31mÉmargement en mode dégradé : Valkey indisponible, écriture directe en base.[39m
[31m[Nest] 41956  - [39m06/10/2026 16:18:16 [31m  ERROR[39m [38;5;3m[Emargement] [39m[31mÉmargement en mode dégradé : Valkey indisponible, écriture directe en base.[39m
[31m[Nest] 41956  - [39m06/10/2026 16:18:17 [31m  ERROR[39m [38;5;3m[Emargement] [39m[31mÉmargement en mode dégradé : Valkey indisponible, écriture directe en base.[39m
[31m[Nest] 41956  - [39m06/10/2026 16:18:17 [31m  ERROR[39m [38;5;3m[Emargement] [39m[31mÉmargement en mode dégradé : Valkey indisponible, écriture directe en base.[39m
[31m[Nest] 41956  - [39m06/10/2026 16:18:17 [31m  ERROR[39m [38;5;3m[Emargement] [39m[31mÉmargement en mode dégradé : Valkey indisponible, écriture directe en base.[39m
[31m[Nest] 41956  - [39m06/10/2026 16:18:17 [31m  ERROR[39m [38;5;3m[Emargement] [39m[31mÉmargement en mode dégradé : Valkey indisponible, écriture directe en base.[39m
[31m[Nest] 41956  - [39m06/10/2026 16:18:17 [31m  ERROR[39m [38;5;3m[Emargement] [39m[31mÉmargement en mode dégradé : Valkey indisponible, écriture directe en base.[39m
[31m[Nest] 41956  - [39m06/10/2026 16:18:17 [31m  ERROR[39m [38;5;3m[Emargement] [39m[31mÉmargement en mode dégradé : Valkey indisponible, écriture directe en base.[39m
[31m[Nest] 41956  - [39m06/10/2026 16:18:17 [31m  ERROR[39m [38;5;3m[Emargement] [39m[31mÉmargement en mode dégradé : Valkey indisponible, écriture directe en base.[39m
[31m[Nest] 41956  - [39m06/10/2026 16:18:17 [31m  ERROR[39m [38;5;3m[Emargement] [39m[31mÉmargement en mode dégradé : Valkey indisponible, écriture directe en base.[39m
[31m[Nest] 41956  - [39m06/10/2026 16:18:17 [31m  ERROR[39m [38;5;3m[Emargement] [39m[31mÉmargement en mode dégradé : Valkey indisponible, écriture directe en base.[39m
[31m[Nest] 41956  - [39m06/10/2026 16:18:17 [31m  ERROR[39m [38;5;3m[Emargement] [39m[31mÉmargement en mode dégradé : Valkey indisponible, écriture directe en base.[39m
[31m[Nest] 41956  - [39m06/10/2026 16:18:17 [31m  ERROR[39m [38;5;3m[Emargement] [39m[31mÉmargement en mode dégradé : Valkey indisponible, écriture directe en base.[39m
[31m[Nest] 41956  - [39m06/10/2026 16:18:17 [31m  ERROR[39m [38;5;3m[Emargement] [39m[31mÉmargement en mode dégradé : Valkey indisponible, écriture directe en base.[39m
[31m[Nest] 41956  - [39m06/10/2026 16:18:17 [31m  ERROR[39m [38;5;3m[Emargement] [39m[31mÉmargement en mode dégradé : Valkey indisponible, écriture directe en base.[39m
[31m[Nest] 41956  - [39m06/10/2026 16:18:17 [31m  ERROR[39m [38;5;3m[Emargement] [39m[31mÉmargement en mode dégradé : Valkey indisponible, écriture directe en base.[39m
[31m[Nest] 41956  - [39m06/10/2026 16:18:17 [31m  ERROR[39m [38;5;3m[Emargement] [39m[31mÉmargement en mode dégradé : Valkey indisponible, écriture directe en base.[39m
[31m[Nest] 41956  - [39m06/10/2026 16:18:17 [31m  ERROR[39m [38;5;3m[Emargement] [39m[31mÉmargement en mode dégradé : Valkey indisponible, écriture directe en base.[39m
[31m[Nest] 41956  - [39m06/10/2026 16:18:17 [31m  ERROR[39m [38;5;3m[Emargement] [39m[31mÉmargement en mode dégradé : Valkey indisponible, écriture directe en base.[39m
[31m[Nest] 41956  - [39m06/10/2026 16:18:17 [31m  ERROR[39m [38;5;3m[Emargement] [39m[31mÉmargement en mode dégradé : Valkey indisponible, écriture directe en base.[39m
[31m[Nest] 41956  - [39m06/10/2026 16:18:17 [31m  ERROR[39m [38;5;3m[Emargement] [39m[31mÉmargement en mode dégradé : Valkey indisponible, écriture directe en base.[39m
[31m[Nest] 41956  - [39m06/10/2026 16:18:17 [31m  ERROR[39m [38;5;3m[Emargement] [39m[31mÉmargement en mode dégradé : Valkey indisponible, écriture directe en base.[39m
[31m[Nest] 41956  - [39m06/10/2026 16:18:17 [31m  ERROR[39m [38;5;3m[Emargement] [39m[31mÉmargement en mode dégradé : Valkey indisponible, écriture directe en base.[39m
[31m[Nest] 41956  - [39m06/10/2026 16:18:17 [31m  ERROR[39m [38;5;3m[Emargement] [39m[31mÉmargement en mode dégradé : Valkey indisponible, écriture directe en base.[39m
[31m[Nest] 41956  - [39m06/10/2026 16:18:17 [31m  ERROR[39m [38;5;3m[Emargement] [39m[31mÉmargement en mode dégradé : Valkey indisponible, écriture directe en base.[39m
[31m[Nest] 41956  - [39m06/10/2026 16:18:18 [31m  ERROR[39m [38;5;3m[Emargement] [39m[31mÉmargement en mode dégradé : Valkey indisponible, écriture directe en base.[39m
[31m[Nest] 41956  - [39m06/10/2026 16:18:18 [31m  ERROR[39m [38;5;3m[Emargement] [39m[31mÉmargement en mode dégradé : Valkey indisponible, écriture directe en base.[39m
[31m[Nest] 41956  - [39m06/10/2026 16:18:18 [31m  ERROR[39m [38;5;3m[Emargement] [39m[31mÉmargement en mode dégradé : Valkey indisponible, écriture directe en base.[39m
[31m[Nest] 41956  - [39m06/10/2026 16:18:18 [31m  ERROR[39m [38;5;3m[Emargement] [39m[31mÉmargement en mode dégradé : Valkey indisponible, écriture directe en base.[39m
[31m[Nest] 41956  - [39m06/10/2026 16:18:18 [31m  ERROR[39m [38;5;3m[Emargement] [39m[31mÉmargement en mode dégradé : Valkey indisponible, écriture directe en base.[39m
[31m[Nest] 41956  - [39m06/10/2026 16:18:18 [31m  ERROR[39m [38;5;3m[Emargement] [39m[31mÉmargement en mode dégradé : Valkey indisponible, écriture directe en base.[39m
[31m[Nest] 41956  - [39m06/10/2026 16:18:18 [31m  ERROR[39m [38;5;3m[Emargement] [39m[31mÉmargement en mode dégradé : Valkey indisponible, écriture directe en base.[39m
[31m[Nest] 41956  - [39m06/10/2026 16:18:18 [31m  ERROR[39m [38;5;3m[Emargement] [39m[31mÉmargement en mode dégradé : Valkey indisponible, écriture directe en base.[39m
[31m[Nest] 41956  - [39m06/10/2026 16:18:18 [31m  ERROR[39m [38;5;3m[Emargement] [39m[31mÉmargement en mode dégradé : Valkey indisponible, écriture directe en base.[39m
[31m[Nest] 41956  - [39m06/10/2026 16:18:18 [31m  ERROR[39m [38;5;3m[Emargement] [39m[31mÉmargement en mode dégradé : Valkey indisponible, écriture directe en base.[39m
[31m[Nest] 41956  - [39m06/10/2026 16:18:18 [31m  ERROR[39m [38;5;3m[Emargement] [39m[31mÉmargement en mode dégradé : Valkey indisponible, écriture directe en base.[39m
[31m[Nest] 41956  - [39m06/10/2026 16:18:18 [31m  ERROR[39m [38;5;3m[Emargement] [39m[31mÉmargement en mode dégradé : Valkey indisponible, écriture directe en base.[39m
[31m[Nest] 41956  - [39m06/10/2026 16:18:18 [31m  ERROR[39m [38;5;3m[Emargement] [39m[31mÉmargement en mode dégradé : Valkey indisponible, écriture directe en base.[39m
[31m[Nest] 41956  - [39m06/10/2026 16:18:18 [31m  ERROR[39m [38;5;3m[Emargement] [39m[31mÉmargement en mode dégradé : Valkey indisponible, écriture directe en base.[39m
[31m[Nest] 41956  - [39m06/10/2026 16:18:18 [31m  ERROR[39m [38;5;3m[Emargement] [39m[31mÉmargement en mode dégradé : Valkey indisponible, écriture directe en base.[39m
[31m[Nest] 41956  - [39m06/10/2026 16:18:18 [31m  ERROR[39m [38;5;3m[Emargement] [39m[31mÉmargement en mode dégradé : Valkey indisponible, écriture directe en base.[39m
[31m[Nest] 41956  - [39m06/10/2026 16:18:18 [31m  ERROR[39m [38;5;3m[Emargement] [39m[31mÉmargement en mode dégradé : Valkey indisponible, écriture directe en base.[39m
[31m[Nest] 41956  - [39m06/10/2026 16:18:18 [31m  ERROR[39m [38;5;3m[Emargement] [39m[31mÉmargement en mode dégradé : Valkey indisponible, écriture directe en base.[39m
[31m[Nest] 41956  - [39m06/10/2026 16:18:18 [31m  ERROR[39m [38;5;3m[Emargement] [39m[31mÉmargement en mode dégradé : Valkey indisponible, écriture directe en base.[39m
[31m[Nest] 41956  - [39m06/10/2026 16:18:18 [31m  ERROR[39m [38;5;3m[Emargement] [39m[31mÉmargement en mode dégradé : Valkey indisponible, écriture directe en base.[39m
[31m[Nest] 41956  - [39m06/10/2026 16:18:18 [31m  ERROR[39m [38;5;3m[Emargement] [39m[31mÉmargement en mode dégradé : Valkey indisponible, écriture directe en base.[39m
[31m[Nest] 41956  - [39m06/10/2026 16:18:18 [31m  ERROR[39m [38;5;3m[Emargement] [39m[31mÉmargement en mode dégradé : Valkey indisponible, écriture directe en base.[39m
[31m[Nest] 41956  - [39m06/10/2026 16:18:18 [31m  ERROR[39m [38;5;3m[Emargement] [39m[31mÉmargement en mode dégradé : Valkey indisponible, écriture directe en base.[39m
[31m[Nest] 41956  - [39m06/10/2026 16:18:19 [31m  ERROR[39m [38;5;3m[Emargement] [39m[31mÉmargement en mode dégradé : Valkey indisponible, écriture directe en base.[39m
[31m[Nest] 41956  - [39m06/10/2026 16:18:19 [31m  ERROR[39m [38;5;3m[Emargement] [39m[31mÉmargement en mode dégradé : Valkey indisponible, écriture directe en base.[39m
[31m[Nest] 41956  - [39m06/10/2026 16:18:19 [31m  ERROR[39m [38;5;3m[Emargement] [39m[31mÉmargement en mode dégradé : Valkey indisponible, écriture directe en base.[39m
[31m[Nest] 41956  - [39m06/10/2026 16:18:19 [31m  ERROR[39m [38;5;3m[Emargement] [39m[31mÉmargement en mode dégradé : Valkey indisponible, écriture directe en base.[39m
[31m[Nest] 41956  - [39m06/10/2026 16:18:19 [31m  ERROR[39m [38;5;3m[Emargement] [39m[31mÉmargement en mode dégradé : Valkey indisponible, écriture directe en base.[39m
[31m[Nest] 41956  - [39m06/10/2026 16:18:19 [31m  ERROR[39m [38;5;3m[Emargement] [39m[31mÉmargement en mode dégradé : Valkey indisponible, écriture directe en base.[39m
[31m[Nest] 41956  - [39m06/10/2026 16:18:19 [31m  ERROR[39m [38;5;3m[Emargement] [39m[31mÉmargement en mode dégradé : Valkey indisponible, écriture directe en base.[39m
[31m[Nest] 41956  - [39m06/10/2026 16:18:19 [31m  ERROR[39m [38;5;3m[Emargement] [39m[31mÉmargement en mode dégradé : Valkey indisponible, écriture directe en base.[39m
[31m[Nest] 41956  - [39m06/10/2026 16:18:19 [31m  ERROR[39m [38;5;3m[Emargement] [39m[31mÉmargement en mode dégradé : Valkey indisponible, écriture directe en base.[39m
[31m[Nest] 41956  - [39m06/10/2026 16:18:19 [31m  ERROR[39m [38;5;3m[Emargement] [39m[31mÉmargement en mode dégradé : Valkey indisponible, écriture directe en base.[39m
[31m[Nest] 41956  - [39m06/10/2026 16:18:19 [31m  ERROR[39m [38;5;3m[Emargement] [39m[31mÉmargement en mode dégradé : Valkey indisponible, écriture directe en base.[39m
[ioredis] Unhandled error event: AggregateError [ECONNREFUSED]: 
    at internalConnectMultiple (node:net:1194:18)
    at afterConnectMultiple (node:net:1784:7)
[31m[Nest] 41956  - [39m06/10/2026 16:18:19 [31m  ERROR[39m [38;5;3m[Emargement] [39m[31mÉmargement en mode dégradé : Valkey indisponible, écriture directe en base.[39m
[31m[Nest] 41956  - [39m06/10/2026 16:18:19 [31m  ERROR[39m [38;5;3m[Emargement] [39m[31mÉmargement en mode dégradé : Valkey indisponible, écriture directe en base.[39m
[31m[Nest] 41956  - [39m06/10/2026 16:18:19 [31m  ERROR[39m [38;5;3m[Emargement] [39m[31mÉmargement en mode dégradé : Valkey indisponible, écriture directe en base.[39m
[31m[Nest] 41956  - [39m06/10/2026 16:18:19 [31m  ERROR[39m [38;5;3m[Emargement] [39m[31mÉmargement en mode dégradé : Valkey indisponible, écriture directe en base.[39m
[31m[Nest] 41956  - [39m06/10/2026 16:18:19 [31m  ERROR[39m [38;5;3m[Emargement] [39m[31mÉmargement en mode dégradé : Valkey indisponible, écriture directe en base.[39m
[31m[Nest] 41956  - [39m06/10/2026 16:18:19 [31m  ERROR[39m [38;5;3m[Emargement] [39m[31mÉmargement en mode dégradé : Valkey indisponible, écriture directe en base.[39m
[31m[Nest] 41956  - [39m06/10/2026 16:18:19 [31m  ERROR[39m [38;5;3m[Emargement] [39m[31mÉmargement en mode dégradé : Valkey indisponible, écriture directe en base.[39m
[31m[Nest] 41956  - [39m06/10/2026 16:18:19 [31m  ERROR[39m [38;5;3m[Emargement] [39m[31mÉmargement en mode dégradé : Valkey indisponible, écriture directe en base.[39m
[31m[Nest] 41956  - [39m06/10/2026 16:18:19 [31m  ERROR[39m [38;5;3m[Emargement] [39m[31mÉmargement en mode dégradé : Valkey indisponible, écriture directe en base.[39m
[31m[Nest] 41956  - [39m06/10/2026 16:18:19 [31m  ERROR[39m [38;5;3m[Emargement] [39m[31mÉmargement en mode dégradé : Valkey indisponible, écriture directe en base.[39m
[31m[Nest] 41956  - [39m06/10/2026 16:18:19 [31m  ERROR[39m [38;5;3m[Emargement] [39m[31mÉmargement en mode dégradé : Valkey indisponible, écriture directe en base.[39m
[31m[Nest] 41956  - [39m06/10/2026 16:18:19 [31m  ERROR[39m [38;5;3m[Emargement] [39m[31mÉmargement en mode dégradé : Valkey indisponible, écriture directe en base.[39m
[31m[Nest] 41956  - [39m06/10/2026 16:18:20 [31m  ERROR[39m [38;5;3m[Emargement] [39m[31mÉmargement en mode dégradé : Valkey indisponible, écriture directe en base.[39m
[31m[Nest] 41956  - [39m06/10/2026 16:18:20 [31m  ERROR[39m [38;5;3m[Emargement] [39m[31mÉmargement en mode dégradé : Valkey indisponible, écriture directe en base.[39m
[31m[Nest] 41956  - [39m06/10/2026 16:18:20 [31m  ERROR[39m [38;5;3m[Emargement] [39m[31mÉmargement en mode dégradé : Valkey indisponible, écriture directe en base.[39m
[31m[Nest] 41956  - [39m06/10/2026 16:18:20 [31m  ERROR[39m [38;5;3m[Emargement] [39m[31mÉmargement en mode dégradé : Valkey indisponible, écriture directe en base.[39m
[31m[Nest] 41956  - [39m06/10/2026 16:18:20 [31m  ERROR[39m [38;5;3m[Emargement] [39m[31mÉmargement en mode dégradé : Valkey indisponible, écriture directe en base.[39m
[31m[Nest] 41956  - [39m06/10/2026 16:18:20 [31m  ERROR[39m [38;5;3m[Emargement] [39m[31mÉmargement en mode dégradé : Valkey indisponible, écriture directe en base.[39m
[31m[Nest] 41956  - [39m06/10/2026 16:18:20 [31m  ERROR[39m [38;5;3m[Emargement] [39m[31mÉmargement en mode dégradé : Valkey indisponible, écriture directe en base.[39m
[31m[Nest] 41956  - [39m06/10/2026 16:18:20 [31m  ERROR[39m [38;5;3m[Emargement] [39m[31mÉmargement en mode dégradé : Valkey indisponible, écriture directe en base.[39m
[31m[Nest] 41956  - [39m06/10/2026 16:18:20 [31m  ERROR[39m [38;5;3m[Emargement] [39m[31mÉmargement en mode dégradé : Valkey indisponible, écriture directe en base.[39m
[31m[Nest] 41956  - [39m06/10/2026 16:18:20 [31m  ERROR[39m [38;5;3m[Emargement] [39m[31mÉmargement en mode dégradé : Valkey indisponible, écriture directe en base.[39m
[31m[Nest] 41956  - [39m06/10/2026 16:18:20 [31m  ERROR[39m [38;5;3m[Emargement] [39m[31mÉmargement en mode dégradé : Valkey indisponible, écriture directe en base.[39m
[31m[Nest] 41956  - [39m06/10/2026 16:18:20 [31m  ERROR[39m [38;5;3m[Emargement] [39m[31mÉmargement en mode dégradé : Valkey indisponible, écriture directe en base.[39m
[31m[Nest] 41956  - [39m06/10/2026 16:18:20 [31m  ERROR[39m [38;5;3m[Emargement] [39m[31mÉmargement en mode dégradé : Valkey indisponible, écriture directe en base.[39m
[31m[Nest] 41956  - [39m06/10/2026 16:18:20 [31m  ERROR[39m [38;5;3m[Emargement] [39m[31mÉmargement en mode dégradé : Valkey indisponible, écriture directe en base.[39m
[31m[Nest] 41956  - [39m06/10/2026 16:18:20 [31m  ERROR[39m [38;5;3m[Emargement] [39m[31mÉmargement en mode dégradé : Valkey indisponible, écriture directe en base.[39m
[31m[Nest] 41956  - [39m06/10/2026 16:18:20 [31m  ERROR[39m [38;5;3m[Emargement] [39m[31mÉmargement en mode dégradé : Valkey indisponible, écriture directe en base.[39m
[31m[Nest] 41956  - [39m06/10/2026 16:18:20 [31m  ERROR[39m [38;5;3m[Emargement] [39m[31mÉmargement en mode dégradé : Valkey indisponible, écriture directe en base.[39m
[31m[Nest] 41956  - [39m06/10/2026 16:18:20 [31m  ERROR[39m [38;5;3m[Emargement] [39m[31mÉmargement en mode dégradé : Valkey indisponible, écriture directe en base.[39m
[31m[Nest] 41956  - [39m06/10/2026 16:18:20 [31m  ERROR[39m [38;5;3m[Emargement] [39m[31mÉmargement en mode dégradé : Valkey indisponible, écriture directe en base.[39m
[31m[Nest] 41956  - [39m06/10/2026 16:18:20 [31m  ERROR[39m [38;5;3m[Emargement] [39m[31mÉmargement en mode dégradé : Valkey indisponible, écriture directe en base.[39m
[31m[Nest] 41956  - [39m06/10/2026 16:18:20 [31m  ERROR[39m [38;5;3m[Emargement] [39m[31mÉmargement en mode dégradé : Valkey indisponible, écriture directe en base.[39m
[31m[Nest] 41956  - [39m06/10/2026 16:18:20 [31m  ERROR[39m [38;5;3m[Emargement] [39m[31mÉmargement en mode dégradé : Valkey indisponible, écriture directe en base.[39m
[31m[Nest] 41956  - [39m06/10/2026 16:18:20 [31m  ERROR[39m [38;5;3m[Emargement] [39m[31mÉmargement en mode dégradé : Valkey indisponible, écriture directe en base.[39m
[31m[Nest] 41956  - [39m06/10/2026 16:18:21 [31m  ERROR[39m [38;5;3m[Emargement] [39m[31mÉmargement en mode dégradé : Valkey indisponible, écriture directe en base.[39m
[31m[Nest] 41956  - [39m06/10/2026 16:18:21 [31m  ERROR[39m [38;5;3m[Emargement] [39m[31mÉmargement en mode dégradé : Valkey indisponible, écriture directe en base.[39m
[31m[Nest] 41956  - [39m06/10/2026 16:18:21 [31m  ERROR[39m [38;5;3m[Emargement] [39m[31mÉmargement en mode dégradé : Valkey indisponible, écriture directe en base.[39m
[31m[Nest] 41956  - [39m06/10/2026 16:18:21 [31m  ERROR[39m [38;5;3m[Emargement] [39m[31mÉmargement en mode dégradé : Valkey indisponible, écriture directe en base.[39m
[31m[Nest] 41956  - [39m06/10/2026 16:18:21 [31m  ERROR[39m [38;5;3m[Emargement] [39m[31mÉmargement en mode dégradé : Valkey indisponible, écriture directe en base.[39m
[31m[Nest] 41956  - [39m06/10/2026 16:18:21 [31m  ERROR[39m [38;5;3m[Emargement] [39m[31mÉmargement en mode dégradé : Valkey indisponible, écriture directe en base.[39m
[31m[Nest] 41956  - [39m06/10/2026 16:18:21 [31m  ERROR[39m [38;5;3m[Emargement] [39m[31mÉmargement en mode dégradé : Valkey indisponible, écriture directe en base.[39m
[31m[Nest] 41956  - [39m06/10/2026 16:18:21 [31m  ERROR[39m [38;5;3m[Emargement] [39m[31mÉmargement en mode dégradé : Valkey indisponible, écriture directe en base.[39m
[31m[Nest] 41956  - [39m06/10/2026 16:18:21 [31m  ERROR[39m [38;5;3m[Emargement] [39m[31mÉmargement en mode dégradé : Valkey indisponible, écriture directe en base.[39m
[31m[Nest] 41956  - [39m06/10/2026 16:18:21 [31m  ERROR[39m [38;5;3m[Emargement] [39m[31mÉmargement en mode dégradé : Valkey indisponible, écriture directe en base.[39m
[31m[Nest] 41956  - [39m06/10/2026 16:18:21 [31m  ERROR[39m [38;5;3m[Emargement] [39m[31mÉmargement en mode dégradé : Valkey indisponible, écriture directe en base.[39m
[31m[Nest] 41956  - [39m06/10/2026 16:18:21 [31m  ERROR[39m [38;5;3m[Emargement] [39m[31mÉmargement en mode dégradé : Valkey indisponible, écriture directe en base.[39m
[31m[Nest] 41956  - [39m06/10/2026 16:18:21 [31m  ERROR[39m [38;5;3m[Emargement] [39m[31mÉmargement en mode dégradé : Valkey indisponible, écriture directe en base.[39m
[31m[Nest] 41956  - [39m06/10/2026 16:18:21 [31m  ERROR[39m [38;5;3m[Emargement] [39m[31mÉmargement en mode dégradé : Valkey indisponible, écriture directe en base.[39m
[31m[Nest] 41956  - [39m06/10/2026 16:18:21 [31m  ERROR[39m [38;5;3m[Emargement] [39m[31mÉmargement en mode dégradé : Valkey indisponible, écriture directe en base.[39m
[31m[Nest] 41956  - [39m06/10/2026 16:18:21 [31m  ERROR[39m [38;5;3m[Emargement] [39m[31mÉmargement en mode dégradé : Valkey indisponible, écriture directe en base.[39m
[31m[Nest] 41956  - [39m06/10/2026 16:18:21 [31m  ERROR[39m [38;5;3m[Emargement] [39m[31mÉmargement en mode dégradé : Valkey indisponible, écriture directe en base.[39m
[31m[Nest] 41956  - [39m06/10/2026 16:18:21 [31m  ERROR[39m [38;5;3m[Emargement] [39m[31mÉmargement en mode dégradé : Valkey indisponible, écriture directe en base.[39m
[31m[Nest] 41956  - [39m06/10/2026 16:18:21 [31m  ERROR[39m [38;5;3m[Emargement] [39m[31mÉmargement en mode dégradé : Valkey indisponible, écriture directe en base.[39m
[31m[Nest] 41956  - [39m06/10/2026 16:18:21 [31m  ERROR[39m [38;5;3m[Emargement] [39m[31mÉmargement en mode dégradé : Valkey indisponible, écriture directe en base.[39m
[31m[Nest] 41956  - [39m06/10/2026 16:18:21 [31m  ERROR[39m [38;5;3m[Emargement] [39m[31mÉmargement en mode dégradé : Valkey indisponible, écriture directe en base.[39m
[31m[Nest] 41956  - [39m06/10/2026 16:18:21 [31m  ERROR[39m [38;5;3m[Emargement] [39m[31mÉmargement en mode dégradé : Valkey indisponible, écriture directe en base.[39m
[31m[Nest] 41956  - [39m06/10/2026 16:18:21 [31m  ERROR[39m [38;5;3m[Emargement] [39m[31mÉmargement en mode dégradé : Valkey indisponible, écriture directe en base.[39m
[31m[Nest] 41956  - [39m06/10/2026 16:18:22 [31m  ERROR[39m [38;5;3m[Emargement] [39m[31mÉmargement en mode dégradé : Valkey indisponible, écriture directe en base.[39m
[31m[Nest] 41956  - [39m06/10/2026 16:18:22 [31m  ERROR[39m [38;5;3m[Emargement] [39m[31mÉmargement en mode dégradé : Valkey indisponible, écriture directe en base.[39m
[31m[Nest] 41956  - [39m06/10/2026 16:18:22 [31m  ERROR[39m [38;5;3m[Emargement] [39m[31mÉmargement en mode dégradé : Valkey indisponible, écriture directe en base.[39m
[31m[Nest] 41956  - [39m06/10/2026 16:18:22 [31m  ERROR[39m [38;5;3m[Emargement] [39m[31mÉmargement en mode dégradé : Valkey indisponible, écriture directe en base.[39m
[31m[Nest] 41956  - [39m06/10/2026 16:18:22 [31m  ERROR[39m [38;5;3m[Emargement] [39m[31mÉmargement en mode dégradé : Valkey indisponible, écriture directe en base.[39m
[31m[Nest] 41956  - [39m06/10/2026 16:18:22 [31m  ERROR[39m [38;5;3m[Emargement] [39m[31mÉmargement en mode dégradé : Valkey indisponible, écriture directe en base.[39m
[31m[Nest] 41956  - [39m06/10/2026 16:18:22 [31m  ERROR[39m [38;5;3m[Emargement] [39m[31mÉmargement en mode dégradé : Valkey indisponible, écriture directe en base.[39m
[31m[Nest] 41956  - [39m06/10/2026 16:18:22 [31m  ERROR[39m [38;5;3m[Emargement] [39m[31mÉmargement en mode dégradé : Valkey indisponible, écriture directe en base.[39m
[31m[Nest] 41956  - [39m06/10/2026 16:18:22 [31m  ERROR[39m [38;5;3m[Emargement] [39m[31mÉmargement en mode dégradé : Valkey indisponible, écriture directe en base.[39m
[31m[Nest] 41956  - [39m06/10/2026 16:18:22 [31m  ERROR[39m [38;5;3m[Emargement] [39m[31mÉmargement en mode dégradé : Valkey indisponible, écriture directe en base.[39m
[31m[Nest] 41956  - [39m06/10/2026 16:18:22 [31m  ERROR[39m [38;5;3m[Emargement] [39m[31mÉmargement en mode dégradé : Valkey indisponible, écriture directe en base.[39m
[31m[Nest] 41956  - [39m06/10/2026 16:18:22 [31m  ERROR[39m [38;5;3m[Emargement] [39m[31mÉmargement en mode dégradé : Valkey indisponible, écriture directe en base.[39m
[31m[Nest] 41956  - [39m06/10/2026 16:18:22 [31m  ERROR[39m [38;5;3m[Emargement] [39m[31mÉmargement en mode dégradé : Valkey indisponible, écriture directe en base.[39m
[31m[Nest] 41956  - [39m06/10/2026 16:18:22 [31m  ERROR[39m [38;5;3m[Emargement] [39m[31mÉmargement en mode dégradé : Valkey indisponible, écriture directe en base.[39m
[31m[Nest] 41956  - [39m06/10/2026 16:18:22 [31m  ERROR[39m [38;5;3m[Emargement] [39m[31mÉmargement en mode dégradé : Valkey indisponible, écriture directe en base.[39m
[31m[Nest] 41956  - [39m06/10/2026 16:18:22 [31m  ERROR[39m [38;5;3m[Emargement] [39m[31mÉmargement en mode dégradé : Valkey indisponible, écriture directe en base.[39m
[31m[Nest] 41956  - [39m06/10/2026 16:18:22 [31m  ERROR[39m [38;5;3m[Emargement] [39m[31mÉmargement en mode dégradé : Valkey indisponible, écriture directe en base.[39m
[31m[Nest] 41956  - [39m06/10/2026 16:18:22 [31m  ERROR[39m [38;5;3m[Emargement] [39m[31mÉmargement en mode dégradé : Valkey indisponible, écriture directe en base.[39m
[31m[Nest] 41956  - [39m06/10/2026 16:18:22 [31m  ERROR[39m [38;5;3m[Emargement] [39m[31mÉmargement en mode dégradé : Valkey indisponible, écriture directe en base.[39m
[31m[Nest] 41956  - [39m06/10/2026 16:18:22 [31m  ERROR[39m [38;5;3m[Emargement] [39m[31mÉmargement en mode dégradé : Valkey indisponible, écriture directe en base.[39m
[31m[Nest] 41956  - [39m06/10/2026 16:18:22 [31m  ERROR[39m [38;5;3m[Emargement] [39m[31mÉmargement en mode dégradé : Valkey indisponible, écriture directe en base.[39m
[31m[Nest] 41956  - [39m06/10/2026 16:18:22 [31m  ERROR[39m [38;5;3m[Emargement] [39m[31mÉmargement en mode dégradé : Valkey indisponible, écriture directe en base.[39m
[31m[Nest] 41956  - [39m06/10/2026 16:18:22 [31m  ERROR[39m [38;5;3m[Emargement] [39m[31mÉmargement en mode dégradé : Valkey indisponible, écriture directe en base.[39m
[31m[Nest] 41956  - [39m06/10/2026 16:18:23 [31m  ERROR[39m [38;5;3m[Emargement] [39m[31mÉmargement en mode dégradé : Valkey indisponible, écriture directe en base.[39m
[31m[Nest] 41956  - [39m06/10/2026 16:18:23 [31m  ERROR[39m [38;5;3m[Emargement] [39m[31mÉmargement en mode dégradé : Valkey indisponible, écriture directe en base.[39m
[31m[Nest] 41956  - [39m06/10/2026 16:18:23 [31m  ERROR[39m [38;5;3m[Emargement] [39m[31mÉmargement en mode dégradé : Valkey indisponible, écriture directe en base.[39m
[31m[Nest] 41956  - [39m06/10/2026 16:18:23 [31m  ERROR[39m [38;5;3m[Emargement] [39m[31mÉmargement en mode dégradé : Valkey indisponible, écriture directe en base.[39m
[31m[Nest] 41956  - [39m06/10/2026 16:18:23 [31m  ERROR[39m [38;5;3m[Emargement] [39m[31mÉmargement en mode dégradé : Valkey indisponible, écriture directe en base.[39m
[31m[Nest] 41956  - [39m06/10/2026 16:18:23 [31m  ERROR[39m [38;5;3m[Emargement] [39m[31mÉmargement en mode dégradé : Valkey indisponible, écriture directe en base.[39m
[31m[Nest] 41956  - [39m06/10/2026 16:18:23 [31m  ERROR[39m [38;5;3m[Emargement] [39m[31mÉmargement en mode dégradé : Valkey indisponible, écriture directe en base.[39m
[31m[Nest] 41956  - [39m06/10/2026 16:18:23 [31m  ERROR[39m [38;5;3m[Emargement] [39m[31mÉmargement en mode dégradé : Valkey indisponible, écriture directe en base.[39m
[31m[Nest] 41956  - [39m06/10/2026 16:18:23 [31m  ERROR[39m [38;5;3m[Emargement] [39m[31mÉmargement en mode dégradé : Valkey indisponible, écriture directe en base.[39m
[31m[Nest] 41956  - [39m06/10/2026 16:18:23 [31m  ERROR[39m [38;5;3m[Emargement] [39m[31mÉmargement en mode dégradé : Valkey indisponible, écriture directe en base.[39m
[31m[Nest] 41956  - [39m06/10/2026 16:18:23 [31m  ERROR[39m [38;5;3m[Emargement] [39m[31mÉmargement en mode dégradé : Valkey indisponible, écriture directe en base.[39m
[31m[Nest] 41956  - [39m06/10/2026 16:18:23 [31m  ERROR[39m [38;5;3m[Emargement] [39m[31mÉmargement en mode dégradé : Valkey indisponible, écriture directe en base.[39m
[31m[Nest] 41956  - [39m06/10/2026 16:18:23 [31m  ERROR[39m [38;5;3m[Emargement] [39m[31mÉmargement en mode dégradé : Valkey indisponible, écriture directe en base.[39m
[31m[Nest] 41956  - [39m06/10/2026 16:18:23 [31m  ERROR[39m [38;5;3m[Emargement] [39m[31mÉmargement en mode dégradé : Valkey indisponible, écriture directe en base.[39m
[31m[Nest] 41956  - [39m06/10/2026 16:18:23 [31m  ERROR[39m [38;5;3m[Emargement] [39m[31mÉmargement en mode dégradé : Valkey indisponible, écriture directe en base.[39m
[31m[Nest] 41956  - [39m06/10/2026 16:18:23 [31m  ERROR[39m [38;5;3m[Emargement] [39m[31mÉmargement en mode dégradé : Valkey indisponible, écriture directe en base.[39m
[31m[Nest] 41956  - [39m06/10/2026 16:18:23 [31m  ERROR[39m [38;5;3m[Emargement] [39m[31mÉmargement en mode dégradé : Valkey indisponible, écriture directe en base.[39m
[31m[Nest] 41956  - [39m06/10/2026 16:18:23 [31m  ERROR[39m [38;5;3m[Emargement] [39m[31mÉmargement en mode dégradé : Valkey indisponible, écriture directe en base.[39m
[31m[Nest] 41956  - [39m06/10/2026 16:18:23 [31m  ERROR[39m [38;5;3m[Emargement] [39m[31mÉmargement en mode dégradé : Valkey indisponible, écriture directe en base.[39m
[31m[Nest] 41956  - [39m06/10/2026 16:18:23 [31m  ERROR[39m [38;5;3m[Emargement] [39m[31mÉmargement en mode dégradé : Valkey indisponible, écriture directe en base.[39m
[31m[Nest] 41956  - [39m06/10/2026 16:18:23 [31m  ERROR[39m [38;5;3m[Emargement] [39m[31mÉmargement en mode dégradé : Valkey indisponible, écriture directe en base.[39m
[31m[Nest] 41956  - [39m06/10/2026 16:18:23 [31m  ERROR[39m [38;5;3m[Emargement] [39m[31mÉmargement en mode dégradé : Valkey indisponible, écriture directe en base.[39m
[31m[Nest] 41956  - [39m06/10/2026 16:18:23 [31m  ERROR[39m [38;5;3m[Emargement] [39m[31mÉmargement en mode dégradé : Valkey indisponible, écriture directe en base.[39m
[31m[Nest] 41956  - [39m06/10/2026 16:18:24 [31m  ERROR[39m [38;5;3m[Emargement] [39m[31mÉmargement en mode dégradé : Valkey indisponible, écriture directe en base.[39m
[31m[Nest] 41956  - [39m06/10/2026 16:18:24 [31m  ERROR[39m [38;5;3m[Emargement] [39m[31mÉmargement en mode dégradé : Valkey indisponible, écriture directe en base.[39m
[31m[Nest] 41956  - [39m06/10/2026 16:18:24 [31m  ERROR[39m [38;5;3m[Emargement] [39m[31mÉmargement en mode dégradé : Valkey indisponible, écriture directe en base.[39m
[31m[Nest] 41956  - [39m06/10/2026 16:18:24 [31m  ERROR[39m [38;5;3m[Emargement] [39m[31mÉmargement en mode dégradé : Valkey indisponible, écriture directe en base.[39m
[31m[Nest] 41956  - [39m06/10/2026 16:18:24 [31m  ERROR[39m [38;5;3m[Emargement] [39m[31mÉmargement en mode dégradé : Valkey indisponible, écriture directe en base.[39m
[31m[Nest] 41956  - [39m06/10/2026 16:18:24 [31m  ERROR[39m [38;5;3m[Emargement] [39m[31mÉmargement en mode dégradé : Valkey indisponible, écriture directe en base.[39m
[31m[Nest] 41956  - [39m06/10/2026 16:18:24 [31m  ERROR[39m [38;5;3m[Emargement] [39m[31mÉmargement en mode dégradé : Valkey indisponible, écriture directe en base.[39m
[31m[Nest] 41956  - [39m06/10/2026 16:18:24 [31m  ERROR[39m [38;5;3m[Emargement] [39m[31mÉmargement en mode dégradé : Valkey indisponible, écriture directe en base.[39m
[31m[Nest] 41956  - [39m06/10/2026 16:18:24 [31m  ERROR[39m [38;5;3m[Emargement] [39m[31mÉmargement en mode dégradé : Valkey indisponible, écriture directe en base.[39m
[31m[Nest] 41956  - [39m06/10/2026 16:18:24 [31m  ERROR[39m [38;5;3m[Emargement] [39m[31mÉmargement en mode dégradé : Valkey indisponible, écriture directe en base.[39m
[31m[Nest] 41956  - [39m06/10/2026 16:18:24 [31m  ERROR[39m [38;5;3m[Emargement] [39m[31mÉmargement en mode dégradé : Valkey indisponible, écriture directe en base.[39m
[31m[Nest] 41956  - [39m06/10/2026 16:18:24 [31m  ERROR[39m [38;5;3m[Emargement] [39m[31mÉmargement en mode dégradé : Valkey indisponible, écriture directe en base.[39m
[31m[Nest] 41956  - [39m06/10/2026 16:18:24 [31m  ERROR[39m [38;5;3m[Emargement] [39m[31mÉmargement en mode dégradé : Valkey indisponible, écriture directe en base.[39m
[ioredis] Unhandled error event: AggregateError [ECONNREFUSED]: 
    at internalConnectMultiple (node:net:1194:18)
    at afterConnectMultiple (node:net:1784:7)
[31m[Nest] 41956  - [39m06/10/2026 16:18:24 [31m  ERROR[39m [38;5;3m[Emargement] [39m[31mÉmargement en mode dégradé : Valkey indisponible, écriture directe en base.[39m
[31m[Nest] 41956  - [39m06/10/2026 16:18:24 [31m  ERROR[39m [38;5;3m[Emargement] [39m[31mÉmargement en mode dégradé : Valkey indisponible, écriture directe en base.[39m
[31m[Nest] 41956  - [39m06/10/2026 16:18:24 [31m  ERROR[39m [38;5;3m[Emargement] [39m[31mÉmargement en mode dégradé : Valkey indisponible, écriture directe en base.[39m
[31m[Nest] 41956  - [39m06/10/2026 16:18:24 [31m  ERROR[39m [38;5;3m[Emargement] [39m[31mÉmargement en mode dégradé : Valkey indisponible, écriture directe en base.[39m
[31m[Nest] 41956  - [39m06/10/2026 16:18:24 [31m  ERROR[39m [38;5;3m[Emargement] [39m[31mÉmargement en mode dégradé : Valkey indisponible, écriture directe en base.[39m
[31m[Nest] 41956  - [39m06/10/2026 16:18:24 [31m  ERROR[39m [38;5;3m[Emargement] [39m[31mÉmargement en mode dégradé : Valkey indisponible, écriture directe en base.[39m
[31m[Nest] 41956  - [39m06/10/2026 16:18:24 [31m  ERROR[39m [38;5;3m[Emargement] [39m[31mÉmargement en mode dégradé : Valkey indisponible, écriture directe en base.[39m
[31m[Nest] 41956  - [39m06/10/2026 16:18:24 [31m  ERROR[39m [38;5;3m[Emargement] [39m[31mÉmargement en mode dégradé : Valkey indisponible, écriture directe en base.[39m
[31m[Nest] 41956  - [39m06/10/2026 16:18:24 [31m  ERROR[39m [38;5;3m[Emargement] [39m[31mÉmargement en mode dégradé : Valkey indisponible, écriture directe en base.[39m
[31m[Nest] 41956  - [39m06/10/2026 16:18:24 [31m  ERROR[39m [38;5;3m[Emargement] [39m[31mÉmargement en mode dégradé : Valkey indisponible, écriture directe en base.[39m
[31m[Nest] 41956  - [39m06/10/2026 16:18:25 [31m  ERROR[39m [38;5;3m[Emargement] [39m[31mÉmargement en mode dégradé : Valkey indisponible, écriture directe en base.[39m
[31m[Nest] 41956  - [39m06/10/2026 16:18:25 [31m  ERROR[39m [38;5;3m[Emargement] [39m[31mÉmargement en mode dégradé : Valkey indisponible, écriture directe en base.[39m
[31m[Nest] 41956  - [39m06/10/2026 16:18:25 [31m  ERROR[39m [38;5;3m[Emargement] [39m[31mÉmargement en mode dégradé : Valkey indisponible, écriture directe en base.[39m
[31m[Nest] 41956  - [39m06/10/2026 16:18:25 [31m  ERROR[39m [38;5;3m[Emargement] [39m[31mÉmargement en mode dégradé : Valkey indisponible, écriture directe en base.[39m
[31m[Nest] 41956  - [39m06/10/2026 16:18:25 [31m  ERROR[39m [38;5;3m[Emargement] [39m[31mÉmargement en mode dégradé : Valkey indisponible, écriture directe en base.[39m
[31m[Nest] 41956  - [39m06/10/2026 16:18:25 [31m  ERROR[39m [38;5;3m[Emargement] [39m[31mÉmargement en mode dégradé : Valkey indisponible, écriture directe en base.[39m
[31m[Nest] 41956  - [39m06/10/2026 16:18:25 [31m  ERROR[39m [38;5;3m[Emargement] [39m[31mÉmargement en mode dégradé : Valkey indisponible, écriture directe en base.[39m
[31m[Nest] 41956  - [39m06/10/2026 16:18:25 [31m  ERROR[39m [38;5;3m[Emargement] [39m[31mÉmargement en mode dégradé : Valkey indisponible, écriture directe en base.[39m
[31m[Nest] 41956  - [39m06/10/2026 16:18:25 [31m  ERROR[39m [38;5;3m[Emargement] [39m[31mÉmargement en mode dégradé : Valkey indisponible, écriture directe en base.[39m
[31m[Nest] 41956  - [39m06/10/2026 16:18:25 [31m  ERROR[39m [38;5;3m[Emargement] [39m[31mÉmargement en mode dégradé : Valkey indisponible, écriture directe en base.[39m
[31m[Nest] 41956  - [39m06/10/2026 16:18:25 [31m  ERROR[39m [38;5;3m[Emargement] [39m[31mÉmargement en mode dégradé : Valkey indisponible, écriture directe en base.[39m
[31m[Nest] 41956  - [39m06/10/2026 16:18:25 [31m  ERROR[39m [38;5;3m[Emargement] [39m[31mÉmargement en mode dégradé : Valkey indisponible, écriture directe en base.[39m
[31m[Nest] 41956  - [39m06/10/2026 16:18:25 [31m  ERROR[39m [38;5;3m[Emargement] [39m[31mÉmargement en mode dégradé : Valkey indisponible, écriture directe en base.[39m
[31m[Nest] 41956  - [39m06/10/2026 16:18:25 [31m  ERROR[39m [38;5;3m[Emargement] [39m[31mÉmargement en mode dégradé : Valkey indisponible, écriture directe en base.[39m
[31m[Nest] 41956  - [39m06/10/2026 16:18:25 [31m  ERROR[39m [38;5;3m[Emargement] [39m[31mÉmargement en mode dégradé : Valkey indisponible, écriture directe en base.[39m
[31m[Nest] 41956  - [39m06/10/2026 16:18:25 [31m  ERROR[39m [38;5;3m[Emargement] [39m[31mÉmargement en mode dégradé : Valkey indisponible, écriture directe en base.[39m
[31m[Nest] 41956  - [39m06/10/2026 16:18:25 [31m  ERROR[39m [38;5;3m[Emargement] [39m[31mÉmargement en mode dégradé : Valkey indisponible, écriture directe en base.[39m
[31m[Nest] 41956  - [39m06/10/2026 16:18:25 [31m  ERROR[39m [38;5;3m[Emargement] [39m[31mÉmargement en mode dégradé : Valkey indisponible, écriture directe en base.[39m
[31m[Nest] 41956  - [39m06/10/2026 16:18:25 [31m  ERROR[39m [38;5;3m[Emargement] [39m[31mÉmargement en mode dégradé : Valkey indisponible, écriture directe en base.[39m
[31m[Nest] 41956  - [39m06/10/2026 16:18:25 [31m  ERROR[39m [38;5;3m[Emargement] [39m[31mÉmargement en mode dégradé : Valkey indisponible, écriture directe en base.[39m
[31m[Nest] 41956  - [39m06/10/2026 16:18:25 [31m  ERROR[39m [38;5;3m[Emargement] [39m[31mÉmargement en mode dégradé : Valkey indisponible, écriture directe en base.[39m
[31m[Nest] 41956  - [39m06/10/2026 16:18:25 [31m  ERROR[39m [38;5;3m[Emargement] [39m[31mÉmargement en mode dégradé : Valkey indisponible, écriture directe en base.[39m
[31m[Nest] 41956  - [39m06/10/2026 16:18:25 [31m  ERROR[39m [38;5;3m[Emargement] [39m[31mÉmargement en mode dégradé : Valkey indisponible, écriture directe en base.[39m
[31m[Nest] 41956  - [39m06/10/2026 16:18:26 [31m  ERROR[39m [38;5;3m[Emargement] [39m[31mÉmargement en mode dégradé : Valkey indisponible, écriture directe en base.[39m
[31m[Nest] 41956  - [39m06/10/2026 16:18:26 [31m  ERROR[39m [38;5;3m[Emargement] [39m[31mÉmargement en mode dégradé : Valkey indisponible, écriture directe en base.[39m
[31m[Nest] 41956  - [39m06/10/2026 16:18:26 [31m  ERROR[39m [38;5;3m[Emargement] [39m[31mÉmargement en mode dégradé : Valkey indisponible, écriture directe en base.[39m
[31m[Nest] 41956  - [39m06/10/2026 16:18:26 [31m  ERROR[39m [38;5;3m[Emargement] [39m[31mÉmargement en mode dégradé : Valkey indisponible, écriture directe en base.[39m
[31m[Nest] 41956  - [39m06/10/2026 16:18:26 [31m  ERROR[39m [38;5;3m[Emargement] [39m[31mÉmargement en mode dégradé : Valkey indisponible, écriture directe en base.[39m
[31m[Nest] 41956  - [39m06/10/2026 16:18:26 [31m  ERROR[39m [38;5;3m[Emargement] [39m[31mÉmargement en mode dégradé : Valkey indisponible, écriture directe en base.[39m
[31m[Nest] 41956  - [39m06/10/2026 16:18:26 [31m  ERROR[39m [38;5;3m[Emargement] [39m[31mÉmargement en mode dégradé : Valkey indisponible, écriture directe en base.[39m
[31m[Nest] 41956  - [39m06/10/2026 16:18:26 [31m  ERROR[39m [38;5;3m[Emargement] [39m[31mÉmargement en mode dégradé : Valkey indisponible, écriture directe en base.[39m
[31m[Nest] 41956  - [39m06/10/2026 16:18:26 [31m  ERROR[39m [38;5;3m[Emargement] [39m[31mÉmargement en mode dégradé : Valkey indisponible, écriture directe en base.[39m
[31m[Nest] 41956  - [39m06/10/2026 16:18:26 [31m  ERROR[39m [38;5;3m[Emargement] [39m[31mÉmargement en mode dégradé : Valkey indisponible, écriture directe en base.[39m
[31m[Nest] 41956  - [39m06/10/2026 16:18:26 [31m  ERROR[39m [38;5;3m[Emargement] [39m[31mÉmargement en mode dégradé : Valkey indisponible, écriture directe en base.[39m
[31m[Nest] 41956  - [39m06/10/2026 16:18:26 [31m  ERROR[39m [38;5;3m[Emargement] [39m[31mÉmargement en mode dégradé : Valkey indisponible, écriture directe en base.[39m
[31m[Nest] 41956  - [39m06/10/2026 16:18:26 [31m  ERROR[39m [38;5;3m[Emargement] [39m[31mÉmargement en mode dégradé : Valkey indisponible, écriture directe en base.[39m
[31m[Nest] 41956  - [39m06/10/2026 16:18:26 [31m  ERROR[39m [38;5;3m[Emargement] [39m[31mÉmargement en mode dégradé : Valkey indisponible, écriture directe en base.[39m
[31m[Nest] 41956  - [39m06/10/2026 16:18:26 [31m  ERROR[39m [38;5;3m[Emargement] [39m[31mÉmargement en mode dégradé : Valkey indisponible, écriture directe en base.[39m
[31m[Nest] 41956  - [39m06/10/2026 16:18:26 [31m  ERROR[39m [38;5;3m[Emargement] [39m[31mÉmargement en mode dégradé : Valkey indisponible, écriture directe en base.[39m
[31m[Nest] 41956  - [39m06/10/2026 16:18:26 [31m  ERROR[39m [38;5;3m[Emargement] [39m[31mÉmargement en mode dégradé : Valkey indisponible, écriture directe en base.[39m
[31m[Nest] 41956  - [39m06/10/2026 16:18:26 [31m  ERROR[39m [38;5;3m[Emargement] [39m[31mÉmargement en mode dégradé : Valkey indisponible, écriture directe en base.[39m
[31m[Nest] 41956  - [39m06/10/2026 16:18:26 [31m  ERROR[39m [38;5;3m[Emargement] [39m[31mÉmargement en mode dégradé : Valkey indisponible, écriture directe en base.[39m
[31m[Nest] 41956  - [39m06/10/2026 16:18:26 [31m  ERROR[39m [38;5;3m[Emargement] [39m[31mÉmargement en mode dégradé : Valkey indisponible, écriture directe en base.[39m
[31m[Nest] 41956  - [39m06/10/2026 16:18:26 [31m  ERROR[39m [38;5;3m[Emargement] [39m[31mÉmargement en mode dégradé : Valkey indisponible, écriture directe en base.[39m
[31m[Nest] 41956  - [39m06/10/2026 16:18:26 [31m  ERROR[39m [38;5;3m[Emargement] [39m[31mÉmargement en mode dégradé : Valkey indisponible, écriture directe en base.[39m
[31m[Nest] 41956  - [39m06/10/2026 16:18:26 [31m  ERROR[39m [38;5;3m[Emargement] [39m[31mÉmargement en mode dégradé : Valkey indisponible, écriture directe en base.[39m
[31m[Nest] 41956  - [39m06/10/2026 16:18:27 [31m  ERROR[39m [38;5;3m[Emargement] [39m[31mÉmargement en mode dégradé : Valkey indisponible, écriture directe en base.[39m
[31m[Nest] 41956  - [39m06/10/2026 16:18:27 [31m  ERROR[39m [38;5;3m[Emargement] [39m[31mÉmargement en mode dégradé : Valkey indisponible, écriture directe en base.[39m
[31m[Nest] 41956  - [39m06/10/2026 16:18:27 [31m  ERROR[39m [38;5;3m[Emargement] [39m[31mÉmargement en mode dégradé : Valkey indisponible, écriture directe en base.[39m
[31m[Nest] 41956  - [39m06/10/2026 16:18:27 [31m  ERROR[39m [38;5;3m[Emargement] [39m[31mÉmargement en mode dégradé : Valkey indisponible, écriture directe en base.[39m
[31m[Nest] 41956  - [39m06/10/2026 16:18:27 [31m  ERROR[39m [38;5;3m[Emargement] [39m[31mÉmargement en mode dégradé : Valkey indisponible, écriture directe en base.[39m
[31m[Nest] 41956  - [39m06/10/2026 16:18:27 [31m  ERROR[39m [38;5;3m[Emargement] [39m[31mÉmargement en mode dégradé : Valkey indisponible, écriture directe en base.[39m
[31m[Nest] 41956  - [39m06/10/2026 16:18:27 [31m  ERROR[39m [38;5;3m[Emargement] [39m[31mÉmargement en mode dégradé : Valkey indisponible, écriture directe en base.[39m
[31m[Nest] 41956  - [39m06/10/2026 16:18:27 [31m  ERROR[39m [38;5;3m[Emargement] [39m[31mÉmargement en mode dégradé : Valkey indisponible, écriture directe en base.[39m
[31m[Nest] 41956  - [39m06/10/2026 16:18:27 [31m  ERROR[39m [38;5;3m[Emargement] [39m[31mÉmargement en mode dégradé : Valkey indisponible, écriture directe en base.[39m
[31m[Nest] 41956  - [39m06/10/2026 16:18:27 [31m  ERROR[39m [38;5;3m[Emargement] [39m[31mÉmargement en mode dégradé : Valkey indisponible, écriture directe en base.[39m
[31m[Nest] 41956  - [39m06/10/2026 16:18:27 [31m  ERROR[39m [38;5;3m[Emargement] [39m[31mÉmargement en mode dégradé : Valkey indisponible, écriture directe en base.[39m
[31m[Nest] 41956  - [39m06/10/2026 16:18:27 [31m  ERROR[39m [38;5;3m[Emargement] [39m[31mÉmargement en mode dégradé : Valkey indisponible, écriture directe en base.[39m
[31m[Nest] 41956  - [39m06/10/2026 16:18:27 [31m  ERROR[39m [38;5;3m[Emargement] [39m[31mÉmargement en mode dégradé : Valkey indisponible, écriture directe en base.[39m
[31m[Nest] 41956  - [39m06/10/2026 16:18:27 [31m  ERROR[39m [38;5;3m[Emargement] [39m[31mÉmargement en mode dégradé : Valkey indisponible, écriture directe en base.[39m
[31m[Nest] 41956  - [39m06/10/2026 16:18:27 [31m  ERROR[39m [38;5;3m[Emargement] [39m[31mÉmargement en mode dégradé : Valkey indisponible, écriture directe en base.[39m
[31m[Nest] 41956  - [39m06/10/2026 16:18:27 [31m  ERROR[39m [38;5;3m[Emargement] [39m[31mÉmargement en mode dégradé : Valkey indisponible, écriture directe en base.[39m
[31m[Nest] 41956  - [39m06/10/2026 16:18:27 [31m  ERROR[39m [38;5;3m[Emargement] [39m[31mÉmargement en mode dégradé : Valkey indisponible, écriture directe en base.[39m
[31m[Nest] 41956  - [39m06/10/2026 16:18:27 [31m  ERROR[39m [38;5;3m[Emargement] [39m[31mÉmargement en mode dégradé : Valkey indisponible, écriture directe en base.[39m
[31m[Nest] 41956  - [39m06/10/2026 16:18:27 [31m  ERROR[39m [38;5;3m[Emargement] [39m[31mÉmargement en mode dégradé : Valkey indisponible, écriture directe en base.[39m
[31m[Nest] 41956  - [39m06/10/2026 16:18:27 [31m  ERROR[39m [38;5;3m[Emargement] [39m[31mÉmargement en mode dégradé : Valkey indisponible, écriture directe en base.[39m
[31m[Nest] 41956  - [39m06/10/2026 16:18:27 [31m  ERROR[39m [38;5;3m[Emargement] [39m[31mÉmargement en mode dégradé : Valkey indisponible, écriture directe en base.[39m
[31m[Nest] 41956  - [39m06/10/2026 16:18:27 [31m  ERROR[39m [38;5;3m[Emargement] [39m[31mÉmargement en mode dégradé : Valkey indisponible, écriture directe en base.[39m
[31m[Nest] 41956  - [39m06/10/2026 16:18:27 [31m  ERROR[39m [38;5;3m[Emargement] [39m[31mÉmargement en mode dégradé : Valkey indisponible, écriture directe en base.[39m
[31m[Nest] 41956  - [39m06/10/2026 16:18:28 [31m  ERROR[39m [38;5;3m[Emargement] [39m[31mÉmargement en mode dégradé : Valkey indisponible, écriture directe en base.[39m
[31m[Nest] 41956  - [39m06/10/2026 16:18:28 [31m  ERROR[39m [38;5;3m[Emargement] [39m[31mÉmargement en mode dégradé : Valkey indisponible, écriture directe en base.[39m
[31m[Nest] 41956  - [39m06/10/2026 16:18:28 [31m  ERROR[39m [38;5;3m[Emargement] [39m[31mÉmargement en mode dégradé : Valkey indisponible, écriture directe en base.[39m
[31m[Nest] 41956  - [39m06/10/2026 16:18:28 [31m  ERROR[39m [38;5;3m[Emargement] [39m[31mÉmargement en mode dégradé : Valkey indisponible, écriture directe en base.[39m
[31m[Nest] 41956  - [39m06/10/2026 16:18:28 [31m  ERROR[39m [38;5;3m[Emargement] [39m[31mÉmargement en mode dégradé : Valkey indisponible, écriture directe en base.[39m
[31m[Nest] 41956  - [39m06/10/2026 16:18:28 [31m  ERROR[39m [38;5;3m[Emargement] [39m[31mÉmargement en mode dégradé : Valkey indisponible, écriture directe en base.[39m
[31m[Nest] 41956  - [39m06/10/2026 16:18:28 [31m  ERROR[39m [38;5;3m[Emargement] [39m[31mÉmargement en mode dégradé : Valkey indisponible, écriture directe en base.[39m
[31m[Nest] 41956  - [39m06/10/2026 16:18:28 [31m  ERROR[39m [38;5;3m[Emargement] [39m[31mÉmargement en mode dégradé : Valkey indisponible, écriture directe en base.[39m
[31m[Nest] 41956  - [39m06/10/2026 16:18:28 [31m  ERROR[39m [38;5;3m[Emargement] [39m[31mÉmargement en mode dégradé : Valkey indisponible, écriture directe en base.[39m
[31m[Nest] 41956  - [39m06/10/2026 16:18:28 [31m  ERROR[39m [38;5;3m[Emargement] [39m[31mÉmargement en mode dégradé : Valkey indisponible, écriture directe en base.[39m
[31m[Nest] 41956  - [39m06/10/2026 16:18:28 [31m  ERROR[39m [38;5;3m[Emargement] [39m[31mÉmargement en mode dégradé : Valkey indisponible, écriture directe en base.[39m
[31m[Nest] 41956  - [39m06/10/2026 16:18:28 [31m  ERROR[39m [38;5;3m[Emargement] [39m[31mÉmargement en mode dégradé : Valkey indisponible, écriture directe en base.[39m
[31m[Nest] 41956  - [39m06/10/2026 16:18:28 [31m  ERROR[39m [38;5;3m[Emargement] [39m[31mÉmargement en mode dégradé : Valkey indisponible, écriture directe en base.[39m
[31m[Nest] 41956  - [39m06/10/2026 16:18:28 [31m  ERROR[39m [38;5;3m[Emargement] [39m[31mÉmargement en mode dégradé : Valkey indisponible, écriture directe en base.[39m
[31m[Nest] 41956  - [39m06/10/2026 16:18:28 [31m  ERROR[39m [38;5;3m[Emargement] [39m[31mÉmargement en mode dégradé : Valkey indisponible, écriture directe en base.[39m
[31m[Nest] 41956  - [39m06/10/2026 16:18:28 [31m  ERROR[39m [38;5;3m[Emargement] [39m[31mÉmargement en mode dégradé : Valkey indisponible, écriture directe en base.[39m
[31m[Nest] 41956  - [39m06/10/2026 16:18:28 [31m  ERROR[39m [38;5;3m[Emargement] [39m[31mÉmargement en mode dégradé : Valkey indisponible, écriture directe en base.[39m
[31m[Nest] 41956  - [39m06/10/2026 16:18:28 [31m  ERROR[39m [38;5;3m[Emargement] [39m[31mÉmargement en mode dégradé : Valkey indisponible, écriture directe en base.[39m
[31m[Nest] 41956  - [39m06/10/2026 16:18:28 [31m  ERROR[39m [38;5;3m[Emargement] [39m[31mÉmargement en mode dégradé : Valkey indisponible, écriture directe en base.[39m
[31m[Nest] 41956  - [39m06/10/2026 16:18:28 [31m  ERROR[39m [38;5;3m[Emargement] [39m[31mÉmargement en mode dégradé : Valkey indisponible, écriture directe en base.[39m
[31m[Nest] 41956  - [39m06/10/2026 16:18:28 [31m  ERROR[39m [38;5;3m[Emargement] [39m[31mÉmargement en mode dégradé : Valkey indisponible, écriture directe en base.[39m
[31m[Nest] 41956  - [39m06/10/2026 16:18:28 [31m  ERROR[39m [38;5;3m[Emargement] [39m[31mÉmargement en mode dégradé : Valkey indisponible, écriture directe en base.[39m
[31m[Nest] 41956  - [39m06/10/2026 16:18:28 [31m  ERROR[39m [38;5;3m[Emargement] [39m[31mÉmargement en mode dégradé : Valkey indisponible, écriture directe en base.[39m
[31m[Nest] 41956  - [39m06/10/2026 16:18:29 [31m  ERROR[39m [38;5;3m[Emargement] [39m[31mÉmargement en mode dégradé : Valkey indisponible, écriture directe en base.[39m
[31m[Nest] 41956  - [39m06/10/2026 16:18:29 [31m  ERROR[39m [38;5;3m[Emargement] [39m[31mÉmargement en mode dégradé : Valkey indisponible, écriture directe en base.[39m
[31m[Nest] 41956  - [39m06/10/2026 16:18:29 [31m  ERROR[39m [38;5;3m[Emargement] [39m[31mÉmargement en mode dégradé : Valkey indisponible, écriture directe en base.[39m
[31m[Nest] 41956  - [39m06/10/2026 16:18:29 [31m  ERROR[39m [38;5;3m[Emargement] [39m[31mÉmargement en mode dégradé : Valkey indisponible, écriture directe en base.[39m
[31m[Nest] 41956  - [39m06/10/2026 16:18:29 [31m  ERROR[39m [38;5;3m[Emargement] [39m[31mÉmargement en mode dégradé : Valkey indisponible, écriture directe en base.[39m
[31m[Nest] 41956  - [39m06/10/2026 16:18:29 [31m  ERROR[39m [38;5;3m[Emargement] [39m[31mÉmargement en mode dégradé : Valkey indisponible, écriture directe en base.[39m
[31m[Nest] 41956  - [39m06/10/2026 16:18:29 [31m  ERROR[39m [38;5;3m[Emargement] [39m[31mÉmargement en mode dégradé : Valkey indisponible, écriture directe en base.[39m
[31m[Nest] 41956  - [39m06/10/2026 16:18:29 [31m  ERROR[39m [38;5;3m[Emargement] [39m[31mÉmargement en mode dégradé : Valkey indisponible, écriture directe en base.[39m
[31m[Nest] 41956  - [39m06/10/2026 16:18:29 [31m  ERROR[39m [38;5;3m[Emargement] [39m[31mÉmargement en mode dégradé : Valkey indisponible, écriture directe en base.[39m
[31m[Nest] 41956  - [39m06/10/2026 16:18:29 [31m  ERROR[39m [38;5;3m[Emargement] [39m[31mÉmargement en mode dégradé : Valkey indisponible, écriture directe en base.[39m
[31m[Nest] 41956  - [39m06/10/2026 16:18:29 [31m  ERROR[39m [38;5;3m[Emargement] [39m[31mÉmargement en mode dégradé : Valkey indisponible, écriture directe en base.[39m
[31m[Nest] 41956  - [39m06/10/2026 16:18:29 [31m  ERROR[39m [38;5;3m[Emargement] [39m[31mÉmargement en mode dégradé : Valkey indisponible, écriture directe en base.[39m
[31m[Nest] 41956  - [39m06/10/2026 16:18:29 [31m  ERROR[39m [38;5;3m[Emargement] [39m[31mÉmargement en mode dégradé : Valkey indisponible, écriture directe en base.[39m
[ioredis] Unhandled error event: AggregateError [ECONNREFUSED]: 
    at internalConnectMultiple (node:net:1194:18)
    at afterConnectMultiple (node:net:1784:7)
